Drumming_bout,Subspecies,Population,Community,Individual,Pop_com_code,Com_indiv_code,Date,Date_year,Date_month,Date_day,Days_before_2024,With_Ph,Start_Ph,End_Ph,Start_Ph_N,End_Ph_N,Context_Before,Context_After,Context,Total_bout_duration,N_hits,Bout_cv,Bout_npvi,Bout_entropy,Interbeat 1,Interbeat 2,Interbeat 3,Interbeat 4,Interbeat 5,Interbeat 6,Interbeat 7,Interbeat 8,Interbeat 9,Interbeat 10,Interbeat 11,Interbeat 12,Interbeat 13,Interbeat 14,Interbeat 15,Interbeat 16,Interbeat 17,Interbeat 18,Interbeat 19,Interbeat 20,Interbeat 21,Interbeat 22,Interbeat 23,Interbeat 24,Interbeat 25,Interbeat 26,Interbeat 27
3,Eastern,Budongo,Sonso,Individual 48,Budongo (Sonso),Sonso (Individual 48),16.10.18,2018.0,10,16,1903.0,With,Build-Up,Build-Up,1,1,Resting,Resting,Resting,0.73884,4,0.7968064452504103,131.85709833780962,1.3082708345352603,0.089657,0.523,0.126184,,,,,,,,,,,,,,,,,,,,,,,,
6,Eastern,Budongo,Sonso,Individual 60,Budongo (Sonso),Sonso (Individual 60),27.10.18,2018.0,10,27,1892.0,With,Climax,Climax,2,2,Traveling,Feeding,Traveling,1.47768,5,1.1827549695311768,133.42829228752453,1.4338343733773984,0.073054,0.189276,1.122375,0.092978,,,,,,,,,,,,,,,,,,,,,,,
7,Eastern,Budongo,Sonso,Individual 60,Budongo (Sonso),Sonso (Individual 60),27.10.18,2018.0,10,27,1892.0,With,Climax,Climax,2,2,Traveling,Resting,Traveling,1.26184,13,0.3161401503352338,44.81379404532329,0.0,0.119543,0.092978,0.076375,0.109581,0.109581,0.109581,0.149429,0.083016,0.149429,0.066413,0.152749,0.043168,,,,,,,,,,,,,,,
8,Eastern,Budongo,Sonso,Individual 60,Budongo (Sonso),Sonso (Individual 60),27.10.18,2018.0,10,27,1892.0,With,Climax,Let-Down,2,3,Traveling,Traveling,Traveling,1.49429,15,0.2963023739637251,49.75437194488172,0.0,0.06593,0.131165,0.059771,0.111241,0.059771,0.164371,0.079695,0.126184,0.141127,0.086337,0.129505,0.097959,0.132825,0.108403,,,,,,,,,,,,,
9,Eastern,Budongo,Sonso,Individual 60,Budongo (Sonso),Sonso (Individual 60),27.10.18,2018.0,10,27,1892.0,With,Climax,Climax,2,2,Traveling,Resting,Traveling,1.57962,16,0.31509821838034985,41.72997479964582,0.0,0.12186,0.10294,0.092978,0.069733,0.092978,0.142787,0.112902,0.122864,0.109581,0.063092,0.079695,0.162711,0.056451,0.169352,0.079695,,,,,,,,,,,,
11,Eastern,Budongo,Sonso,Individual 55,Budongo (Sonso),Sonso (Individual 55),05.11.18,2018.0,11,05,1883.0,With,Climax,Climax,2,2,Resting,Resting,Resting,1.28763,5,0.8960435408603822,148.8986317979857,1.4338343733773984,0.076215,0.786219,0.084238,0.340962,,,,,,,,,,,,,,,,,,,,,,,
14,Eastern,Budongo,Sonso,Individual 58,Budongo (Sonso),Sonso (Individual 58),13.11.18,2018.0,11,13,1875.0,With,Unk,Let-Down,0,3,Traveling,Traveling,Traveling,1.45361,6,0.9066270770402146,156.77759145704974,2.384080545409061,0.078676,0.642543,0.068073,0.582771,0.081545,,,,,,,,,,,,,,,,,,,,,,
16,Eastern,Budongo,Sonso,Individual 58,Budongo (Sonso),Sonso (Individual 58),13.11.18,2018.0,11,13,1875.0,With,Climax,Climax,2,2,Traveling,Traveling,Traveling,1.38739,6,0.903296617792625,145.386159037049,2.384080545409061,0.06247,0.677913,0.112317,0.467319,0.067285,,,,,,,,,,,,,,,,,,,,,,
17,Eastern,Budongo,Sonso,Individual 58,Budongo (Sonso),Sonso (Individual 58),13.11.18,2018.0,11,13,1875.0,With,Let-Down,Let-Down,3,3,Traveling,Traveling,Traveling,0.89854,4,1.130437910638279,171.34490459052367,1.3082708345352603,0.050142,0.778196,0.070198,,,,,,,,,,,,,,,,,,,,,,,,
18,Eastern,Budongo,Sonso,Individual 58,Budongo (Sonso),Sonso (Individual 58),13.11.18,2018.0,11,13,1875.0,With,Climax,Climax,2,2,Traveling,Traveling,Traveling,0.84577,3,0.7358501720325857,147.17003440651712,1.0,0.111705,0.734065,,,,,,,,,,,,,,,,,,,,,,,,,
19,Eastern,Budongo,Sonso,Individual 58,Budongo (Sonso),Sonso (Individual 58),13.11.18,2018.0,11,13,1875.0,With,Let-Down,Let-Down,3,3,Traveling,Traveling,Traveling,0.70614,4,1.019599952698367,159.01005626067646,1.3082708345352603,0.053567,0.574485,0.078086,,,,,,,,,,,,,,,,,,,,,,,,
22,Eastern,Budongo,Sonso,Individual 47,Budongo (Sonso),Sonso (Individual 47),13.11.18,2018.0,11,13,1875.0,With,Unk,Unk,0,0,Traveling,Traveling,Traveling,1.44673,4,1.1511472473355415,173.58169618388516,1.3082708345352603,0.071511,1.267031,0.108184,,,,,,,,,,,,,,,,,,,,,,,,
23,Eastern,Budongo,Sonso,Individual 47,Budongo (Sonso),Sonso (Individual 47),13.11.18,2018.0,11,13,1875.0,With,Build-Up,Let-Down,1,3,Traveling,Traveling,Traveling,2.04176,8,0.885138499938076,158.8878478090556,3.417030077849957,0.072204,0.581641,0.068192,0.581641,0.064181,0.605709,0.068192,,,,,,,,,,,,,,,,,,,,
25,Eastern,Budongo,Sonso,Individual 57,Budongo (Sonso),Sonso (Individual 57),22.11.18,2018.0,11,22,1866.0,With,Build-Up,Build-Up,1,1,Traveling,Traveling,Traveling,4.39091,8,0.5419514855069726,40.08680499425088,2.7664414810694944,0.104886,0.161515,0.550621,0.948826,0.910359,0.966594,0.748104,,,,,,,,,,,,,,,,,,,,
33,Eastern,Budongo,Sonso,Individual 56,Budongo (Sonso),Sonso (Individual 56),31.03.19,2019.0,03,31,1737.0,With,Climax,Climax,2,2,Traveling,Traveling,Traveling,2.22895,13,0.443794985083831,66.57896420345413,0.0,0.148619,0.208388,0.077477,0.199741,0.116216,0.189686,0.092171,0.238227,0.081485,0.354858,0.27785,0.244231,,,,,,,,,,,,,,,
43,Eastern,Budongo,Sonso,Individual 55,Budongo (Sonso),Sonso (Individual 55),16.04.19,2019.0,04,16,1721.0,With,Roar,Climax,1,2,Resting,Resting,Resting,1.11407,4,0.9614517482254707,152.344502399918,1.3082708345352603,0.167692,0.873327,0.073054,,,,,,,,,,,,,,,,,,,,,,,,
44,Eastern,Budongo,Sonso,Individual 58,Budongo (Sonso),Sonso (Individual 58),07.06.19,2019.0,06,07,1669.0,With,Climax,Let-Down,2,3,Traveling,Traveling,Traveling,0.84676,4,0.9235907877261113,147.69509622212917,1.3082708345352603,0.097129,0.650921,0.098713,,,,,,,,,,,,,,,,,,,,,,,,
49,Eastern,Budongo,Sonso,Individual 58,Budongo (Sonso),Sonso (Individual 58),07.06.19,2019.0,06,07,1669.0,With,Pause,Climax,1,2,Traveling,Traveling,Traveling,0.78367,3,0.7711868516084577,154.23737032169151,1.0,0.089657,0.694013,,,,,,,,,,,,,,,,,,,,,,,,,
50,Eastern,Budongo,Sonso,Individual 56,Budongo (Sonso),Sonso (Individual 56),26.06.19,2019.0,06,26,1650.0,With,Let-Down,Let-Down,3,3,Traveling,Resting,Traveling,0.42836,4,0.67796592894896,115.88433862202882,0.0,0.087167,0.278933,0.062262,,,,,,,,,,,,,,,,,,,,,,,,
51,Eastern,Budongo,Sonso,Individual 48,Budongo (Sonso),Sonso (Individual 48),14.07.19,2019.0,07,14,1632.0,With,Build-Up,Build-Up,1,1,Traveling,Traveling,Traveling,1.74665,5,0.9122690204044198,162.18473934243482,2.0,0.082644,0.571149,0.063092,1.029768,,,,,,,,,,,,,,,,,,,,,,,
52,Eastern,Budongo,Sonso,Individual 48,Budongo (Sonso),Sonso (Individual 48),14.07.19,2019.0,07,14,1632.0,With,Build-Up,Climax,1,2,Traveling,Resting,Traveling,1.04419,6,0.588406813838475,81.988962127913,1.4945555226170317,0.101181,0.210457,0.437102,0.101181,0.194268,,,,,,,,,,,,,,,,,,,,,,
55,Eastern,Budongo,Sonso,Individual 58,Budongo (Sonso),Sonso (Individual 58),22.07.19,2019.0,07,22,1624.0,With,Build-Up,Build-Up,1,1,Traveling,Traveling,Traveling,0.92978,4,0.9978447503926388,156.48216682013665,1.3082708345352603,0.081738,0.747143,0.100897,,,,,,,,,,,,,,,,,,,,,,,,
56,Eastern,Budongo,Sonso,Individual 58,Budongo (Sonso),Sonso (Individual 58),22.07.19,2019.0,07,22,1624.0,With,Build-Up,Roar,1,1,Traveling,Traveling,Traveling,0.93891,4,1.0081839795331529,157.69887773568314,1.3082708345352603,0.10709,0.758765,0.073054,,,,,,,,,,,,,,,,,,,,,,,,
59,Eastern,Budongo,Sonso,Individual 47,Budongo (Sonso),Sonso (Individual 47),27.07.19,2019.0,07,27,1619.0,With,Roar,Unk,1,0,Traveling,Resting,Traveling,0.97627,5,0.5662188859857761,57.09792689160161,1.4338343733773984,0.442772,0.292216,0.166032,0.075247,,,,,,,,,,,,,,,,,,,,,,,
60,Eastern,Budongo,Sonso,Individual 47,Budongo (Sonso),Sonso (Individual 47),27.07.19,2019.0,07,27,1619.0,With,Build-Up,Let-Down,1,3,Resting,Resting,Resting,1.12071,5,1.056555944134687,145.50177417106167,1.4338343733773984,0.028225,0.777029,0.086337,0.229124,,,,,,,,,,,,,,,,,,,,,,,
69,Eastern,Budongo,Sonso,Individual 47,Budongo (Sonso),Sonso (Individual 47),13.10.18,2018.0,10,13,1906.0,With,Roar,Let-Down,1,3,Traveling,Resting,Traveling,1.65469,7,0.7764329729681323,125.38239345507256,2.6165416690705205,0.060781,0.332064,0.6276,0.073054,0.454927,0.10626,,,,,,,,,,,,,,,,,,,,,
72,Eastern,Budongo,Sonso,Individual 56,Budongo (Sonso),Sonso (Individual 56),31.10.18,2018.0,10,31,1888.0,With,Climax,Let-Down,2,3,Traveling,Traveling,Traveling,1.59557,12,0.37319252829097993,62.83052389902396,0.0,0.158818,0.129505,0.162711,0.066413,0.149429,0.10626,0.259001,0.086337,0.215841,0.099619,0.161623,,,,,,,,,,,,,,,,
73,Eastern,Budongo,Sonso,Individual 49,Budongo (Sonso),Sonso (Individual 49),31.10.18,2018.0,10,31,1888.0,With,Build-Up,Build-Up,1,1,Traveling,Traveling,Traveling,0.38519,3,0.07758687830028504,15.51737566005701,0.0,0.20754,0.177654,,,,,,,,,,,,,,,,,,,,,,,,,
76,Eastern,Budongo,Sonso,Individual 60,Budongo (Sonso),Sonso (Individual 60),01.12.18,2018.0,12,01,1857.0,With,Build-Up,Let-Down,1,3,Traveling,Traveling,Traveling,2.5901,15,1.0186378491774615,74.65788615960747,3.0895663114770664,0.081623,0.132825,0.119543,0.534622,0.086337,0.096298,0.146108,0.063092,0.711993,0.249048,0.10294,0.056451,0.05313,0.156086,,,,,,,,,,,,,
92,Eastern,Budongo,Sonso,Individual 60,Budongo (Sonso),Sonso (Individual 60),16.06.19,2019.0,06,16,1660.0,With,Build-Up,Build-Up,1,1,Traveling,Traveling,Traveling,0.38851,3,0.05982795986759815,11.965591973519631,0.0,0.182635,0.205879,,,,,,,,,,,,,,,,,,,,,,,,,
94,Eastern,Budongo,Sonso,Individual 49,Budongo (Sonso),Sonso (Individual 49),18.06.19,2019.0,06,18,1658.0,With,Build-Up,Build-Up,1,1,Traveling,Traveling,Traveling,0.48184,4,0.2044233061266367,36.473777539602125,0.0,0.202902,0.122864,0.15607,,,,,,,,,,,,,,,,,,,,,,,,
102,Eastern,Budongo,Sonso,Individual 49,Budongo (Sonso),Sonso (Individual 49),02.07.19,2019.0,07,02,1644.0,With,Build-Up,Let-Down,1,3,Traveling,Traveling,Traveling,1.82465,6,1.2610555444429583,106.99826276571301,1.4945555226170317,0.114517,0.166032,1.281765,0.189276,0.073054,,,,,,,,,,,,,,,,,,,,,,
106,Eastern,Budongo,Sonso,Individual 49,Budongo (Sonso),Sonso (Individual 49),04.07.19,2019.0,07,04,1642.0,With,Build-Up,Climax,1,2,Traveling,Resting,Traveling,0.91982,6,0.6911831312104718,62.520574171861256,0.0,0.132825,0.099619,0.099619,0.435003,0.152749,,,,,,,,,,,,,,,,,,,,,,
107,Eastern,Budongo,Sonso,Individual 49,Budongo (Sonso),Sonso (Individual 49),04.07.19,2019.0,07,04,1642.0,With,Build-Up,Climax,1,2,Resting,Resting,Resting,0.97209,6,0.800683787795438,83.33926229120051,0.0,0.112041,0.073054,0.498095,0.179314,0.109581,,,,,,,,,,,,,,,,,,,,,,
118,Eastern,Budongo,Sonso,Individual 49,Budongo (Sonso),Sonso (Individual 49),27.07.19,2019.0,07,27,1619.0,With,Build-Up,Climax,1,2,Resting,Resting,Resting,1.1257,8,0.5010587931673737,59.19238798624447,0.0,0.136146,0.092978,0.215841,0.132825,0.335384,0.10626,0.10626,,,,,,,,,,,,,,,,,,,,
119,Eastern,Budongo,Sonso,Individual 47,Budongo (Sonso),Sonso (Individual 47),27.07.19,2019.0,07,27,1619.0,With,Build-Up,Build-Up,1,1,Traveling,Resting,Traveling,1.07589,4,1.1265389611476224,170.92599822912499,1.3082708345352603,0.059771,0.929778,0.086337,,,,,,,,,,,,,,,,,,,,,,,,
128,Eastern,Budongo,Sonso,Individual 48,Budongo (Sonso),Sonso (Individual 48),06.03.19,2019.0,03,06,1762.0,With,Build-Up,Build-Up,1,1,Traveling,Traveling,Traveling,0.80822,3,0.7831145820960526,156.62291641921053,1.0,0.087646,0.720578,,,,,,,,,,,,,,,,,,,,,,,,,
129,Eastern,Budongo,Sonso,Individual 55,Budongo (Sonso),Sonso (Individual 55),06.12.19,2019.0,12,06,1487.0,With,Climax,Climax,2,2,Traveling,Traveling,Traveling,0.27229,3,0.34146431037268815,68.29286207453762,0.0,0.182635,0.089657,,,,,,,,,,,,,,,,,,,,,,,,,
130,Eastern,Budongo,Sonso,Individual 60,Budongo (Sonso),Sonso (Individual 60),06.12.19,2019.0,12,06,1487.0,With,Climax,Climax,2,2,Traveling,Traveling,Traveling,0.73718,5,0.39526797755065973,55.56940123417424,0.0,0.083016,0.185956,0.288895,0.179314,,,,,,,,,,,,,,,,,,,,,,,
131,Eastern,Budongo,Sonso,Individual 60,Budongo (Sonso),Sonso (Individual 60),06.12.19,2019.0,12,06,1487.0,With,Build-Up,Climax,1,2,Traveling,Resting,Traveling,0.48149,5,0.129943058659376,15.885304420975086,0.0,0.096298,0.126184,0.119543,0.139467,,,,,,,,,,,,,,,,,,,,,,,
132,Eastern,Budongo,Sonso,Individual 57,Budongo (Sonso),Sonso (Individual 57),06.12.19,2019.0,12,06,1487.0,With,Unk,Unk,0,0,Resting,Resting,Resting,1.38706,5,0.6705072317124963,117.16852328388426,1.4338343733773984,0.1551,0.717257,0.142787,0.371911,,,,,,,,,,,,,,,,,,,,,,,
135,Eastern,Budongo,Sonso,Individual 56,Budongo (Sonso),Sonso (Individual 56),21.11.19,2019.0,11,21,1502.0,With,Build-Up,Build-Up,1,1,Traveling,Traveling,Traveling,2.38422,8,0.4581984129258362,59.32855140134792,1.544783155738533,0.245727,0.292216,0.67741,0.172673,0.292216,0.438324,0.265651,,,,,,,,,,,,,,,,,,,,
139,Eastern,Budongo,Sonso,Individual 57,Budongo (Sonso),Sonso (Individual 57),09.12.19,2019.0,12,09,1484.0,With,Build-Up,Build-Up,1,1,Resting,Resting,Resting,2.47885,6,1.1365206338842715,171.8495235002283,2.255309307454116,0.064752,0.737181,0.073054,1.500927,0.10294,,,,,,,,,,,,,,,,,,,,,,
140,Eastern,Budongo,Sonso,Individual 49,Budongo (Sonso),Sonso (Individual 49),09.12.19,2019.0,12,09,1484.0,With,Build-Up,Build-Up,1,1,Traveling,Traveling,Traveling,0.38851,3,0.1282064481588823,25.64128963177646,0.0,0.219162,0.169352,,,,,,,,,,,,,,,,,,,,,,,,,
141,Eastern,Budongo,Sonso,Individual 57,Budongo (Sonso),Sonso (Individual 57),09.12.19,2019.0,12,09,1484.0,With,Build-Up,Roar,1,1,Traveling,Resting,Traveling,0.99685,4,1.1223111865007755,170.5148870318546,1.3082708345352603,0.046489,0.859044,0.0913171,,,,,,,,,,,,,,,,,,,,,,,,
144,Eastern,Budongo,Sonso,Individual 48,Budongo (Sonso),Sonso (Individual 48),10.12.19,2019.0,12,10,1483.0,With,Climax,Climax,2,2,Resting,Traveling,Traveling,1.08585,4,1.0252271193443863,159.63269060615553,1.3082708345352603,0.109581,0.88661,0.089657,,,,,,,,,,,,,,,,,,,,,,,,
155,Eastern,Budongo,Sonso,Individual 48,Budongo (Sonso),Sonso (Individual 48),19.12.19,2019.0,12,19,1474.0,With,Build-Up,Build-Up,1,1,Traveling,Traveling,Traveling,0.18596,3,0.17856912387876703,35.71382477575341,0.0,0.109581,0.076375,,,,,,,,,,,,,,,,,,,,,,,,,
156,Eastern,Budongo,Sonso,Individual 47,Budongo (Sonso),Sonso (Individual 47),23.12.19,2019.0,12,23,1470.0,With,Roar,Roar,1,1,Feeding,Resting,Resting,1.21867,5,0.773243278617858,108.54633004017843,1.4338343733773984,0.069733,0.650845,0.391835,0.10626,,,,,,,,,,,,,,,,,,,,,,,
164,Eastern,Budongo,Sonso,Individual 49,Budongo (Sonso),Sonso (Individual 49),27.12.19,2019.0,12,27,1466.0,With,Build-Up,Climax,1,2,Resting,Traveling,Traveling,0.80027,5,0.8337950964315101,89.14845663736367,0.0,0.122864,0.488133,0.10294,0.086337,,,,,,,,,,,,,,,,,,,,,,,
173,Eastern,Budongo,Sonso,Individual 48,Budongo (Sonso),Sonso (Individual 48),04.01.20,2020.0,01,04,1458.0,With,Unk,Unk,0,0,Resting,Resting,Resting,1.07589,4,0.7153443849272424,129.1916776763767,1.3082708345352603,0.282254,0.089657,0.703975,,,,,,,,,,,,,,,,,,,,,,,,
175,Eastern,Budongo,Sonso,Individual 48,Budongo (Sonso),Sonso (Individual 48),06.03.19,2019.0,03,06,1762.0,With,Build-Up,Build-Up,1,1,Traveling,Traveling,Traveling,2.76277,9,0.7375541009133671,81.12704689531417,3.7108918901656924,0.162711,0.192597,0.10626,0.252368,0.47153,0.710616,0.092978,0.773708,,,,,,,,,,,,,,,,,,,
177,Eastern,Budongo,Sonso,Individual 55,Budongo (Sonso),Sonso (Individual 55),06.01.20,2020.0,01,06,1456.0,With,Climax,Climax,2,2,Traveling,Traveling,Traveling,0.29554,4,0.19022418890899284,25.268758220291122,0.0,0.072224,0.114562,0.108751,,,,,,,,,,,,,,,,,,,,,,,,
186,Eastern,Budongo,Sonso,Individual 49,Budongo (Sonso),Sonso (Individual 49),10.01.20,2020.0,01,10,1452.0,With,Climax,Climax,2,2,Resting,Resting,Resting,1.55406,4,0.9477360046189276,150.8735425376754,1.3082708345352603,0.073054,1.20207,0.278933,,,,,,,,,,,,,,,,,,,,,,,,
187,Eastern,Budongo,Sonso,Individual 49,Budongo (Sonso),Sonso (Individual 49),10.01.20,2020.0,01,10,1452.0,Unk,Unk,Unk,0,0,Resting,Resting,Resting,0.75711,4,0.5325566319791665,87.01313751770056,0.0,0.078035,0.405118,0.273952,,,,,,,,,,,,,,,,,,,,,,,,
190,Eastern,Budongo,Sonso,Individual 49,Budongo (Sonso),Sonso (Individual 49),10.01.20,2020.0,01,10,1452.0,With,Build-Up,Build-Up,1,1,Traveling,Traveling,Traveling,0.40183,3,0.03298699682697683,6.597399365395367,0.0,0.194285,0.20754,,,,,,,,,,,,,,,,,,,,,,,,,
217,Eastern,Budongo,Sonso,Individual 56,Budongo (Sonso),Sonso (Individual 56),20.01.20,2020.0,01,20,1442.0,With,Climax,Climax,2,2,Traveling,Traveling,Traveling,0.94188,5,0.20956656118384423,19.59539465694122,0.0,0.159552,0.22559,0.268403,0.288334,,,,,,,,,,,,,,,,,,,,,,,
218,Eastern,Budongo,Sonso,Individual 57,Budongo (Sonso),Sonso (Individual 57),20.01.20,2020.0,01,20,1442.0,With,Build-Up,Unk,1,1,Traveling,Traveling,Traveling,0.85165,3,0.8013625283566528,160.27250567133052,1.0,0.084585,0.767067,,,,,,,,,,,,,,,,,,,,,,,,,
220,Eastern,Budongo,Sonso,Individual 48,Budongo (Sonso),Sonso (Individual 48),20.01.20,2020.0,01,20,1442.0,With,Build-Up,Build-Up,1,1,Resting,Resting,Resting,0.71394,3,0.7488374308061225,149.7674861612245,1.0,0.089657,0.624279,,,,,,,,,,,,,,,,,,,,,,,,,
226,Eastern,Budongo,Sonso,Individual 57,Budongo (Sonso),Sonso (Individual 57),23.01.20,2020.0,01,23,1439.0,With,Build-Up,Climax,1,2,Traveling,Traveling,Traveling,3.73004,12,1.175297452593059,103.04597417701665,2.760809020915306,0.083981,0.252368,0.059771,0.192597,0.066413,0.185956,0.099619,0.36527,1.487645,0.285575,0.650845,,,,,,,,,,,,,,,,
235,Eastern,Budongo,Sonso,Individual 55,Budongo (Sonso),Sonso (Individual 55),29.01.20,2020.0,01,29,1433.0,With,Build-Up,Climax,1,2,Resting,Traveling,Traveling,2.47455,7,0.5654770006649417,65.89905646918113,2.6165416690705205,0.156742,0.637562,0.239086,0.275613,0.355308,0.810235,,,,,,,,,,,,,,,,,,,,,
237,Eastern,Budongo,Sonso,Individual 55,Budongo (Sonso),Sonso (Individual 55),29.01.20,2020.0,01,29,1433.0,With,Unk,Unk,0,0,Resting,Resting,Resting,3.07491,4,0.6200774154800378,84.61711708465383,1.3082708345352603,0.126184,1.467721,1.481003,,,,,,,,,,,,,,,,,,,,,,,,
238,Eastern,Budongo,Sonso,Individual 55,Budongo (Sonso),Sonso (Individual 55),29.01.20,2020.0,01,29,1433.0,With,Build-Up,Unk,1,0,Resting,Resting,Resting,2.31521,5,0.8646788815460024,122.58077124944278,2.0,0.110306,0.777029,1.30833,0.119543,,,,,,,,,,,,,,,,,,,,,,,
245,Eastern,Budongo,Sonso,Individual 57,Budongo (Sonso),Sonso (Individual 57),27.02.20,2020.0,02,27,1404.0,With,Unk,Unk,0,0,Traveling,Traveling,Traveling,0.80359,3,0.8016533245063111,160.33066490126217,1.0,0.079695,0.723898,,,,,,,,,,,,,,,,,,,,,,,,,
246,Eastern,Budongo,Sonso,Individual 60,Budongo (Sonso),Sonso (Individual 60),27.02.20,2020.0,02,27,1404.0,With,Climax,Climax,2,2,Traveling,Traveling,Traveling,0.25237,3,0.3157875967333547,63.157519346670945,0.0,0.166032,0.086337,,,,,,,,,,,,,,,,,,,,,,,,,
249,Eastern,Budongo,Sonso,Individual 56,Budongo (Sonso),Sonso (Individual 56),27.02.20,2020.0,02,27,1404.0,With,Build-Up,Build-Up,1,1,Traveling,Resting,Traveling,1.43451,5,1.179311156700257,138.08958198730318,1.4338343733773984,0.152749,0.066413,1.089168,0.126184,,,,,,,,,,,,,,,,,,,,,,,
250,Eastern,Budongo,Sonso,Individual 56,Budongo (Sonso),Sonso (Individual 56),27.02.20,2020.0,02,27,1404.0,With,Let-Down,Unk,3,0,Resting,Resting,Resting,1.57624,4,0.9994975879325178,107.8732955404547,1.3082708345352603,0.098552,0.212521,1.265162,,,,,,,,,,,,,,,,,,,,,,,,
251,Eastern,Budongo,Sonso,Individual 56,Budongo (Sonso),Sonso (Individual 56),27.02.20,2020.0,02,27,1404.0,Without,0,0,0,0,Resting,Resting,Resting,1.75994,9,0.5466093042183912,76.47459394292329,0.0,0.073054,0.305498,0.139467,0.192597,0.059771,0.438324,0.272771,0.278454,,,,,,,,,,,,,,,,,,,
267,Eastern,Budongo,Sonso,Individual 56,Budongo (Sonso),Sonso (Individual 56),13.03.20,2020.0,03,13,1389.0,With,Let-Down,Let-Down,3,3,Traveling,Traveling,Traveling,2.14513,11,0.41884151446490825,50.93511704659138,0.0,0.166032,0.15939,0.425041,0.192597,0.179314,0.197578,0.307159,0.079695,0.185956,0.252368,,,,,,,,,,,,,,,,,
271,Eastern,Budongo,Sonso,Individual 60,Budongo (Sonso),Sonso (Individual 60),05.07.11,2011.0,07,05,4563.0,With,Build-Up,Build-Up,1,1,Resting,Traveling,Traveling,0.57718,7,0.43066250966823916,76.03367861195018,0.0,0.099203,0.128062,0.11724,0.028859,0.147903,0.055914,,,,,,,,,,,,,,,,,,,,,
272,Eastern,Budongo,Sonso,Individual 60,Budongo (Sonso),Sonso (Individual 60),05.07.11,2011.0,07,05,4563.0,With,Let-Down,Let-Down,3,3,Traveling,Traveling,Traveling,0.54699,4,0.21659490337915566,25.376402121850745,0.0,0.212311,0.208147,0.126532,,,,,,,,,,,,,,,,,,,,,,,,
273,Eastern,Budongo,Sonso,Individual 47,Budongo (Sonso),Sonso (Individual 47),02.08.11,2011.0,08,02,4535.0,With,Build-Up,Build-Up,1,1,Resting,Resting,Resting,1.12917,5,0.9233627832356668,165.4957187112575,1.4338343733773984,0.332563,0.042537,0.688327,0.065739,,,,,,,,,,,,,,,,,,,,,,,
274,Eastern,Budongo,Sonso,Individual 60,Budongo (Sonso),Sonso (Individual 60),31.08.11,2011.0,08,31,4506.0,With,Climax,Climax,2,2,Traveling,Traveling,Traveling,0.52978,5,0.3712595613439276,69.71830540425991,0.0,0.166281,0.058005,0.119877,0.185616,,,,,,,,,,,,,,,,,,,,,,,
276,Eastern,Budongo,Sonso,Individual 60,Budongo (Sonso),Sonso (Individual 60),21.06.21,2021.0,06,21,924.0,With,Build-Up,Climax,1,2,Traveling,Traveling,Traveling,0.86038,5,0.43330444559960934,46.89866077209026,0.0,0.366407,0.176418,0.203559,0.113993,,,,,,,,,,,,,,,,,,,,,,,
282,Eastern,Budongo,Waibira,Individual 92,Budongo (Waibira),Waibira (Individual 92),27.04.17,2017.0,04,27,2440.0,With,Build-Up,Climax,1,2,NV,NV,Traveling,1.49196,7,0.9676578475775508,70.24897952784477,0.0,0.087762,0.109038,0.194141,0.087762,0.242011,0.771243,,,,,,,,,,,,,,,,,,,,,
283,Eastern,Budongo,Waibira,Individual 92,Budongo (Waibira),Waibira (Individual 92),27.04.17,2017.0,04,27,2440.0,With,Build-Up,Climax,1,2,NV,NV,Traveling,1.08445,7,0.5396305373775104,56.56565810972475,0.0,0.224404,0.132825,0.172673,0.10294,0.079695,0.371911,,,,,,,,,,,,,,,,,,,,,
300,Eastern,Budongo,Waibira,Individual 83,Budongo (Waibira),Waibira (Individual 83),15.06.19,2019.0,06,15,1661.0,With,Climax,Climax,2,2,NV,NV,Traveling,0.91296,4,1.1213359657201336,170.35595773196906,1.3082708345352603,0.05313,0.786777,0.073054,,,,,,,,,,,,,,,,,,,,,,,,
309,Eastern,Budongo,Waibira,Individual 79,Budongo (Waibira),Waibira (Individual 79),20.06.19,2019.0,06,20,1656.0,With,Climax,Climax,2,2,NV,NV,Traveling,0.7488,4,0.43467870231891476,62.06625046313344,1.3082708345352603,0.097959,0.345687,0.305158,,,,,,,,,,,,,,,,,,,,,,,,
310,Eastern,Budongo,Waibira,Individual 79,Budongo (Waibira),Waibira (Individual 79),20.06.19,2019.0,06,20,1656.0,With,Climax,Climax,2,2,NV,NV,Traveling,0.42772,3,0.5527022098362495,110.5404419672499,1.0,0.09566,0.332064,,,,,,,,,,,,,,,,,,,,,,,,,
313,Eastern,Budongo,Waibira,Individual 87,Budongo (Waibira),Waibira (Individual 87),23.06.19,2019.0,06,23,1653.0,With,Climax,Let-Down,2,3,NV,NV,Resting,1.04268,5,0.418956657455497,48.70040887362152,1.4338343733773984,0.074714,0.295537,0.351987,0.320441,,,,,,,,,,,,,,,,,,,,,,,
314,Eastern,Budongo,Waibira,Individual 80,Budongo (Waibira),Waibira (Individual 80),23.06.19,2019.0,06,23,1653.0,With,Build-Up,Build-Up,1,1,NV,NV,Traveling,0.56678,4,0.8614000090823788,140.0717253848618,1.3082708345352603,0.075441,0.419072,0.072269,,,,,,,,,,,,,,,,,,,,,,,,
323,Eastern,Budongo,Waibira,Individual 80,Budongo (Waibira),Waibira (Individual 80),03.07.19,2019.0,07,03,1643.0,With,Build-Up,Unk,1,0,NV,NV,Traveling,0.32439,3,0.7402407632905345,148.0481526581069,1.0,0.042131,0.282254,,,,,,,,,,,,,,,,,,,,,,,,,
325,Eastern,Budongo,Waibira,Individual 83,Budongo (Waibira),Waibira (Individual 83),08.07.19,2019.0,07,08,1638.0,With,Roar,Roar,1,1,NV,NV,Traveling,0.46087,4,0.8377949184102642,137.11025298204424,0.0,0.067715,0.335543,0.057608,,,,,,,,,,,,,,,,,,,,,,,,
329,Eastern,Budongo,Waibira,Individual 92,Budongo (Waibira),Waibira (Individual 92),16.07.19,2019.0,07,16,1630.0,With,Unk,Unk,0,0,NV,NV,Traveling,0.84633,6,0.3132189033331786,27.472619582906066,0.0,0.140699,0.126184,0.116222,0.251538,0.21169,,,,,,,,,,,,,,,,,,,,,,
330,Eastern,Budongo,Waibira,Individual 92,Budongo (Waibira),Waibira (Individual 92),16.07.19,2019.0,07,16,1630.0,With,Build-Up,Build-Up,1,1,NV,NV,Traveling,0.37067,4,0.4059467053949438,44.14233045275854,0.0,0.078035,0.099204,0.193427,,,,,,,,,,,,,,,,,,,,,,,,
333,Eastern,Budongo,Waibira,Individual 79,Budongo (Waibira),Waibira (Individual 79),20.07.19,2019.0,07,20,1626.0,With,Climax,Let-Down,2,3,NV,NV,Traveling,0.75711,4,0.4109095802326927,51.279427447681734,1.3082708345352603,0.105724,0.324177,0.327204,,,,,,,,,,,,,,,,,,,,,,,,
334,Eastern,Budongo,Waibira,Individual 79,Budongo (Waibira),Waibira (Individual 79),20.07.19,2019.0,07,20,1626.0,With,Roar,Roar,1,1,NV,NV,Traveling,1.16515,4,0.6811738485073292,91.44746137168733,1.584962500721156,0.101279,0.324177,0.739694,,,,,,,,,,,,,,,,,,,,,,,,
335,Eastern,Budongo,Waibira,Individual 79,Budongo (Waibira),Waibira (Individual 79),20.07.19,2019.0,07,20,1626.0,With,Climax,Climax,2,2,NV,NV,Traveling,0.39652,3,0.48760201353791527,97.52040270758306,1.0,0.101587,0.294929,,,,,,,,,,,,,,,,,,,,,,,,,
336,Eastern,Budongo,Waibira,Individual 79,Budongo (Waibira),Waibira (Individual 79),20.07.19,2019.0,07,20,1626.0,With,Climax,Climax,2,2,NV,NV,Traveling,0.43617,3,0.6620698667730466,132.4139733546093,1.0,0.073698,0.362475,,,,,,,,,,,,,,,,,,,,,,,,,
337,Eastern,Budongo,Waibira,Individual 79,Budongo (Waibira),Waibira (Individual 79),20.07.19,2019.0,07,20,1626.0,With,Build-Up,Let-Down,1,1,NV,NV,Traveling,0.415,3,0.6317975903614459,126.35951807228918,1.0,0.076402,0.338598,,,,,,,,,,,,,,,,,,,,,,,,,
338,Eastern,Budongo,Waibira,Individual 79,Budongo (Waibira),Waibira (Individual 79),20.07.19,2019.0,07,20,1626.0,With,Climax,Let-Down,2,3,NV,NV,Traveling,0.88823,3,0.14906178474244805,29.81235694848961,1.0,0.377914,0.510315,,,,,,,,,,,,,,,,,,,,,,,,,
352,Eastern,Budongo,Waibira,Individual 87,Budongo (Waibira),Waibira (Individual 87),27.11.19,2019.0,11,27,1496.0,With,Climax,Climax,2,2,NV,NV,Resting,1.04435,5,0.3741910688418332,44.28257683005454,1.4338343733773984,0.096414,0.345266,0.320511,0.28216,,,,,,,,,,,,,,,,,,,,,,,
356,Eastern,Budongo,Waibira,Individual 77,Budongo (Waibira),Waibira (Individual 77),23.12.19,2019.0,12,23,1470.0,With,Climax,Climax,2,2,NV,NV,Resting,0.24931,3,0.3925498674346499,78.50997348692998,0.0,0.173589,0.075722,,,,,,,,,,,,,,,,,,,,,,,,,
362,Eastern,Budongo,Waibira,Individual 77,Budongo (Waibira),Waibira (Individual 77),31.12.19,2019.0,12,31,1462.0,With,Climax,Climax,2,2,NV,NV,Traveling,1.75302,4,0.6231933696994041,98.89274553177171,1.3082708345352603,0.094987,0.967995,0.690034,,,,,,,,,,,,,,,,,,,,,,,,
369,Eastern,Budongo,Waibira,Individual 87,Budongo (Waibira),Waibira (Individual 87),18.01.20,2020.0,01,18,1444.0,Without,0,0,0,0,NV,NV,Resting,0.25626,3,0.3012042550866704,60.24085101733409,0.0,0.166722,0.089536,,,,,,,,,,,,,,,,,,,,,,,,,
375,Eastern,Budongo,Waibira,Individual 87,Budongo (Waibira),Waibira (Individual 87),19.01.20,2020.0,01,19,1443.0,With,Build-Up,Build-Up,1,1,NV,NV,Traveling,1.92265,9,0.42748372955738745,68.28092572010078,2.8676687467547968,0.10294,0.249048,0.295537,0.361949,0.04981,0.31546,0.232444,0.31546,,,,,,,,,,,,,,,,,,,
377,Eastern,Budongo,Waibira,Individual 79,Budongo (Waibira),Waibira (Individual 79),19.01.20,2020.0,01,19,1443.0,With,Build-Up,Build-Up,1,1,NV,NV,Traveling,0.61764,3,0.021504505875610046,4.300901175122009,0.0,0.31546,0.302178,,,,,,,,,,,,,,,,,,,,,,,,,
381,Eastern,Budongo,Waibira,Individual 77,Budongo (Waibira),Waibira (Individual 77),23.01.20,2020.0,01,23,1439.0,With,Climax,Climax,2,2,NV,NV,Traveling,0.4139,3,0.6347598350338124,126.95196700676247,0.0,0.075587,0.338316,,,,,,,,,,,,,,,,,,,,,,,,,
413,Eastern,Budongo,Waibira,Individual 92,Budongo (Waibira),Waibira (Individual 92),29.01.20,2020.0,01,29,1433.0,With,Unk,Unk,0,0,NV,NV,Traveling,1.38814,10,0.16505664487187646,24.464234289711403,0.0,0.193146,0.16017,0.116202,0.16331,0.169591,0.10678,0.169591,0.150748,0.158599,,,,,,,,,,,,,,,,,,
426,Eastern,Budongo,Waibira,Individual 79,Budongo (Waibira),Waibira (Individual 79),04.02.20,2020.0,02,04,1427.0,With,Climax,Let-Down,2,3,NV,NV,Traveling,1.00159,6,0.60321819131267,48.92118705548776,2.384080545409061,0.070651,0.062339,0.203642,0.365724,0.299229,,,,,,,,,,,,,,,,,,,,,,
441,Eastern,Budongo,Waibira,Individual 77,Budongo (Waibira),Waibira (Individual 77),05.02.20,2020.0,02,05,1426.0,With,Climax,Climax,2,2,NV,NV,Traveling,0.71238,3,0.6363644020449817,127.27288040899634,1.0,0.582855,0.129523,,,,,,,,,,,,,,,,,,,,,,,,,
442,Eastern,Budongo,Waibira,Individual 83,Budongo (Waibira),Waibira (Individual 83),05.02.20,2020.0,02,05,1426.0,With,Unk,Unk,0,0,NV,NV,Traveling,0.69619,3,0.8511637661091546,170.2327532218309,1.0,0.051809,0.644379,,,,,,,,,,,,,,,,,,,,,,,,,
449,Eastern,Budongo,Waibira,Individual 92,Budongo (Waibira),Waibira (Individual 92),06.02.20,2020.0,02,06,1425.0,With,Climax,Climax,2,2,NV,NV,Resting,0.78604,7,0.345602147384754,44.52661211912647,0.0,0.091756,0.088697,0.177394,0.085639,0.143751,0.198804,,,,,,,,,,,,,,,,,,,,,
451,Eastern,Budongo,Waibira,Individual 92,Budongo (Waibira),Waibira (Individual 92),06.02.20,2020.0,02,06,1425.0,With,Climax,Climax,2,2,NV,NV,Resting,0.69096,6,0.6045600953314545,64.79428062911772,0.0,0.116222,0.056451,0.119543,0.099619,0.299124,,,,,,,,,,,,,,,,,,,,,,
454,Eastern,Budongo,Waibira,Individual 85,Budongo (Waibira),Waibira (Individual 85),08.02.20,2020.0,02,08,1423.0,With,Build-Up,Climax,1,2,NV,NV,Traveling,0.868,3,0.31383014879117965,62.76602975823593,1.0,0.570199,0.297796,,,,,,,,,,,,,,,,,,,,,,,,,
455,Eastern,Budongo,Waibira,Individual 85,Budongo (Waibira),Waibira (Individual 85),08.02.20,2020.0,02,08,1423.0,With,Climax,Climax,2,2,NV,NV,Traveling,0.46416,3,0.742690083677321,148.5380167354642,1.0,0.059717,0.404447,,,,,,,,,,,,,,,,,,,,,,,,,
461,Eastern,Budongo,Waibira,Individual 83,Budongo (Waibira),Waibira (Individual 83),10.02.20,2020.0,02,10,1421.0,With,Build-Up,Build-Up,1,1,NV,NV,Traveling,0.49149,3,0.7840915102363039,156.81830204726077,1.0,0.053058,0.438428,,,,,,,,,,,,,,,,,,,,,,,,,
466,Eastern,Budongo,Waibira,Individual 92,Budongo (Waibira),Waibira (Individual 92),11.02.20,2020.0,02,11,1420.0,With,Build-Up,Build-Up,1,1,NV,NV,Traveling,1.04517,7,0.14471720169366317,12.692759572006068,0.0,0.178484,0.144448,0.141127,0.174333,0.195917,0.21086,,,,,,,,,,,,,,,,,,,,,
475,Eastern,Budongo,Waibira,Individual 83,Budongo (Waibira),Waibira (Individual 83),17.02.20,2020.0,02,17,1414.0,With,Roar,Roar,1,1,NV,NV,Resting,0.37191,3,0.5178577670464171,103.57155340928341,0.0,0.089657,0.282254,,,,,,,,,,,,,,,,,,,,,,,,,
476,Eastern,Budongo,Waibira,Individual 83,Budongo (Waibira),Waibira (Individual 83),17.02.20,2020.0,02,17,1414.0,With,Roar,Roar,1,1,NV,NV,Resting,0.35623,3,0.44079139437220693,88.1582788744414,0.0,0.099604,0.256628,,,,,,,,,,,,,,,,,,,,,,,,,
482,Eastern,Budongo,Waibira,Individual 85,Budongo (Waibira),Waibira (Individual 85),18.02.20,2020.0,02,18,1413.0,With,Climax,Climax,2,2,NV,NV,Traveling,0.78815,3,0.730848188796549,146.16963775930975,1.0,0.106066,0.682084,,,,,,,,,,,,,,,,,,,,,,,,,
495,Eastern,Budongo,Waibira,Individual 92,Budongo (Waibira),Waibira (Individual 92),21.02.20,2020.0,02,21,1410.0,With,Pause,Climax,1,2,NV,NV,Traveling,1.00626,8,0.34548139006203954,60.2103557852718,0.0,0.10295,0.149444,0.073061,0.215863,0.122876,0.212543,0.129518,,,,,,,,,,,,,,,,,,,,
513,Eastern,Budongo,Waibira,Individual 83,Budongo (Waibira),Waibira (Individual 83),28.02.20,2020.0,02,28,1403.0,With,Roar,Climax,1,2,NV,NV,Traveling,1.47104,6,0.9891220977644013,167.39433554628835,2.384080545409061,0.056451,0.635902,0.060602,0.664957,0.05313,,,,,,,,,,,,,,,,,,,,,,
514,Eastern,Budongo,Waibira,Individual 83,Budongo (Waibira),Waibira (Individual 83),28.02.20,2020.0,02,28,1403.0,With,Build-Up,Unk,1,0,NV,NV,Resting,1.30833,5,1.0790462483467103,117.83623055719079,1.4338343733773984,0.086337,0.936419,0.119543,0.166032,,,,,,,,,,,,,,,,,,,,,,,
515,Eastern,Budongo,Waibira,Individual 83,Budongo (Waibira),Waibira (Individual 83),28.02.20,2020.0,02,28,1403.0,With,Roar,Roar,1,1,NV,NV,Traveling,0.74716,4,0.9497485149829359,150.82909542795684,1.3082708345352603,0.086449,0.583529,0.077186,,,,,,,,,,,,,,,,,,,,,,,,
519,Eastern,Budongo,Waibira,Individual 77,Budongo (Waibira),Waibira (Individual 77),29.02.20,2020.0,02,29,1402.0,With,Climax,Let-Down,2,3,NV,NV,Traveling,2.09743,9,0.8050975745217233,95.07800146382611,1.5549511023971747,0.18474,0.10294,0.308819,0.05313,0.239086,0.78367,0.242406,0.182635,,,,,,,,,,,,,,,,,,,
523,Eastern,Budongo,Waibira,Individual 92,Budongo (Waibira),Waibira (Individual 92),04.03.20,2020.0,03,04,1398.0,With,Climax,Climax,2,2,NV,NV,Traveling,1.99238,12,0.27506834992042845,21.84043503580795,0.0,0.132825,0.174333,0.112902,0.15939,0.185956,0.15607,0.169352,0.182635,0.166032,0.25901,0.293876,,,,,,,,,,,,,,,,
524,Eastern,Budongo,Waibira,Individual 83,Budongo (Waibira),Waibira (Individual 83),04.03.20,2020.0,03,04,1398.0,With,Roar,Climax,1,2,NV,NV,Traveling,2.03812,5,1.4208313114348574,161.77770748849548,1.4338343733773984,0.174105,0.051868,1.760469,0.051675,,,,,,,,,,,,,,,,,,,,,,,
526,Eastern,Budongo,Waibira,Individual 92,Budongo (Waibira),Waibira (Individual 92),04.03.20,2020.0,03,04,1398.0,With,Unk,Unk,0,0,NV,NV,Traveling,0.21916,3,0.4090946423193801,81.81892846387602,0.0,0.15441,0.064752,,,,,,,,,,,,,,,,,,,,,,,,,
532,Eastern,Budongo,Waibira,Individual 85,Budongo (Waibira),Waibira (Individual 85),05.03.20,2020.0,03,05,1397.0,With,Build-Up,Build-Up,1,1,NV,NV,Traveling,0.81088,4,0.5981235768008736,101.0211862065456,1.584962500721156,0.258331,0.47401,0.078544,,,,,,,,,,,,,,,,,,,,,,,,
534,Eastern,Budongo,Waibira,Individual 92,Budongo (Waibira),Waibira (Individual 92),06.03.20,2020.0,03,06,1396.0,With,Build-Up,Let-Down,1,3,NV,NV,Resting,3.60074,14,1.0975982824893507,88.15148678957563,1.5637814635855283,0.120782,0.175994,0.043168,0.205879,0.139393,1.269976,0.063092,0.245727,0.249048,0.395156,0.202559,0.116222,0.373738,,,,,,,,,,,,,,
535,Eastern,Budongo,Waibira,Individual 92,Budongo (Waibira),Waibira (Individual 92),06.03.20,2020.0,03,06,1396.0,With,Build-Up,Climax,1,2,NV,NV,Traveling,1.58062,9,1.0662006121312424,65.56844735139,0.0,0.10294,0.073054,0.119543,0.063092,0.099619,0.05313,0.378552,0.690692,,,,,,,,,,,,,,,,,,,
536,Eastern,Budongo,Waibira,Individual 92,Budongo (Waibira),Waibira (Individual 92),06.03.20,2020.0,03,06,1396.0,With,Build-Up,Climax,1,2,NV,NV,Traveling,3.1268,5,1.0130269778890246,100.62063978445545,1.4338343733773984,0.264416,2.151772,0.351987,0.358629,,,,,,,,,,,,,,,,,,,,,,,
537,Eastern,Budongo,Waibira,Individual 79,Budongo (Waibira),Waibira (Individual 79),06.03.20,2020.0,03,06,1396.0,With,Build-Up,Climax,1,2,NV,NV,Resting,0.82553,4,0.3024892650079945,37.07682560919347,1.3082708345352603,0.157501,0.336727,0.331296,,,,,,,,,,,,,,,,,,,,,,,,
538,Eastern,Budongo,Waibira,Individual 83,Budongo (Waibira),Waibira (Individual 83),06.03.20,2020.0,03,06,1396.0,With,Unk,Unk,0,0,NV,NV,Traveling,0.87665,4,1.002476535999184,157.02649970722547,1.3082708345352603,0.073054,0.706258,0.097336,,,,,,,,,,,,,,,,,,,,,,,,
539,Eastern,Budongo,Waibira,Individual 83,Budongo (Waibira),Waibira (Individual 83),06.03.20,2020.0,03,06,1396.0,With,Climax,Climax,2,2,NV,NV,Traveling,0.78985,4,1.1499288383647885,173.4289987759401,1.3082708345352603,0.051529,0.691439,0.046883,,,,,,,,,,,,,,,,,,,,,,,,
540,Eastern,Budongo,Waibira,Individual 92,Budongo (Waibira),Waibira (Individual 92),06.03.20,2020.0,03,06,1396.0,With,Build-Up,Unk,1,0,NV,NV,Traveling,0.69069,3,0.5547588491655217,146.16600709820827,0.0,0.31297,0.04981,0.327913,,,,,,,,,,,,,,,,,,,,,,,,
542,Eastern,Budongo,Waibira,Individual 79,Budongo (Waibira),Waibira (Individual 79),06.03.20,2020.0,03,06,1396.0,With,Climax,Climax,2,2,NV,NV,Traveling,0.43654,3,0.6258999727402467,125.17999454804934,1.0,0.081655,0.354886,,,,,,,,,,,,,,,,,,,,,,,,,
543,Eastern,Budongo,Waibira,Individual 79,Budongo (Waibira),Waibira (Individual 79),06.03.20,2020.0,03,06,1396.0,With,Build-Up,Build-Up,1,1,NV,NV,Resting,0.61764,3,0.21505477318429245,43.010954636858486,0.0,0.375232,0.242406,,,,,,,,,,,,,,,,,,,,,,,,,
548,Eastern,Budongo,Waibira,Individual 83,Budongo (Waibira),Waibira (Individual 83),16.03.20,2020.0,03,16,1386.0,With,Climax,Unk,2,0,NV,NV,Resting,2.24143,4,1.0916159233259766,167.1328522501512,1.3082708345352603,0.215841,1.899403,0.126184,,,,,,,,,,,,,,,,,,,,,,,,
552,Eastern,Budongo,Waibira,Individual 85,Budongo (Waibira),Waibira (Individual 85),07.06.23,2023.0,06,07,208.0,With,Climax,Climax,2,2,NV,NV,Traveling,0.45634,3,0.648563126454514,129.7126252909028,1.0,0.080187,0.376151,,,,,,,,,,,,,,,,,,,,,,,,,
555,Eastern,Budongo,Waibira,Individual 87,Budongo (Waibira),Waibira (Individual 87),12.06.23,2023.0,06,12,203.0,With,Climax,Climax,2,2,NV,NV,Traveling,0.65509,5,0.3237351451532074,34.37454456187901,1.4338343733773984,0.244758,0.17517,0.105582,0.129578,,,,,,,,,,,,,,,,,,,,,,,
556,Eastern,Budongo,Waibira,Individual 87,Budongo (Waibira),Waibira (Individual 87),12.06.23,2023.0,06,12,203.0,With,Climax,Climax,2,2,NV,NV,Traveling,0.57419,3,0.6012448906018422,120.24897812036843,1.0,0.11448,0.459707,,,,,,,,,,,,,,,,,,,,,,,,,
557,Eastern,Budongo,Waibira,Individual 79,Budongo (Waibira),Waibira (Individual 79),12.06.23,2023.0,06,12,203.0,With,Let-Down,Let-Down,3,3,NV,NV,Traveling,0.41541,3,0.5217388164435532,104.34776328871065,1.0,0.099337,0.316072,,,,,,,,,,,,,,,,,,,,,,,,,
567,Eastern,Budongo,Waibira,Individual 83,Budongo (Waibira),Waibira (Individual 83),06.07.23,2023.0,07,06,179.0,With,Climax,Climax,2,2,NV,NV,Traveling,0.19028,3,0.22222397401737434,44.44479480347487,0.0,0.116283,0.073998,,,,,,,,,,,,,,,,,,,,,,,,,
576,Eastern,Budongo,Waibira,Individual 80,Budongo (Waibira),Waibira (Individual 80),19.07.23,2023.0,07,19,166.0,With,Climax,Climax,2,2,NV,NV,Traveling,0.08854,3,0.0,0.0,0.0,0.044272,0.044272,,,,,,,,,,,,,,,,,,,,,,,,,
577,Eastern,Budongo,Waibira,Individual 77,Budongo (Waibira),Waibira (Individual 77),19.07.23,2023.0,07,19,166.0,With,Climax,Climax,2,2,NV,NV,Traveling,0.28576,3,0.1275187043763692,25.503740875273838,0.0,0.161101,0.124661,,,,,,,,,,,,,,,,,,,,,,,,,
585,Eastern,Budongo,Waibira,Individual 80,Budongo (Waibira),Waibira (Individual 80),26.07.23,2023.0,07,26,159.0,With,Build-Up,Climax,1,2,NV,NV,Traveling,1.0886,7,0.6383811842562003,92.83783600286537,2.987468750600964,0.073682,0.240061,0.172917,0.040999,0.166379,0.394556,,,,,,,,,,,,,,,,,,,,,
588,Western,Fongoli,Fongoli,Individual 13,Fongoli (Fongoli),Fongoli (Individual 13),25.06.23,2023.0,06,25,190.0,With,Build-Up,Build-Up,1,1,NV,NV,Traveling,0.92585,5,0.25885815658650657,30.982079511492092,2.0,0.135088,0.28006,0.283355,0.227343,,,,,,,,,,,,,,,,,,,,,,,
589,Western,Fongoli,Fongoli,Individual 13,Fongoli (Fongoli),Fongoli (Individual 13),23.06.23,2023.0,06,23,192.0,With,Build-Up,Build-Up,1,1,NV,NV,Traveling,0.49757,4,0.07858972278421263,10.295810987265236,0.0,0.172885,0.177102,0.147585,,,,,,,,,,,,,,,,,,,,,,,,
592,Western,Fongoli,Fongoli,Individual 15,Fongoli (Fongoli),Fongoli (Individual 15),21.06.23,2023.0,06,21,194.0,With,Climax,Climax,2,2,NV,NV,Resting,4.74128,17,0.39000835979375087,26.812427962858525,0.0,0.231947,0.218303,0.231947,0.218303,0.259235,0.286523,0.443429,0.238769,0.313811,0.272879,0.293345,0.259235,0.238769,0.259235,0.695842,0.279701,,,,,,,,,,,
593,Western,Fongoli,Fongoli,Individual 15,Fongoli (Fongoli),Fongoli (Individual 15),21.06.23,2023.0,06,21,194.0,With,Build-Up,after,1,0,NV,NV,Resting,5.46734,14,0.8036874415718853,60.762410921598736,1.563781463585528,0.176129,0.403629,0.198145,0.242177,0.249516,0.6825,0.469677,0.205484,0.579758,1.467742,0.2275,0.278871,0.28621,,,,,,,,,,,,,,
594,Western,Fongoli,Fongoli,Individual 15,Fongoli (Fongoli),Fongoli (Individual 15),21.06.23,2023.0,06,21,194.0,With,Build-Up,Climax,1,2,NV,NV,Traveling,0.35711,3,0.10857037248609684,21.714074497219368,0.0,0.197943,0.159171,,,,,,,,,,,,,,,,,,,,,,,,,
596,Western,Fongoli,Fongoli,Individual 16,Fongoli (Fongoli),Fongoli (Individual 16),17.06.23,2023.0,06,17,198.0,With,Build-Up,Build-Up,1,1,NV,NV,Traveling,1.61873,7,0.9943598625072572,73.00107509798266,1.5268037744276668,0.210592,0.204306,0.861229,0.132013,0.081722,0.12887,,,,,,,,,,,,,,,,,,,,,
604,Western,Fongoli,Fongoli,Individual 13,Fongoli (Fongoli),Fongoli (Individual 13),10.06.23,2023.0,06,10,205.0,With,Build-Up,Build-Up,1,1,NV,NV,Traveling,1.32051,6,0.3641756364323695,44.63421366026017,2.384080545409061,0.42427,0.205859,0.145608,0.233474,0.311299,,,,,,,,,,,,,,,,,,,,,,
605,Western,Fongoli,Fongoli,Individual 16,Fongoli (Fongoli),Fongoli (Individual 16),10.06.23,2023.0,06,10,205.0,With,Build-Up,Build-Up,1,1,NV,NV,Traveling,1.62981,12,0.425568617000857,39.65028996332074,0.0,0.28704,0.107032,0.136222,0.121627,0.12406,0.201901,0.097302,0.109465,0.080274,0.121627,0.243254,,,,,,,,,,,,,,,,
606,Western,Fongoli,Fongoli,Individual 17,Fongoli (Fongoli),Fongoli (Individual 17),09.06.23,2023.0,06,09,206.0,With,Build-Up,Climax,1,2,NV,NV,Traveling,1.3874,6,0.8192154899787455,70.06680004075406,2.384080545409061,0.0991,0.128084,0.056778,0.501213,0.602221,,,,,,,,,,,,,,,,,,,,,,
608,Western,Fongoli,Fongoli,Individual 17,Fongoli (Fongoli),Fongoli (Individual 17),09.06.23,2023.0,06,09,206.0,With,Build-Up,Build-Up,1,1,NV,NV,Traveling,0.86719,6,0.4192889048143236,35.01711315628747,0.0,0.105179,0.096593,0.154549,0.287632,0.223237,,,,,,,,,,,,,,,,,,,,,,
610,Western,Fongoli,Fongoli,Individual 17,Fongoli (Fongoli),Fongoli (Individual 17),09.06.23,2023.0,06,09,206.0,With,Build-Up,Climax,1,2,NV,NV,Traveling,1.98428,9,0.7689862858321753,50.702178830840914,2.8676687467547968,0.091739,0.186875,0.22425,0.693138,0.397535,0.139307,0.132512,0.118921,,,,,,,,,,,,,,,,,,,
616,Western,Fongoli,Fongoli,Individual 16,Fongoli (Fongoli),Fongoli (Individual 16),27.05.23,2023.0,05,27,219.0,With,after,after,0,0,NV,NV,Traveling,1.7357,8,1.3932524025249557,50.46918842987231,1.544783155738533,0.109062,0.118343,0.074255,0.109062,0.092818,0.139228,1.092936,,,,,,,,,,,,,,,,,,,,
620,Eastern,Gombe,Kasekela,Individual 34,Gombe (Kasekela),Kasekela (Individual 34),17.08.17,2017.0,08,17,2328.0,With,after,after,0,0,NV,NV,Resting,1.2044,6,0.4329179951676767,66.4731297705423,0.0,0.380688,0.316127,0.104634,0.262697,0.140254,,,,,,,,,,,,,,,,,,,,,,
622,Eastern,Gombe,Kasekela,Individual 34,Gombe (Kasekela),Kasekela (Individual 34),27.05.17,2017.0,05,27,2410.0,With,Build-Up,Build-Up,1,1,NV,NV,Traveling,2.38923,13,0.49471460591092176,57.07885105258814,0.0,0.053094,0.127426,0.323572,0.07292,0.048255,0.231628,0.178438,0.345111,0.249542,0.254851,0.222995,0.281397,,,,,,,,,,,,,,,
627,Eastern,Gombe,Kasekela,Individual 34,Gombe (Kasekela),Kasekela (Individual 34),20.08.17,2017.0,08,20,2325.0,With,Build-Up,Build-Up,1,1,NV,NV,Traveling,2.15501,7,0.805384091556526,54.8407378981414,1.5268037744276668,0.148622,0.14119,0.988333,0.30839,0.300959,0.267519,,,,,,,,,,,,,,,,,,,,,
640,Eastern,Gombe,Kasekela,Individual 32,Gombe (Kasekela),Kasekela (Individual 32),01.10.17,2017.0,10,01,2283.0,With,Build-Up,Climax,1,2,NV,NV,Resting,2.31243,6,0.84519683693958,65.56787793956754,2.384080545409061,0.145118,0.094642,0.214523,0.80446,1.053686,,,,,,,,,,,,,,,,,,,,,,
641,Eastern,Gombe,Kasekela,Individual 32,Gombe (Kasekela),Kasekela (Individual 32),01.10.17,2017.0,10,01,2283.0,With,Let-Down,Let-Down,3,3,NV,NV,Resting,1.04294,6,0.9387042751810536,87.84364834332273,1.4945555226170317,0.116105,0.080072,0.136123,0.598541,0.112101,,,,,,,,,,,,,,,,,,,,,,
642,Eastern,Gombe,Kasekela,Individual 32,Gombe (Kasekela),Kasekela (Individual 32),01.10.17,2017.0,10,01,2283.0,With,Let-Down,Let-Down,3,3,NV,NV,Resting,1.58881,8,1.2813630432826917,96.07726923673458,1.544783155738533,0.109738,0.104967,0.932771,0.169378,0.062026,0.155064,0.054869,,,,,,,,,,,,,,,,,,,,
643,Eastern,Gombe,Kasekela,Individual 32,Gombe (Kasekela),Kasekela (Individual 32),01.10.17,2017.0,10,01,2283.0,With,Build-Up,Climax,1,2,NV,NV,Resting,1.98645,8,0.9136210787941517,114.13816609887712,2.7664414810694944,0.164149,0.085643,0.766031,0.099917,0.168907,0.60426,0.097539,,,,,,,,,,,,,,,,,,,,
644,Eastern,Gombe,Kasekela,Individual 32,Gombe (Kasekela),Kasekela (Individual 32),01.10.17,2017.0,10,01,2283.0,With,Climax,Climax,2,2,NV,NV,Resting,0.36601,3,0.7741919619682521,154.83839239365042,0.0,0.324686,0.041324,,,,,,,,,,,,,,,,,,,,,,,,,
660,Eastern,Kibale,Kanyawara,Individual 25,Kibale (Kanyawara),Kanyawara (Individual 25),27.07.11,2011.0,07,27,4541.0,With,Climax,Let-Down,2,3,NV,NV,Traveling,0.95637,5,1.020898503774716,134.06085028725403,1.4338343733773984,0.163859,0.072483,0.656372,0.063657,,,,,,,,,,,,,,,,,,,,,,,
661,Eastern,Kibale,Kanyawara,Individual 28,Kibale (Kanyawara),Kanyawara (Individual 28),19.10.10,2010.0,10,19,4822.0,With,Roar,Roar,1,1,NV,NV,Traveling,0.54716,4,0.13337326069393735,16.962941939049966,0.0,0.148153,0.202448,0.196556,,,,,,,,,,,,,,,,,,,,,,,,
663,Eastern,Kibale,Kanyawara,Individual 28,Kibale (Kanyawara),Kanyawara (Individual 28),19.12.10,2010.0,12,19,4761.0,With,Roar,Let-Down,1,3,NV,NV,Traveling,0.91564,7,0.4299388831971972,57.42185927775389,0.0,0.094396,0.136285,0.160474,0.061358,0.25723,0.205902,,,,,,,,,,,,,,,,,,,,,
664,Eastern,Kibale,Kanyawara,Individual 25,Kibale (Kanyawara),Kanyawara (Individual 25),21.12.10,2010.0,12,21,4759.0,With,Build-Up,Build-Up,1,1,NV,NV,Traveling,0.66343,5,0.6003153489215177,111.8122600640143,2.0,0.196638,0.074532,0.315573,0.076686,,,,,,,,,,,,,,,,,,,,,,,
665,Eastern,Kibale,Kanyawara,Individual 25,Kibale (Kanyawara),Kanyawara (Individual 25),21.12.10,2010.0,12,21,4759.0,With,Climax,Climax,2,2,NV,NV,Traveling,0.43103,4,0.7931682556201058,131.40401434853084,1.3082708345352603,0.066729,0.304787,0.059515,,,,,,,,,,,,,,,,,,,,,,,,
666,Eastern,Kibale,Kanyawara,Individual 25,Kibale (Kanyawara),Kanyawara (Individual 25),21.12.10,2010.0,12,21,4759.0,With,Climax,Climax,2,2,NV,NV,Resting,0.50914,4,0.32420358382913456,37.3315430927477,1.3082708345352603,0.136866,0.125048,0.247226,,,,,,,,,,,,,,,,,,,,,,,,
667,Eastern,Kibale,Kanyawara,Individual 25,Kibale (Kanyawara),Kanyawara (Individual 25),23.12.10,2010.0,12,23,4757.0,With,Build-Up,Build-Up,1,1,NV,NV,Traveling,0.51374,4,0.6066342285004878,105.95884259674915,1.3082708345352603,0.096489,0.318152,0.099097,,,,,,,,,,,,,,,,,,,,,,,,
669,Eastern,Kibale,Kanyawara,Individual 29,Kibale (Kanyawara),Kanyawara (Individual 29),26.07.11,2011.0,07,26,4542.0,With,Build-Up,Build-Up,1,1,NV,NV,Resting,1.66332,5,0.9962969790391496,113.10429922795004,1.4338343733773984,0.176341,0.284215,1.122445,0.080322,,,,,,,,,,,,,,,,,,,,,,,
671,Eastern,Kibale,Kanyawara,Individual 29,Kibale (Kanyawara),Kanyawara (Individual 29),23.12.10,2010.0,12,23,4757.0,With,Pause after BUp,Pause after BUp,1,0,NV,NV,Resting,0.26412,3,0.0645166175724487,12.90332351448974,0.0,0.140579,0.123539,,,,,,,,,,,,,,,,,,,,,,,,,
672,Eastern,Kibale,Kanyawara,Individual 29,Kibale (Kanyawara),Kanyawara (Individual 29),23.12.10,2010.0,12,23,4757.0,With,Build-Up,Build-Up,1,1,NV,NV,Traveling,1.77073,7,0.6152108521643214,79.10815763065351,1.5268037744276668,0.11274,0.652753,0.105486,0.312852,0.306541,0.280354,,,,,,,,,,,,,,,,,,,,,
673,Eastern,Kibale,Kanyawara,Individual 28,Kibale (Kanyawara),Kanyawara (Individual 28),01.11.10,2010.0,11,01,4809.0,With,Build-Up,Build-Up,1,1,NV,NV,Traveling,0.89764,4,0.6753351139651366,154.49539569110925,1.3082708345352603,0.302075,0.05039,0.545529,,,,,,,,,,,,,,,,,,,,,,,,
674,Eastern,Kibale,Kanyawara,Individual 28,Kibale (Kanyawara),Kanyawara (Individual 28),01.11.10,2010.0,11,01,4809.0,With,Build-Up,Let-Down,1,3,NV,NV,Resting,2.32674,13,0.4977022095205909,55.99951995384893,3.0536075488553336,0.109444,0.259209,0.076232,0.349932,0.249128,0.24118,0.162726,0.143715,0.069122,0.072002,0.267849,0.326113,,,,,,,,,,,,,,,
676,Eastern,Kibale,Kanyawara,Individual 24,Kibale (Kanyawara),Kanyawara (Individual 24),26.02.11,2011.0,02,26,4692.0,With,Climax,Climax,2,2,NV,NV,Traveling,1.50039,5,0.9063434946493975,163.88975944476866,2.0,0.052994,0.881021,0.076179,0.490192,,,,,,,,,,,,,,,,,,,,,,,
677,Eastern,Kibale,Kanyawara,Individual 24,Kibale (Kanyawara),Kanyawara (Individual 24),26.02.11,2011.0,02,26,4692.0,With,Climax,Let-Down,2,3,NV,NV,Resting,1.79982,5,1.0220836359941243,131.91715882911973,2.0,0.146726,1.227866,0.347224,0.078,,,,,,,,,,,,,,,,,,,,,,,
679,Eastern,Kibale,Kanyawara,Individual 28,Kibale (Kanyawara),Kanyawara (Individual 28),26.03.11,2011.0,03,26,4664.0,With,Roar,Let-Down,1,3,NV,NV,Resting,1.88317,9,0.73450328347008,49.01049707993358,1.5549511023971747,0.199148,0.19216,0.150234,0.688282,0.132765,0.143247,0.199148,0.178185,,,,,,,,,,,,,,,,,,,
686,Eastern,Kibale,Kanyawara,Individual 28,Kibale (Kanyawara),Kanyawara (Individual 28),13.12.10,2010.0,12,13,4767.0,With,Roar,Let-Down,1,3,NV,NV,Traveling,1.54426,7,0.41005286989190926,79.35735279012746,2.6165416690705205,0.368569,0.093309,0.387231,0.158625,0.286924,0.2496,,,,,,,,,,,,,,,,,,,,,
687,Eastern,Kibale,Kanyawara,Individual 24,Kibale (Kanyawara),Kanyawara (Individual 24),21.04.11,2011.0,04,21,4638.0,With,Climax,Climax,2,2,NV,NV,Traveling,0.53354,3,0.6908803634584785,138.1760726916957,1.0,0.082464,0.451077,,,,,,,,,,,,,,,,,,,,,,,,,
689,Western,Taï,Middle,Individual 37,Taï (Middle),Middle (Individual 37),28.10.99,1999.0,10,28,8831.0,With,Build-Up,Climax,1,2,NV,NV,Traveling,1.23887,7,0.3445447372359585,45.374719621982265,3.0,0.1058,0.306672,0.164635,0.148494,0.261478,0.251794,,,,,,,,,,,,,,,,,,,,,
690,Western,Taï,Middle,Individual 37,Taï (Middle),Middle (Individual 37),28.10.99,1999.0,10,28,8831.0,With,Climax,Let-Down,2,3,NV,NV,Traveling,1.61922,7,0.5821752595785022,101.10936807834106,2.987468750600964,0.258173,0.142872,0.335875,0.040104,0.300784,0.54141,,,,,,,,,,,,,,,,,,,,,
691,Western,Taï,Middle,Individual 37,Taï (Middle),Middle (Individual 37),28.10.99,1999.0,10,28,8831.0,With,Build-Up,Build-Up,1,1,NV,NV,Traveling,0.31141,3,0.020500173403722444,4.100034680744489,0.0,0.152514,0.158898,,,,,,,,,,,,,,,,,,,,,,,,,
692,Western,Taï,Middle,Individual 38,Taï (Middle),Middle (Individual 38),11.10.99,1999.0,10,11,8848.0,With,Climax,Let-Down,2,3,NV,NV,Traveling,1.96241,10,0.6095555965401381,71.06022519297873,1.5605694548611453,0.075316,0.305449,0.213396,0.276159,0.121343,0.117158,0.497924,0.292896,0.062763,,,,,,,,,,,,,,,,,,
694,Western,Taï,Middle,Individual 38,Taï (Middle),Middle (Individual 38),17.11.99,1999.0,11,17,8811.0,With,Build-Up,Climax,1,2,NV,NV,Traveling,1.63786,7,0.588194394035812,65.28642808223563,2.6165416690705205,0.116274,0.232549,0.553305,0.388918,0.264624,0.082194,,,,,,,,,,,,,,,,,,,,,
695,Western,Taï,Middle,Individual 38,Taï (Middle),Middle (Individual 38),17.11.99,1999.0,11,17,8811.0,With,Build-Up,Climax,1,2,NV,NV,Traveling,1.5159,12,1.0328629512336196,76.19117652265639,1.5645258176027994,0.083659,0.080313,0.043503,0.093698,0.093698,0.030117,0.113776,0.54211,0.277748,0.050195,0.107083,,,,,,,,,,,,,,,,
696,Western,Taï,Middle,Individual 38,Taï (Middle),Middle (Individual 38),17.11.99,1999.0,11,17,8811.0,With,Build-Up,Climax,1,2,NV,NV,Traveling,1.53305,6,0.8011556334750025,130.8285645451855,2.384080545409061,0.09047,0.684281,0.190809,0.062506,0.504986,,,,,,,,,,,,,,,,,,,,,,
698,Western,Taï,Middle,Individual 38,Taï (Middle),Middle (Individual 38),17.11.99,1999.0,11,17,8811.0,With,Build-Up,Climax,1,2,NV,NV,Traveling,1.14738,6,0.5032684946019623,66.71712010160272,1.4945555226170317,0.180487,0.120325,0.275028,0.434029,0.137514,,,,,,,,,,,,,,,,,,,,,,
699,Western,Taï,Middle,Individual 38,Taï (Middle),Middle (Individual 38),28.10.99,1999.0,10,28,8831.0,With,Build-Up,Build-Up,1,1,NV,NV,Traveling,0.36394,3,0.25423700870482724,50.847401740965445,0.0,0.228231,0.135705,,,,,,,,,,,,,,,,,,,,,,,,,
705,Western,Taï,Middle,Individual 41,Taï (Middle),Middle (Individual 41),11.10.99,1999.0,10,11,8848.0,With,Pause ,Climax,1,2,NV,NV,Resting,1.75202,12,0.5146207265870463,69.56708063311113,1.5645258176027994,0.154287,0.150859,0.188573,0.113144,0.380575,0.140573,0.168002,0.058286,0.174859,0.054858,0.168002,,,,,,,,,,,,,,,,
706,Western,Taï,Middle,Individual 41,Taï (Middle),Middle (Individual 41),11.10.99,1999.0,10,11,8848.0,With,Pause ,Climax,1,2,NV,NV,Traveling,1.84687,9,0.4117651568996686,50.55994436450522,1.5549511023971747,0.200307,0.160495,0.132755,0.2239,0.313064,0.158513,0.441856,0.215975,,,,,,,,,,,,,,,,,,,
707,Western,Taï,Middle,Individual 41,Taï (Middle),Middle (Individual 41),18.11.99,1999.0,11,18,8810.0,With,Pause ,Pause,0,0,NV,NV,Resting,1.12573,6,0.30881887899434346,38.05181957800228,0.0,0.251876,0.133649,0.169631,0.236455,0.334122,,,,,,,,,,,,,,,,,,,,,,
710,Western,Taï,Middle,Individual 41,Taï (Middle),Middle (Individual 41),30.10.99,1999.0,10,30,8829.0,With,Pause ,Pause,1,1,NV,NV,Traveling,0.85645,9,0.39472821828731564,76.0870172448141,0.0,0.06766,0.127119,0.068449,0.159714,0.052151,0.162973,0.078227,0.140157,,,,,,,,,,,,,,,,,,,
711,Western,Taï,Middle,Individual 41,Taï (Middle),Middle (Individual 41),30.10.99,1999.0,10,30,8829.0,With,Build-Up,Climax,1,2,NV,NV,Traveling,3.29406,12,0.7491278437391904,67.33900140193732,3.053607548855334,0.263928,0.128942,0.28206,0.064471,0.225648,0.249825,0.249825,0.306237,0.394885,0.096706,0.14506,0.886475,,,,,,,,,,,,,,,
712,Western,Taï,Middle,Individual 41,Taï (Middle),Middle (Individual 41),30.10.99,1999.0,10,30,8829.0,With,Climax,Climax,2,2,NV,NV,Traveling,0.87961,5,0.8915424226254105,102.26511266012238,1.4338343733773984,0.120513,0.090799,0.55898,0.109322,,,,,,,,,,,,,,,,,,,,,,,
713,Western,Taï,Middle,Individual 41,Taï (Middle),Middle (Individual 41),30.10.99,1999.0,10,30,8829.0,With,Build-Up,Climax,1,2,NV,NV,Traveling,0.6316,4,0.09496707318225767,14.559629741468289,0.0,0.237701,0.19016,0.203743,,,,,,,,,,,,,,,,,,,,,,,,
744,Western,Taï,Middle,Individual 38,Taï (Middle),Middle (Individual 38),14.03.00,2000.0,03,14,8693.0,With,Build-Up,Build-Up,1,1,NV,NV,Traveling,0.71734,3,0.3673467680777981,73.46935361555961,1.0,0.226915,0.490429,,,,,,,,,,,,,,,,,,,,,,,,,
748,Western,Taï,Middle,Individual 38,Taï (Middle),Middle (Individual 38),02.05.00,2000.0,05,02,8644.0,With,Build-Up,Build-Up,1,1,NV,NV,Resting,0.21441,3,0.1645562535853702,32.91125071707404,0.0,0.124848,0.089565,,,,,,,,,,,,,,,,,,,,,,,,,
749,Western,Taï,Middle,Individual 38,Taï (Middle),Middle (Individual 38),30.05.00,2000.0,05,30,8616.0,With,Build-Up,Build-Up,1,1,NV,NV,Traveling,1.46084,6,0.6716867955261216,92.999746205198,1.4945555226170317,0.259402,0.314013,0.058024,0.184312,0.645091,,,,,,,,,,,,,,,,,,,,,,
750,Western,Taï,Middle,Individual 38,Taï (Middle),Middle (Individual 38),07.05.00,2000.0,05,07,8639.0,With,Build-Up,Build-Up,1,1,NV,NV,Traveling,0.47863,4,0.3564081660306169,51.310637048176154,0.0,0.080477,0.211782,0.186368,,,,,,,,,,,,,,,,,,,,,,,,
751,Western,Taï,Middle,Individual 38,Taï (Middle),Middle (Individual 38),07.05.00,2000.0,05,07,8639.0,With,Build-Up,Build-Up,1,1,NV,NV,Traveling,0.47863,4,0.3564081660306169,51.310637048176154,0.0,0.080477,0.211782,0.186368,,,,,,,,,,,,,,,,,,,,,,,,
757,Western,Taï,Middle,Individual 41,Taï (Middle),Middle (Individual 41),30.04.00,2000.0,04,30,8646.0,Unk,Unk,Unk,0,0,NV,NV,Resting,0.85149,8,0.07269616519113542,12.882653946258827,0.0,0.132127,0.117446,0.132127,0.112553,0.12234,0.107659,0.127234,,,,,,,,,,,,,,,,,,,,
758,Western,Taï,North,Individual 44,Taï (North),North (Individual 44),10.02.99,1999.0,02,10,9091.0,With,Build-Up,Build-Up,1,1,NV,NV,Traveling,0.63027,5,0.20064368344382122,24.075022261720413,0.0,0.105562,0.173867,0.161448,0.18939,,,,,,,,,,,,,,,,,,,,,,,
759,Western,Taï,North,Individual 44,Taï (North),North (Individual 44),13.04.99,1999.0,04,13,9029.0,With,Build-Up,Build-Up,1,1,NV,NV,Traveling,1.51074,4,0.5566725299399682,98.66631509912625,1.3082708345352603,0.309473,0.899997,0.30127,,,,,,,,,,,,,,,,,,,,,,,,
760,Western,Taï,North,Individual 44,Taï (North),North (Individual 44),13.04.99,1999.0,04,13,9029.0,Unk,Unk,Unk,0,0,NV,NV,Traveling,0.86248,4,0.27246106367414963,57.428006906005265,0.0,0.300201,0.185838,0.376442,,,,,,,,,,,,,,,,,,,,,,,,
761,Western,Taï,North,Individual 44,Taï (North),North (Individual 44),06.03.99,1999.0,03,06,9067.0,Without,0,0,0,0,NV,NV,Traveling,0.72557,3,0.42281871794765774,84.56374358953155,0.0,0.516178,0.209393,,,,,,,,,,,,,,,,,,,,,,,,,
762,Western,Taï,North,Individual 45,Taï (North),North (Individual 45),13.04.99,1999.0,04,13,9029.0,With,Build-Up,after,1,0,NV,NV,Traveling,4.70755,19,0.4219337405709882,29.184432599049114,1.5556382942734728,0.112342,0.291889,0.679203,0.235756,0.185237,0.235756,0.275049,0.22453,0.196464,0.297502,0.258209,0.230143,0.235756,0.22453,0.213303,0.297502,0.275049,0.239333,,,,,,,,,
763,Western,Taï,North,Individual 45,Taï (North),North (Individual 45),01.04.99,1999.0,04,01,9041.0,Unk,Unk,Unk,0,0,NV,NV,Traveling,2.51589,10,0.6034310956594751,92.53015667960214,1.5605694548611453,0.079582,0.436012,0.313623,0.478083,0.130039,0.550752,0.068844,0.175935,0.283025,,,,,,,,,,,,,,,,,,
764,Western,Taï,North,Individual 45,Taï (North),North (Individual 45),23.09.99,1999.0,09,23,8866.0,With,Build-Up,after,1,0,NV,NV,Traveling,3.58297,17,0.1378106206503883,8.123435130384703,0.0,0.19204,0.177815,0.177815,0.167146,0.22049,0.25961,0.252497,0.22049,0.227603,0.270279,0.269749,0.234716,0.238272,0.22049,0.224047,0.22991,,,,,,,,,,,
765,Western,Taï,North,Individual 45,Taï (North),North (Individual 45),02.04.99,1999.0,04,02,9040.0,With,Build-Up,Climax,1,2,NV,NV,Traveling,0.55933,4,0.250019012962964,30.567133463740447,0.0,0.246762,0.179313,0.133251,,,,,,,,,,,,,,,,,,,,,,,,
766,Western,Taï,North,Individual 45,Taï (North),North (Individual 45),02.04.99,1999.0,04,02,9040.0,With,Build-Up,Climax,1,2,NV,NV,Resting,0.67698,3,0.04000106354378705,8.00021270875741,0.0,0.324951,0.352031,,,,,,,,,,,,,,,,,,,,,,,,,
767,Western,Taï,North,Individual 45,Taï (North),North (Individual 45),27.03.99,1999.0,03,27,9046.0,With,Build-Up,after,1,0,NV,NV,Traveling,3.64428,9,0.40301908246481916,37.710315947750196,2.8676687467547968,0.121052,0.400637,0.825747,0.557703,0.489717,0.432328,0.384772,0.432328,,,,,,,,,,,,,,,,,,,
768,Western,Taï,North,Individual 45,Taï (North),North (Individual 45),27.03.99,1999.0,03,27,9046.0,With,Roar,Roar,1,1,NV,NV,Traveling,0.56641,4,0.08304966959564049,14.874563550836653,0.0,0.208676,0.170347,0.187382,,,,,,,,,,,,,,,,,,,,,,,,
771,Western,Taï,North,Individual 45,Taï (North),North (Individual 45),27.03.99,1999.0,03,27,9046.0,With,Build-Up,Climax,1,2,NV,NV,Traveling,0.55699,3,0.6699019364939155,133.98038729878309,0.0,0.09193,0.465056,,,,,,,,,,,,,,,,,,,,,,,,,
775,Western,Taï,North,Individual 44,Taï (North),North (Individual 44),07.02.99,1999.0,02,07,9094.0,With,Build-Up,Build-Up,1,1,NV,NV,Traveling,2.98279,9,1.0758589895045423,59.056495246735395,1.5549511023971747,0.177321,0.202653,0.506631,1.393236,0.234317,0.158322,0.177321,0.132991,,,,,,,,,,,,,,,,,,,
776,Western,Taï,North,Individual 44,Taï (North),North (Individual 44),07.02.99,1999.0,02,07,9094.0,With,Build-Up,Build-Up,1,1,NV,NV,Resting,1.01779,6,0.32715436358840894,49.65994454020457,0.0,0.200473,0.097666,0.179912,0.298139,0.241596,,,,,,,,,,,,,,,,,,,,,,
777,Western,Taï,North,Individual 44,Taï (North),North (Individual 44),07.02.99,1999.0,02,07,9094.0,With,Build-Up,Build-Up,1,1,NV,NV,Traveling,0.33309,3,0.3298948645127201,65.97897290254402,0.0,0.22149,0.111604,,,,,,,,,,,,,,,,,,,,,,,,,
778,Western,Taï,North,Individual 44,Taï (North),North (Individual 44),10.02.99,1999.0,02,10,9091.0,With,Build-Up,Build-Up,1,1,NV,NV,Traveling,0.6448,5,0.12289092242806175,15.306736920295585,0.0,0.133566,0.165807,0.156595,0.188835,,,,,,,,,,,,,,,,,,,,,,,
779,Western,Taï,North,Individual 44,Taï (North),North (Individual 44),22.02.99,1999.0,02,22,9079.0,With,Pause ,Pause,0,0,NV,NV,Resting,0.89022,6,0.13466927728088535,16.889981957738932,0.0,0.168603,0.161859,0.182091,0.155115,0.222556,,,,,,,,,,,,,,,,,,,,,,
782,Western,Taï,North,Individual 44,Taï (North),North (Individual 44),27.03.99,1999.0,03,27,9046.0,With,Build-Up,Climax,1,2,NV,NV,Resting,2.00749,10,0.3995928329864359,39.889291092756984,0.0,0.13883,0.416367,0.173209,0.136568,0.116583,0.233166,0.28313,0.256482,0.253151,,,,,,,,,,,,,,,,,,
784,Western,Taï,North,Individual 45,Taï (North),North (Individual 45),13.03.99,1999.0,03,13,9060.0,Without,0,0,0,0,NV,NV,Traveling,1.06097,6,0.0906679049752305,15.296444481922697,0.0,0.207258,0.246736,0.197389,0.217128,0.192454,,,,,,,,,,,,,,,,,,,,,,
785,Western,Taï,North,Individual 45,Taï (North),North (Individual 45),13.04.99,1999.0,04,13,9029.0,With,Build-Up,Climax,1,2,NV,NV,Traveling,1.18705,5,0.37507474557033954,41.37492880710684,0.0,0.272643,0.243282,0.188753,0.482369,,,,,,,,,,,,,,,,,,,,,,,
786,Western,Taï,North,Individual 45,Taï (North),North (Individual 45),13.04.99,1999.0,04,13,9029.0,With,Build-Up,after,1,0,NV,NV,Traveling,4.79005,11,0.591023818165289,33.99337314211378,2.938403766179995,0.251506,1.383284,0.632686,0.422988,0.422988,0.400124,0.400124,0.417272,0.459079,,,,,,,,,,,,,,,,,,
787,Western,Taï,North,Individual 45,Taï (North),North (Individual 45),13.04.99,1999.0,04,13,9029.0,With,Build-Up,Climax,1,2,NV,NV,Traveling,0.7963,4,0.2350077392743693,47.55083744527573,0.0,0.338851,0.186368,0.271081,,,,,,,,,,,,,,,,,,,,,,,,
788,Western,Taï,North,Individual 45,Taï (North),North (Individual 45),13.04.99,1999.0,04,13,9029.0,With,Build-Up,Climax,1,2,NV,NV,Resting,0.73774,4,0.3053894071719829,33.511755982289735,0.0,0.351915,0.187203,0.198622,,,,,,,,,,,,,,,,,,,,,,,,
789,Western,Taï,North,Individual 45,Taï (North),North (Individual 45),13.04.99,1999.0,04,13,9029.0,With,Build-Up,Climax,1,2,NV,NV,Resting,2.39675,11,0.3354233338480656,47.25076432985771,0.0,0.37427,0.099579,0.339941,0.285001,0.202591,0.171687,0.247229,0.21976,0.16482,0.291876,,,,,,,,,,,,,,,,,
790,Western,Taï,North,Individual 45,Taï (North),North (Individual 45),13.04.99,1999.0,04,13,9029.0,With,Build-Up,Climax,1,2,NV,NV,Traveling,1.18063,6,0.29191715498226073,51.26052042831405,0.0,0.271903,0.250437,0.271903,0.100175,0.286214,,,,,,,,,,,,,,,,,,,,,,
791,Western,Taï,North,Individual 45,Taï (North),North (Individual 45),13.04.99,1999.0,04,13,9029.0,With,Build-Up,Climax,1,2,NV,NV,Traveling,1.14712,6,0.2540155090042582,54.05244828547164,0.0,0.280662,0.143929,0.289298,0.177033,0.256194,,,,,,,,,,,,,,,,,,,,,,
792,Western,Taï,North,Individual 45,Taï (North),North (Individual 45),13.04.99,1999.0,04,13,9029.0,With,Build-Up,Build-Up,1,1,NV,NV,Traveling,0.6277,4,0.1885120603647085,39.706818425883505,0.0,0.218608,0.156924,0.252164,,,,,,,,,,,,,,,,,,,,,,,,
793,Western,Taï,North,Individual 45,Taï (North),North (Individual 45),13.04.99,1999.0,04,13,9029.0,With,Build-Up,after,1,0,NV,NV,Traveling,3.87984,16,0.1501732951031684,12.276753895032204,0.0,0.228724,0.215062,0.258374,0.190604,0.216017,0.271081,0.228724,0.250552,0.228724,0.279552,0.292259,0.309201,0.317673,0.317673,0.275622,,,,,,,,,,,,
794,Western,Taï,North,Individual 45,Taï (North),North (Individual 45),13.04.99,1999.0,04,13,9029.0,With,Build-Up,after,1,0,NV,NV,Traveling,2.78195,10,1.1310969810906046,74.85531213478318,1.5605694548611453,0.171893,0.131181,0.162846,1.284672,0.199034,0.126658,0.321168,0.149275,0.235222,,,,,,,,,,,,,,,,,,
795,Western,Taï,North,Individual 45,Taï (North),North (Individual 45),15.03.99,1999.0,03,15,9058.0,With,Build-Up,Climax,1,2,NV,NV,Traveling,1.90916,3,0.652694560594942,130.5389121189884,1.0,0.331531,1.57763,,,,,,,,,,,,,,,,,,,,,,,,,
797,Western,Taï,North,Individual 45,Taï (North),North (Individual 45),15.03.99,1999.0,03,15,9058.0,With,Build-Up,Climax,1,2,NV,NV,Traveling,1.26983,6,0.3359805103258328,52.55376523456917,0.0,0.23773,0.150756,0.284117,0.197142,0.400082,,,,,,,,,,,,,,,,,,,,,,
798,Western,Taï,North,Individual 45,Taï (North),North (Individual 45),15.03.99,1999.0,03,15,9058.0,With,Build-Up,Climax,1,2,NV,NV,Traveling,0.86423,4,0.11066476292430846,22.45231659414761,0.0,0.27031,0.332847,0.261077,,,,,,,,,,,,,,,,,,,,,,,,
799,Western,Taï,North,Individual 45,Taï (North),North (Individual 45),15.03.99,1999.0,03,15,9058.0,With,Build-Up,Climax,1,2,NV,NV,Traveling,0.96079,5,0.11908964854933414,19.876732039080398,0.0,0.271739,0.242624,0.194099,0.252329,,,,,,,,,,,,,,,,,,,,,,,
800,Western,Taï,North,Individual 45,Taï (North),North (Individual 45),22.02.99,1999.0,02,22,9079.0,With,Build-Up,after,1,0,NV,NV,Traveling,2.33708,11,0.5505569826836013,67.30725441232441,1.563417866393641,0.322716,0.043426,0.252658,0.217128,0.232919,0.244762,0.544793,0.10659,0.146068,0.226024,,,,,,,,,,,,,,,,,
801,Western,Taï,North,Individual 45,Taï (North),North (Individual 45),22.02.99,1999.0,02,22,9079.0,With,Build-Up,Climax,1,2,NV,NV,Traveling,3.64081,17,0.6542199938406844,46.962570542732514,1.5593509992552081,0.143245,0.149214,0.125339,0.232773,0.208899,0.161151,0.20293,0.190993,0.173088,0.692351,0.113402,0.20293,0.143245,0.113402,0.483452,0.304396,,,,,,,,,,,
802,Western,Taï,North,Individual 45,Taï (North),North (Individual 45),22.02.99,1999.0,02,22,9079.0,With,Build-Up,Let-Down,1,3,NV,NV,Traveling,2.93961,11,0.9895054969687778,68.90984004674684,1.563417866393641,0.140069,0.114115,0.333217,1.141154,0.136938,0.278442,0.11868,0.219102,0.205408,0.252488,,,,,,,,,,,,,,,,,
803,Western,Taï,North,Individual 45,Taï (North),North (Individual 45),22.02.99,1999.0,02,22,9079.0,With,Build-Up,after,1,0,NV,NV,Traveling,2.05864,10,0.8436367271079853,61.813046866939814,1.5605694548611453,0.136568,0.075871,0.060697,0.192207,0.738481,0.207382,0.166917,0.171975,0.308543,,,,,,,,,,,,,,,,,,
804,Western,Taï,North,Individual 45,Taï (North),North (Individual 45),22.02.99,1999.0,02,22,9079.0,With,Build-Up,Build-Up,1,1,NV,NV,Traveling,0.27131,3,0.12087782475203362,24.175564950406724,0.0,0.152051,0.119256,,,,,,,,,,,,,,,,,,,,,,,,,
805,Western,Taï,North,Individual 45,Taï (North),North (Individual 45),22.02.99,1999.0,02,22,9079.0,With,Climax,Climax,2,2,NV,NV,Traveling,0.88547,6,0.3399399303683972,25.637620919694054,0.0,0.103976,0.10733,0.251555,0.21466,0.207952,,,,,,,,,,,,,,,,,,,,,,
806,Western,Taï,North,Individual 45,Taï (North),North (Individual 45),22.02.99,1999.0,02,22,9079.0,With,Build-Up,after,1,0,NV,NV,Traveling,2.51893,5,0.8788028748535144,100.62134551196637,1.4338343733773984,0.354066,0.455228,1.568007,0.141626,,,,,,,,,,,,,,,,,,,,,,,
807,Western,Taï,North,Individual 45,Taï (North),North (Individual 45),22.02.99,1999.0,02,22,9079.0,With,Build-Up,Climax,1,2,NV,NV,Traveling,2.17736,9,0.98214151512893,72.2226368687701,1.5549511023971747,0.141233,0.11539,0.11539,0.175594,0.953223,0.301018,0.095322,0.280193,,,,,,,,,,,,,,,,,,,
808,Western,Taï,North,Individual 45,Taï (North),North (Individual 45),22.02.99,1999.0,02,22,9079.0,With,Build-Up,after,1,0,NV,NV,Traveling,3.44789,16,0.3913598809278755,51.43313680407987,0.0,0.191549,0.112676,0.202817,0.23662,0.4,0.073239,0.35493,0.242254,0.304225,0.270423,0.208451,0.191549,0.107042,0.214085,0.338028,,,,,,,,,,,,
809,Western,Taï,North,Individual 45,Taï (North),North (Individual 45),22.02.99,1999.0,02,22,9079.0,With,Build-Up,Climax,1,2,NV,NV,Resting,0.90544,4,0.8226590688048959,121.36888287896332,1.3082708345352603,0.183376,0.074761,0.647302,,,,,,,,,,,,,,,,,,,,,,,,
810,Western,Taï,North,Individual 45,Taï (North),North (Individual 45),22.02.99,1999.0,02,22,9079.0,With,Build-Up,After Climax,1,3,NV,NV,Traveling,1.60954,8,0.4216435942288241,60.72438497364804,0.0,0.211782,0.118598,0.177897,0.415092,0.127069,0.262609,0.296494,,,,,,,,,,,,,,,,,,,,
811,Western,Taï,North,Individual 45,Taï (North),North (Individual 45),23.02.99,1999.0,02,23,9078.0,With,Build-Up,Climax,1,2,NV,NV,Traveling,0.81916,4,0.3535538221964963,42.85720264939467,0.0,0.136527,0.341318,0.341318,,,,,,,,,,,,,,,,,,,,,,,,
812,Western,Taï,North,Individual 45,Taï (North),North (Individual 45),27.03.99,1999.0,03,27,9046.0,With,Build-Up,Let-Down,1,3,NV,NV,Traveling,5.26452,9,0.3712551652104336,31.811055731720334,2.8676687467547968,0.470613,0.547795,0.597595,0.626051,0.583366,1.287674,0.50511,0.64632,,,,,,,,,,,,,,,,,,,
813,Western,Taï,North,Individual 45,Taï (North),North (Individual 45),27.03.99,1999.0,03,27,9046.0,With,Build-Up,Build-Up,1,1,NV,NV,Traveling,0.57374,4,0.07916007732736215,12.985418409115052,0.0,0.211348,0.174812,0.187583,,,,,,,,,,,,,,,,,,,,,,,,
814,Western,Taï,North,Individual 45,Taï (North),North (Individual 45),27.03.99,1999.0,03,27,9046.0,Unk,Unk,Unk,0,0,NV,NV,Traveling,1.48708,5,0.4832417399735313,70.62348322500976,1.4338343733773984,0.310887,0.632138,0.409335,0.134718,,,,,,,,,,,,,,,,,,,,,,,
815,Western,Taï,North,Individual 45,Taï (North),North (Individual 45),27.03.99,1999.0,03,27,9046.0,With,Build-Up,after,1,0,NV,NV,Traveling,2.63662,8,0.3442232124510983,35.50873284725597,1.544783155738533,0.338028,0.682541,0.371831,0.264789,0.315493,0.366197,0.297741,,,,,,,,,,,,,,,,,,,,
816,Western,Taï,North,Individual 45,Taï (North),North (Individual 45),30.03.99,1999.0,03,30,9043.0,With,Roar,Climax,1,2,NV,NV,Traveling,1.3758,5,0.6653882645976148,77.61244768948198,1.4338343733773984,0.096474,0.188753,0.692094,0.398479,,,,,,,,,,,,,,,,,,,,,,,
817,Western,Taï,North,Individual 45,Taï (North),North (Individual 45),30.03.99,1999.0,03,30,9043.0,Unk,Unk,Unk,0,0,NV,NV,Traveling,1.13472,4,0.693028551324836,117.80048736306603,1.3082708345352603,0.247207,0.744074,0.143436,,,,,,,,,,,,,,,,,,,,,,,,
818,Western,Taï,North,Individual 45,Taï (North),North (Individual 45),07.03.99,1999.0,03,07,9066.0,With,Build-Up,Unk,1,0,NV,NV,Traveling,1.64803,7,0.5515807870088427,47.89457886121718,1.5268037744276668,0.20512,0.608286,0.261705,0.176827,0.20512,0.190974,,,,,,,,,,,,,,,,,,,,,
819,Western,Taï,North,Individual 45,Taï (North),North (Individual 45),07.03.99,1999.0,03,07,9066.0,With,Build-Up,Climax,1,2,NV,NV,Traveling,1.71361,11,0.17046569474738787,18.39945399729701,0.0,0.238451,0.173786,0.181869,0.145495,0.169744,0.117205,0.169744,0.169744,0.161661,0.185911,,,,,,,,,,,,,,,,,
820,Western,Taï,North,Individual 45,Taï (North),North (Individual 45),15.03.99,1999.0,03,15,9058.0,With,Climax,Climax,2,2,NV,NV,Traveling,0.8292,3,0.10183225457882743,20.366450915765487,0.0,0.456818,0.372379,,,,,,,,,,,,,,,,,,,,,,,,,
825,Western,Taï,East,Individual 01,Taï (East),East (Individual 01),13.10.13,2013.0,10,13,3732.0,With,Build-Up,Build-Up,1,1,NV,NV,Traveling,0.49244,4,0.3249863714141277,59.42468318125691,0.0,0.106272,0.234996,0.151176,,,,,,,,,,,,,,,,,,,,,,,,
826,Western,Taï,East,Individual 01,Taï (East),East (Individual 01),13.10.13,2013.0,10,13,3732.0,With,Build-Up,Build-Up,1,1,NV,NV,Traveling,0.85814,5,0.20246491147368215,31.068295928156232,0.0,0.248912,0.160139,0.184508,0.264578,,,,,,,,,,,,,,,,,,,,,,,
827,Western,Taï,East,Individual 03,Taï (East),East (Individual 03),24.10.13,2013.0,10,24,3721.0,With,Build-Up,Climax,1,2,NV,NV,Resting,0.56947,6,0.2592807578993826,46.76434431243843,0.0,0.108127,0.067904,0.141799,0.101856,0.149788,,,,,,,,,,,,,,,,,,,,,,
828,Western,Taï,East,Individual 03,Taï (East),East (Individual 03),24.10.13,2013.0,10,24,3721.0,With,Build-Up,Build-Up,1,1,NV,NV,Resting,0.33151,3,0.10091792933482556,20.18358586696511,0.0,0.182481,0.149026,,,,,,,,,,,,,,,,,,,,,,,,,
829,Western,Taï,East,Individual 03,Taï (East),East (Individual 03),24.10.13,2013.0,10,24,3721.0,With,Build-Up,Build-Up,1,1,NV,NV,Traveling,0.8362,8,0.22654489388450624,30.020094588557207,0.0,0.105908,0.067971,0.154911,0.137523,0.142265,0.105908,0.121715,,,,,,,,,,,,,,,,,,,,
830,Western,Taï,East,Individual 01,Taï (East),East (Individual 01),25.10.13,2013.0,10,25,3720.0,With,Build-Up,Build-Up,1,1,NV,NV,Traveling,0.38019,4,0.5661674490939937,68.0103800850659,0.0,0.054313,0.101384,0.224494,,,,,,,,,,,,,,,,,,,,,,,,
831,Western,Taï,East,Individual 08,Taï (East),East (Individual 08),25.10.13,2013.0,10,25,3720.0,With,Climax,after,2,0,NV,NV,Resting,0.66954,5,0.5206397960658365,100.86339867516773,0.0,0.282032,0.068788,0.220122,0.098596,,,,,,,,,,,,,,,,,,,,,,,
832,Western,Taï,East,Individual 08,Taï (East),East (Individual 08),26.10.13,2013.0,10,26,3719.0,With,Climax,after,2,0,NV,NV,Traveling,1.14415,8,0.37736713203814165,75.41025440972132,0.0,0.154724,0.209692,0.089577,0.242266,0.085506,0.236158,0.126222,,,,,,,,,,,,,,,,,,,,
833,Western,Taï,East,Individual 01,Taï (East),East (Individual 01),28.10.13,2013.0,10,28,3717.0,With,Build-Up,Build-Up,1,1,NV,NV,Traveling,0.60001,5,0.24400528191133455,39.324631027745774,0.0,0.179225,0.128574,0.101301,0.190914,,,,,,,,,,,,,,,,,,,,,,,
834,Western,Taï,East,Individual 01,Taï (East),East (Individual 01),28.10.13,2013.0,10,28,3717.0,With,Build-Up,Climax,1,2,NV,NV,Traveling,1.68049,8,0.44490973840714504,56.983732121293265,0.0,0.262731,0.218117,0.094187,0.470934,0.218117,0.237945,0.178459,,,,,,,,,,,,,,,,,,,,
835,Western,Taï,East,Individual 01,Taï (East),East (Individual 01),28.10.13,2013.0,10,28,3717.0,With,Build-Up,Climax,1,2,NV,NV,Resting,1.66665,8,0.32215466977443163,40.485167743829656,0.0,0.208331,0.149999,0.319442,0.361108,0.166665,0.177776,0.283331,,,,,,,,,,,,,,,,,,,,
837,Western,Taï,East,Individual 08,Taï (East),East (Individual 08),07.11.13,2013.0,11,07,3707.0,With,Build-Up,Climax,1,2,NV,NV,Resting,3.37229,16,0.6935355725598622,64.60416292635483,1.5610588407725163,0.096981,0.185145,0.163104,0.160769,0.102534,0.208604,0.116677,0.233354,0.113141,0.342959,0.123748,0.254568,0.737309,0.202778,0.330616,,,,,,,,,,,,
838,Western,Taï,East,Individual 08,Taï (East),East (Individual 08),07.11.13,2013.0,11,07,3707.0,With,Build-Up,Climax,1,2,NV,NV,Traveling,0.26524,3,0.14166361912374026,28.33272382474805,0.0,0.151408,0.113833,,,,,,,,,,,,,,,,,,,,,,,,,
839,Western,Taï,East,Individual 01,Taï (East),East (Individual 01),07.11.13,2013.0,11,07,3707.0,With,Build-Up,Climax,1,2,NV,NV,Traveling,1.64775,6,0.19383995059585485,25.436972735841646,0.0,0.333056,0.283974,0.399668,0.396162,0.234892,,,,,,,,,,,,,,,,,,,,,,
840,Western,Taï,East,Individual 01,Taï (East),East (Individual 01),07.11.13,2013.0,11,07,3707.0,With,Build-Up,Build-Up,1,1,NV,NV,Traveling,3.34547,8,0.8401596771750652,62.83286101544123,1.544783155738533,0.377841,0.291253,1.452327,0.299124,0.389649,0.322739,0.212536,,,,,,,,,,,,,,,,,,,,
841,Western,Taï,East,Individual 08,Taï (East),East (Individual 08),07.11.13,2013.0,11,07,3707.0,With,after,after,0,0,NV,NV,Traveling,4.13883,21,0.9481938781239027,54.83967241602987,1.5518068998045416,0.169857,0.055001,0.146214,0.125433,0.201215,0.135885,0.209054,0.125433,0.216894,0.11498,0.146338,0.141112,0.224733,0.141112,1.038127,0.250989,0.14461,0.186164,0.227719,0.137961,,,,,,,
844,Western,Taï,East,Individual 01,Taï (East),East (Individual 01),12.11.13,2013.0,11,12,3702.0,With,Build-Up,after,1,0,NV,NV,Resting,1.94706,9,0.3510859771564266,46.429954496784,0.0,0.188955,0.142401,0.232771,0.191694,0.377911,0.287541,0.158832,0.366957,,,,,,,,,,,,,,,,,,,
845,Western,Taï,East,Individual 01,Taï (East),East (Individual 01),12.11.13,2013.0,11,12,3702.0,With,Build-Up,Build-Up,1,1,NV,NV,Traveling,2.02626,10,0.2569985725518004,31.21727132865304,0.0,0.32163,0.24006,0.084977,0.237935,0.244309,0.223064,0.208193,0.231562,0.234528,,,,,,,,,,,,,,,,,,
847,Western,Taï,East,Individual 04,Taï (East),East (Individual 04),14.11.13,2013.0,11,14,3700.0,With,Build-Up,Climax,1,2,NV,NV,Traveling,0.61621,5,0.6522457789789701,136.14464054202057,1.4338343733773984,0.114979,0.301819,0.025152,0.174264,,,,,,,,,,,,,,,,,,,,,,,
848,Western,Taï,East,Individual 06,Taï (East),East (Individual 06),15.11.13,2013.0,11,15,3699.0,With,Build-Up,Build-Up,1,1,NV,NV,Traveling,0.37411,4,0.4848798457568073,117.50752842349566,0.0,0.186321,0.042546,0.145242,,,,,,,,,,,,,,,,,,,,,,,,
849,Western,Taï,East,Individual 03,Taï (East),East (Individual 03),18.11.13,2013.0,11,18,3696.0,With,after,after,0,0,NV,NV,Traveling,1.32227,9,0.6530972656061517,101.24310388200975,0.0,0.193992,0.060204,0.115949,0.372375,0.026758,0.245277,0.225209,0.082502,,,,,,,,,,,,,,,,,,,
850,Western,Taï,East,Individual 03,Taï (East),East (Individual 03),18.11.13,2013.0,11,18,3696.0,With,Build-Up,Build-Up,1,1,NV,NV,Traveling,0.30899,3,0.15068448817113814,30.136897634227626,0.0,0.177775,0.131215,,,,,,,,,,,,,,,,,,,,,,,,,
851,Western,Taï,East,Individual 01,Taï (East),East (Individual 01),18.11.13,2013.0,11,18,3696.0,With,Build-Up,Build-Up,1,1,NV,NV,Resting,1.84995,5,0.46880209043265575,72.13785174072468,2.0,0.638888,0.211017,0.286876,0.713169,,,,,,,,,,,,,,,,,,,,,,,
852,Western,Taï,East,Individual 01,Taï (East),East (Individual 01),19.11.13,2013.0,11,19,3695.0,With,Build-Up,after,1,0,NV,NV,Traveling,2.19521,7,0.6175558772040826,64.20971130734642,1.5268037744276668,0.301912,0.214443,0.843662,0.411955,0.186226,0.237015,,,,,,,,,,,,,,,,,,,,,
855,Western,Taï,East,Individual 03,Taï (East),East (Individual 03),19.11.13,2013.0,11,19,3695.0,With,Build-Up,Build-Up,1,1,NV,NV,Traveling,1.70764,9,1.2038145017521573,71.86577131907927,1.5549511023971747,0.248818,0.068169,0.08862,0.879385,0.11248,0.102254,0.115888,0.092029,,,,,,,,,,,,,,,,,,,
856,Western,Taï,East,Individual 06,Taï (East),East (Individual 06),27.11.13,2013.0,11,27,3687.0,With,Build-Up,Climax,1,2,NV,NV,Traveling,1.02559,7,0.44591267494963094,36.548190074160225,0.0,0.104193,0.098064,0.157311,0.118494,0.296235,0.251289,,,,,,,,,,,,,,,,,,,,,
859,Western,Taï,East,Individual 01,Taï (East),East (Individual 01),28.11.13,2013.0,11,28,3686.0,With,Build-Up,Climax,1,2,NV,NV,Resting,1.4874,9,0.46168901308822197,66.03393704830293,0.0,0.215103,0.094898,0.057361,0.259293,0.312755,0.16306,0.267312,0.117617,,,,,,,,,,,,,,,,,,,
860,Western,Taï,East,Individual 03,Taï (East),East (Individual 03),05.11.13,2013.0,11,05,3709.0,With,after,after,0,0,NV,NV,Traveling,1.10737,5,0.45837199992796335,52.84741119497108,1.4338343733773984,0.274153,0.19352,0.155891,0.4838,,,,,,,,,,,,,,,,,,,,,,,
861,Western,Taï,East,Individual 08,Taï (East),East (Individual 08),07.11.13,2013.0,11,07,3707.0,With,Climax,after,2,0,NV,NV,Traveling,4.62335,22,0.6143993811413416,45.81788377767492,1.5499070752065705,0.095323,0.185629,0.180612,0.205697,0.185629,0.110374,0.040136,0.15051,0.15051,0.290985,0.220747,0.145493,0.185629,0.155527,0.381291,0.341155,0.245832,0.708823,0.289455,0.230781,0.123214,,,,,,
862,Western,Taï,East,Individual 03,Taï (East),East (Individual 03),13.01.14,2014.0,01,13,3640.0,With,Build-Up,Climax,1,2,NV,NV,Traveling,1.53089,13,0.46940913846726007,49.51689946174507,0.0,0.125277,0.125277,0.130288,0.120266,0.102727,0.055122,0.092705,0.150333,0.092705,0.192927,0.057627,0.285632,,,,,,,,,,,,,,,
865,Western,Taï,East,Individual 03,Taï (East),East (Individual 03),19.02.14,2014.0,02,19,3603.0,With,Build-Up,Build-Up,1,1,NV,NV,Traveling,0.98599,10,0.3095854679762294,36.40814871591229,0.0,0.167665,0.076911,0.061528,0.081525,0.147668,0.121519,0.081525,0.127672,0.11998,,,,,,,,,,,,,,,,,,
866,Western,Taï,East,Individual 06,Taï (East),East (Individual 06),20.02.14,2014.0,02,20,3602.0,With,Build-Up,Build-Up,1,1,NV,NV,Traveling,0.42159,3,0.026369158734413187,5.273831746882637,0.0,0.205237,0.216354,,,,,,,,,,,,,,,,,,,,,,,,,
870,Western,Taï,East,Individual 08,Taï (East),East (Individual 08),02.04.14,2014.0,04,02,3561.0,With,after,after,0,0,NV,NV,Traveling,1.31354,10,0.3374574215202007,52.93730166809147,0.0,0.070259,0.140518,0.076369,0.189394,0.134409,0.204668,0.12219,0.216887,0.158847,,,,,,,,,,,,,,,,,,
871,Western,Taï,East,Individual 08,Taï (East),East (Individual 08),02.04.14,2014.0,04,02,3561.0,With,Build-Up,after,1,0,NV,NV,Traveling,1.16453,11,0.4302786788566254,47.97895933480055,0.0,0.128684,0.050059,0.081804,0.062268,0.097676,0.194131,0.199015,0.148956,0.072036,0.129905,,,,,,,,,,,,,,,,,
872,Western,Taï,East,Individual 08,Taï (East),East (Individual 08),02.04.14,2014.0,04,02,3561.0,With,after,after,0,0,NV,NV,Traveling,2.67403,12,0.9008698882556175,56.32655395664937,3.026160224303905,0.169533,0.121095,0.141277,0.145314,0.131859,0.766631,0.270588,0.618487,0.08868,0.115966,0.104597,,,,,,,,,,,,,,,,
874,Western,Taï,East,Individual 03,Taï (East),East (Individual 03),02.04.14,2014.0,04,02,3561.0,With,Build-Up,Build-Up,1,1,NV,NV,Traveling,0.55955,5,0.2516242334361236,38.7212306635519,0.0,0.195057,0.101661,0.143813,0.119018,,,,,,,,,,,,,,,,,,,,,,,
876,Western,Taï,East,Individual 05,Taï (East),East (Individual 05),18.01.20,2020.0,01,18,1444.0,With,Climax,after,2,0,NV,NV,Resting,1.83806,10,0.6563611483219277,85.46013202275364,1.5605694548611453,0.170214,0.046386,0.213644,0.055715,0.204288,0.526197,0.287861,0.161628,0.172127,,,,,,,,,,,,,,,,,,
877,Western,Taï,East,Individual 05,Taï (East),East (Individual 05),18.01.20,2020.0,01,18,1444.0,With,Build-Up,after,1,0,NV,NV,Traveling,1.44939,10,0.4503458493834644,49.57855532907541,0.0,0.24286,0.048572,0.10103,0.122401,0.136002,0.184574,0.303089,0.182631,0.12823,,,,,,,,,,,,,,,,,,
878,Western,Taï,East,Individual 05,Taï (East),East (Individual 05),18.01.20,2020.0,01,18,1444.0,With,Build-Up,after,1,0,NV,NV,Traveling,0.92383,4,0.7529024697576492,125.35066617016552,1.3082708345352603,0.061461,0.618448,0.243922,,,,,,,,,,,,,,,,,,,,,,,,
879,Western,Taï,East,Individual 04,Taï (East),East (Individual 04),19.01.20,2020.0,01,19,1443.0,With,Build-Up,Build-Up,1,1,NV,NV,Traveling,0.38965,5,0.6463368989299769,62.41060418110959,0.0,0.026642,0.052175,0.123222,0.187608,,,,,,,,,,,,,,,,,,,,,,,
882,Western,Taï,East,Individual 08,Taï (East),East (Individual 08),19.01.20,2020.0,01,19,1443.0,With,Build-Up,after,1,0,NV,NV,Traveling,1.80675,13,0.23918010123139802,33.47563127025608,0.0,0.149622,0.10163,0.16656,0.169383,0.206083,0.16656,0.183498,0.06493,0.146799,0.169383,0.12986,0.152445,,,,,,,,,,,,,,,
885,Western,Taï,East,Individual 08,Taï (East),East (Individual 08),19.01.20,2020.0,01,19,1443.0,With,Build-Up,Let-Down,1,3,NV,NV,Traveling,3.48086,17,0.5498802791475074,66.51822361501125,1.5593509992552081,0.326251,0.171526,0.21532,0.135031,0.302908,0.127732,0.251815,0.186124,0.178825,0.295609,0.102186,0.138681,0.197073,0.583919,0.047443,0.220416,,,,,,,,,,,
886,Western,Taï,East,Individual 06,Taï (East),East (Individual 06),19.01.20,2020.0,01,19,1443.0,With,Build-Up,Climax,1,2,NV,NV,Traveling,0.52799,6,0.3876950409911764,58.90893937239221,0.0,0.076266,0.058666,0.164264,0.085065,0.143731,,,,,,,,,,,,,,,,,,,,,,
887,Western,Taï,East,Individual 06,Taï (East),East (Individual 06),19.01.20,2020.0,01,19,1443.0,Without,0,0,0,0,NV,NV,Traveling,0.43892,3,0.18333451046776278,36.66690209355256,0.0,0.259694,0.179225,,,,,,,,,,,,,,,,,,,,,,,,,
888,Western,Taï,East,Individual 06,Taï (East),East (Individual 06),19.01.20,2020.0,01,19,1443.0,With,Build-Up,Climax,1,2,NV,NV,Traveling,1.56665,9,0.9615338323900177,70.36208542632377,1.5549511023971747,0.079324,0.042967,0.109071,0.188395,0.677559,0.1917,0.122291,0.155343,,,,,,,,,,,,,,,,,,,
890,Western,Taï,East,Individual 08,Taï (East),East (Individual 08),02.02.20,2020.0,02,02,1429.0,With,Build-Up,Let-Down,1,0,NV,NV,Traveling,1.69166,8,0.7936963019600114,56.710476316128585,1.5447831557385332,0.165545,0.131919,0.165545,0.708739,0.139679,0.193998,0.186238,,,,,,,,,,,,,,,,,,,,
891,Western,Taï,East,Individual 08,Taï (East),East (Individual 08),02.02.20,2020.0,02,02,1429.0,With,Build-Up,after,1,0,NV,NV,Traveling,1.66758,10,0.27667287384661876,30.07781731104544,0.0,0.077621,0.234281,0.174837,0.157353,0.180082,0.185327,0.222043,0.269249,0.166788,,,,,,,,,,,,,,,,,,
892,Western,Taï,East,Individual 08,Taï (East),East (Individual 08),02.02.20,2020.0,02,02,1429.0,With,after,after,0,0,NV,NV,Traveling,1.39519,9,0.5330354368906358,64.26298494125427,0.0,0.107707,0.177842,0.393759,0.070213,0.207714,0.178459,0.112634,0.146857,,,,,,,,,,,,,,,,,,,
893,Western,Taï,East,Individual 08,Taï (East),East (Individual 08),02.02.20,2020.0,02,02,1429.0,With,roar,after,1,0,NV,NV,Traveling,0.55104,5,0.28361968107731705,41.84898993503076,0.0,0.159103,0.110596,0.091193,0.190147,,,,,,,,,,,,,,,,,,,,,,,
895,Western,Taï,East,Individual 08,Taï (East),East (Individual 08),02.02.20,2020.0,02,02,1429.0,With,Build-Up,Climax,1,2,NV,NV,Resting,2.41357,10,0.8341128788817902,50.38831333513573,1.5605694548611453,0.188842,0.147946,0.126295,0.116673,0.156366,0.869669,0.250971,0.201944,0.354861,,,,,,,,,,,,,,,,,,
896,Western,Taï,East,Individual 06,Taï (East),East (Individual 06),02.02.20,2020.0,02,02,1429.0,With,Build-Up,Build-Up,1,1,NV,NV,Traveling,0.45065,4,0.19263317843696343,35.97525216499956,0.0,0.144765,0.188064,0.117816,,,,,,,,,,,,,,,,,,,,,,,,
897,Western,Taï,East,Individual 08,Taï (East),East (Individual 08),03.02.20,2020.0,02,03,1428.0,With,Climax,after,2,0,NV,NV,Traveling,1.93544,11,0.7494831185595107,71.45576245346453,1.5634178663936409,0.159859,0.03711,0.151295,0.062802,0.202678,0.142731,0.11704,0.239788,0.236934,0.585198,,,,,,,,,,,,,,,,,
898,Western,Taï,East,Individual 05,Taï (East),East (Individual 05),03.02.20,2020.0,02,03,1428.0,With,Climax,after,2,0,NV,NV,Traveling,1.15475,7,0.3537035529197561,38.823042515705716,0.0,0.104161,0.201139,0.172404,0.12212,0.269382,0.285545,,,,,,,,,,,,,,,,,,,,,
899,Western,Taï,East,Individual 08,Taï (East),East (Individual 08),03.02.20,2020.0,02,03,1428.0,With,Build-Up,after,1,0,NV,NV,Traveling,1.36411,8,0.389176791912851,52.301065081464536,0.0,0.080417,0.29772,0.25924,0.14892,0.184661,0.268056,0.125093,,,,,,,,,,,,,,,,,,,,
901,Western,Taï,East,Individual 08,Taï (East),East (Individual 08),03.02.20,2020.0,02,03,1428.0,With,Build-Up,Climax,1,2,NV,NV,Traveling,1.09884,6,0.299815444612551,53.676992623768385,0.0,0.224909,0.276316,0.092105,0.250612,0.254896,,,,,,,,,,,,,,,,,,,,,,
902,Western,Taï,East,Individual 05,Taï (East),East (Individual 05),10.02.20,2020.0,02,10,1421.0,With,after,after,0,0,NV,NV,Traveling,1.07301,10,0.49156826869254294,68.85219946827667,0.0,0.142016,0.183438,0.045366,0.075124,0.037306,0.18541,0.086788,0.116374,0.20119,,,,,,,,,,,,,,,,,,
903,Western,Taï,East,Individual 08,Taï (East),East (Individual 08),15.02.20,2020.0,02,15,1416.0,With,Build-Up,after,1,0,NV,NV,Traveling,3.29207,14,1.51514593053956,62.72063354939146,1.5637814635855283,0.190157,0.196291,0.237185,0.075654,0.094056,0.141084,0.10019,1.571724,0.095563,0.16788,0.136887,0.192417,0.09298,,,,,,,,,,,,,,
905,Western,Taï,East,Individual 08,Taï (East),East (Individual 08),15.02.20,2020.0,02,15,1416.0,With,after,after,0,0,NV,NV,Traveling,0.31346,4,0.20290865903418348,38.557569469894084,0.0,0.082058,0.132934,0.09847,,,,,,,,,,,,,,,,,,,,,,,,
906,Western,Taï,East,Individual 08,Taï (East),East (Individual 08),15.02.20,2020.0,02,15,1416.0,With,Build-Up,after,1,0,NV,NV,Traveling,1.99971,13,0.6142758312346948,59.25627134451784,0.0,0.201154,0.139033,0.127201,0.221862,0.174531,0.136075,0.065079,0.127201,0.150866,0.17576,0.022436,0.458514,,,,,,,,,,,,,,,
907,Western,Taï,East,Individual 08,Taï (East),East (Individual 08),15.02.20,2020.0,02,15,1416.0,With,Build-Up,after,1,0,NV,NV,Traveling,3.53916,15,0.7132553821283636,72.58876154890638,1.5625731702820085,0.206339,0.10317,0.165968,0.282595,0.188397,0.394736,0.784986,0.192882,0.130083,0.17494,0.251195,0.062799,0.457534,0.14354,,,,,,,,,,,,,
908,Western,Taï,East,Individual 08,Taï (East),East (Individual 08),15.02.20,2020.0,02,15,1416.0,With,Build-Up,after,1,0,NV,NV,Traveling,2.48516,14,0.6751416848437544,50.86612279648563,1.5637814635855283,0.073435,0.18552,0.16215,0.13932,0.127545,0.181655,0.10049,0.17006,0.614535,0.20098,0.112085,0.21644,0.20098,,,,,,,,,,,,,,
917,Western,Taï,South,Individual 64,Taï (South),South (Individual 64),17.01.20,2020.0,01,17,1445.0,With,after,after,0,0,NV,NV,Traveling,0.76766,7,0.3001796806979227,54.94100081039994,2.6165416690705205,0.134781,0.056647,0.154314,0.164081,0.09962,0.158221,,,,,,,,,,,,,,,,,,,,,
919,Western,Taï,South,Individual 64,Taï (South),South (Individual 64),22.01.20,2020.0,01,22,1440.0,With,Build-Up,Build-Up,1,1,NV,NV,Traveling,0.53497,3,0.28716831942276594,57.43366388455319,1.0,0.344295,0.19067,,,,,,,,,,,,,,,,,,,,,,,,,
921,Western,Taï,South,Individual 64,Taï (South),South (Individual 64),24.01.20,2020.0,01,24,1438.0,With,Build-Up,Build-Up,1,1,NV,NV,Traveling,0.6007,5,0.4490145953312681,60.0461471525397,1.4338343733773984,0.047738,0.234712,0.173051,0.145203,,,,,,,,,,,,,,,,,,,,,,,
926,Western,Taï,South,Individual 66,Taï (South),South (Individual 66),27.01.20,2020.0,01,27,1435.0,With,Build-Up,Climax,1,2,NV,NV,Resting,1.48833,14,0.34042329369218977,32.2946315365218,0.0,0.097519,0.092876,0.118417,0.132348,0.08591,0.062691,0.081266,0.081266,0.153245,0.192717,0.076622,0.143957,0.169498,,,,,,,,,,,,,,
927,Western,Taï,South,Individual 66,Taï (South),South (Individual 66),27.01.20,2020.0,01,27,1435.0,With,Build-Up,after,1,0,NV,NV,Traveling,4.70626,27,1.480927001014105,73.42304241860838,3.1275629271710557,0.150334,0.232775,0.167307,0.058194,0.093079,0.047556,0.09214,0.053344,0.058194,0.133361,0.033946,0.220651,0.089715,0.084866,0.106689,0.04607,1.183776,0.064416,0.123266,0.16621,0.080321,0.994517,0.12688,0.11224,0.100528,0.085888,
931,Western,Taï,South,Individual 66,Taï (South),South (Individual 66),30.01.20,2020.0,01,30,1432.0,With,Build-Up,Climax,1,2,NV,NV,Resting,2.73034,16,0.9141397389303991,108.5148974345664,1.5610588407725163,0.080227,0.203652,0.046285,0.15531,0.041142,0.702735,0.101852,0.23564,0.035389,0.167451,0.034016,0.377972,0.214242,0.195082,0.139345,,,,,,,,,,,,
932,Western,Taï,South,Individual 66,Taï (South),South (Individual 66),31.01.20,2020.0,01,31,1431.0,With,Build-Up,Climax,1,2,NV,NV,Traveling,0.48635,5,0.28825804856754456,53.32314291820376,0.0,0.145178,0.119772,0.06533,0.156067,,,,,,,,,,,,,,,,,,,,,,,
933,Western,Taï,South,Individual 66,Taï (South),South (Individual 66),31.01.20,2020.0,01,31,1431.0,With,Build-Up,Build-Up,1,1,NV,NV,Traveling,0.65009,5,0.41211125923048214,57.81159412946769,0.0,0.104227,0.273815,0.155457,0.116592,,,,,,,,,,,,,,,,,,,,,,,
935,Western,Taï,South,Individual 66,Taï (South),South (Individual 66),06.02.20,2020.0,02,06,1425.0,With,Build-Up,Build-Up,1,1,NV,NV,Traveling,0.61806,7,0.21969251554151453,32.73784368029212,0.0,0.081471,0.137658,0.112374,0.092708,0.073043,0.120802,,,,,,,,,,,,,,,,,,,,,
936,Western,Taï,South,Individual 66,Taï (South),South (Individual 66),09.02.20,2020.0,02,09,1422.0,With,Build-Up,Build-Up,1,1,NV,NV,Traveling,0.59753,7,0.3703864889684767,70.48549459208698,0.0,0.1385,0.057379,0.148393,0.071229,0.118714,0.063314,,,,,,,,,,,,,,,,,,,,,
937,Western,Taï,South,Individual 66,Taï (South),South (Individual 66),09.02.20,2020.0,02,09,1422.0,With,Build-Up,Climax,1,2,NV,NV,Traveling,1.88836,8,1.2855959581680687,80.01314630575283,1.544783155738533,0.218268,0.210541,0.106236,0.083058,1.107822,0.100414,0.06202,,,,,,,,,,,,,,,,,,,,
938,Western,Taï,South,Individual 66,Taï (South),South (Individual 66),09.02.20,2020.0,02,09,1422.0,With,Build-Up,Build-Up,1,1,NV,NV,Traveling,0.97467,8,0.5161836075099457,99.42663721673597,0.0,0.173904,0.154582,0.031976,0.183271,0.024766,0.206387,0.199782,,,,,,,,,,,,,,,,,,,,
939,Western,Taï,South,Individual 66,Taï (South),South (Individual 66),09.02.20,2020.0,02,09,1422.0,With,Build-Up,Build-Up,1,1,NV,NV,Traveling,0.54108,7,0.25598817620346287,28.981713031982792,0.0,0.057972,0.085578,0.09478,0.091099,0.134349,0.077296,,,,,,,,,,,,,,,,,,,,,
947,Western,Nimba,Tongbongbon,Individual 72,Nimba (Tongbongbon),Tongbongbon (Individual 72),13.12.12,2012.0,12,13,4036.0,With,Build-Up,Build-Up,1,1,NV,NV,Traveling,1.00278,5,0.05852400295882234,8.971586128848262,0.0,0.245082,0.275016,0.246953,0.235728,,,,,,,,,,,,,,,,,,,,,,,
948,Western,Nimba,Tongbongbon,Individual 72,Nimba (Tongbongbon),Tongbongbon (Individual 72),03.02.12,2012.0,02,03,4350.0,With,Build-Up,Climax,1,2,NV,NV,Traveling,1.10949,8,0.36746331162657414,64.81362231701914,3.4170300778499563,0.215863,0.111413,0.155514,0.192652,0.04178,0.178725,0.213542,,,,,,,,,,,,,,,,,,,,
949,Western,Nimba,Tongbongbon,Individual 75,Nimba (Tongbongbon),Tongbongbon (Individual 75),24.09.13,2013.0,09,24,3751.0,With,Build-Up,Build-Up,1,1,NV,NV,Traveling,0.29803,3,0.13043361552063723,26.086723104127447,0.0,0.168451,0.129578,,,,,,,,,,,,,,,,,,,,,,,,,
950,Western,Nimba,Tongbongbon,Individual 72,Nimba (Tongbongbon),Tongbongbon (Individual 72),05.01.14,2014.0,01,05,3648.0,With,Build-Up,Build-Up,1,1,NV,NV,Traveling,1.23537,8,0.48406522908322175,59.93934049878542,3.4170300778499563,0.291706,0.116364,0.090859,0.168966,0.28533,0.219975,0.062167,,,,,,,,,,,,,,,,,,,,
951,Western,Nimba,Tongbongbon,Individual 72,Nimba (Tongbongbon),Tongbongbon (Individual 72),07.01.14,2014.0,01,07,3646.0,With,Build-Up,Climax,1,2,NV,NV,Traveling,1.21267,6,0.4460434838062492,47.10039408174905,2.579470570797252,0.239047,0.122014,0.126994,0.393432,0.33118,,,,,,,,,,,,,,,,,,,,,,
952,Western,Nimba,Tongbongbon,Individual 75,Nimba (Tongbongbon),Tongbongbon (Individual 75),09.06.20,2020.0,06,09,1301.0,With,Build-Up,after,1,0,NV,NV,Traveling,2.2282,8,1.376938364581148,93.97523912367382,1.544783155738533,0.177137,0.09323,1.386018,0.080799,0.226859,0.13363,0.130522,,,,,,,,,,,,,,,,,,,,
954,Western,Nimba,Tongbongbon,Individual 72,Nimba (Tongbongbon),Tongbongbon (Individual 72),09.06.20,2020.0,06,09,1301.0,With,Build-Up,Climax,1,2,NV,NV,Traveling,1.36932,6,0.5717496055767597,68.65794106548893,2.579470570797252,0.182867,0.113203,0.468052,0.459344,0.145858,,,,,,,,,,,,,,,,,,,,,,
955,Western,Nimba,Tongbongbon,Individual 74,Nimba (Tongbongbon),Tongbongbon (Individual 74),09.06.20,2020.0,06,09,1301.0,With,Build-Up,Climax,1,2,NV,NV,Resting,1.98142,13,0.4115586039664304,54.31926777963077,0.0,0.100917,0.275675,0.221525,0.196911,0.280598,0.113224,0.140299,0.184604,0.068919,0.14276,0.076303,0.179681,,,,,,,,,,,,,,,
956,Western,Nimba,Tongbongbon,Individual 74,Nimba (Tongbongbon),Tongbongbon (Individual 74),09.06.20,2020.0,06,09,1301.0,Without,0,0,0,0,NV,NV,Traveling,2.92481,13,0.6455589479512448,66.96713889306815,0.0,0.05114,0.140634,0.105476,0.55934,0.137438,0.281268,0.265287,0.432328,0.474218,0.162688,0.096921,0.218071,,,,,,,,,,,,,,,
957,Western,Nimba,Tongbongbon,Individual 76,Nimba (Tongbongbon),Tongbongbon (Individual 76),09.06.20,2020.0,06,09,1301.0,With,Build-Up,after,1,0,NV,NV,Traveling,2.90835,14,0.5669977695198735,58.08596370127871,0.0,0.051606,0.1327,0.106897,0.353867,0.213795,0.125328,0.287517,0.261714,0.42759,0.475509,0.169561,0.092153,0.210109,,,,,,,,,,,,,,
959,Western,Nimba,Tongbongbon,Individual 74,Nimba (Tongbongbon),Tongbongbon (Individual 74),26.10.21,2021.0,10,26,797.0,With,Build-Up,Climax,1,2,NV,NV,Traveling,1.8949,11,0.2706017884706862,43.11464557053688,0.0,0.200448,0.096215,0.259246,0.160358,0.155013,0.213811,0.211138,0.144323,0.275282,0.179067,,,,,,,,,,,,,,,,,
960,Western,Nimba,Tongbongbon,Individual 74,Nimba (Tongbongbon),Tongbongbon (Individual 74),26.10.21,2021.0,10,26,797.0,With,Build-Up,Climax,1,2,NV,NV,Resting,1.0973,7,0.5014398766366333,69.18531769690628,0.0,0.147985,0.064547,0.244018,0.157431,0.132242,0.351071,,,,,,,,,,,,,,,,,,,,,
962,Western,Nimba,Tongbongbon,Individual 72,Nimba (Tongbongbon),Tongbongbon (Individual 72),26.10.21,2021.0,10,26,797.0,With,Build-Up,Build-Up,1,1,NV,NV,Traveling,0.89161,7,0.67388277103428,95.16722308312535,2.6165416690705205,0.086396,0.096764,0.276468,0.079485,0.300659,0.051838,,,,,,,,,,,,,,,,,,,,,
964,Western,Nimba,Tongbongbon,Individual 76,Nimba (Tongbongbon),Tongbongbon (Individual 76),27.10.21,2021.0,10,27,796.0,With,Build-Up,Climax,1,2,NV,NV,Traveling,2.87614,9,0.7151091016171627,73.87810162186852,2.8676687467547968,0.195941,0.297411,0.230931,0.965711,0.227432,0.206438,0.566831,0.185445,,,,,,,,,,,,,,,,,,,
965,Western,Nimba,Tongbongbon,Individual 76,Nimba (Tongbongbon),Tongbongbon (Individual 76),28.10.21,2021.0,10,28,795.0,With,Build-Up,Climax,1,2,NV,NV,Traveling,1.13455,12,0.6339262748415159,51.19033847219386,0.0,0.040404,0.260203,0.063031,0.043637,0.048485,0.07596,0.059798,0.119596,0.124445,0.113132,0.185859,,,,,,,,,,,,,,,,
966,Western,Nimba,Tongbongbon,Individual 74,Nimba (Tongbongbon),Tongbongbon (Individual 74),29.10.21,2021.0,10,29,794.0,With,Build-Up,Build-Up,1,1,NV,NV,Traveling,1.17316,7,0.6374942069561045,84.80067662816109,0.0,0.082926,0.156097,0.175609,0.436582,0.065853,0.256096,,,,,,,,,,,,,,,,,,,,,
967,Western,Nimba,Tongbongbon,Individual 76,Nimba (Tongbongbon),Tongbongbon (Individual 76),30.10.21,2021.0,10,30,793.0,With,after,after,0,0,NV,NV,Traveling,1.32435,5,1.0945567621350514,144.12679431655008,1.4338343733773984,0.030413,0.237774,0.945567,0.110593,,,,,,,,,,,,,,,,,,,,,,,
968,Western,Nimba,Tongbongbon,Individual 72,Nimba (Tongbongbon),Tongbongbon (Individual 72),31.10.21,2021.0,10,31,792.0,With,Climax,Climax,2,2,NV,NV,Traveling,0.50917,5,0.0665297624042351,11.098427232721026,0.0,0.124519,0.12945,0.115889,0.139313,,,,,,,,,,,,,,,,,,,,,,,
969,Western,Nimba,Tongbongbon,Individual 72,Nimba (Tongbongbon),Tongbongbon (Individual 72),01.11.21,2021.0,11,01,791.0,With,Build-Up,Build-Up,1,1,NV,NV,Traveling,2.91734,18,0.7060456568929859,78.68448569095756,8.428394501252574,0.041294,0.132731,0.098362,0.204289,0.064313,0.276169,0.170241,0.208073,0.143759,0.57882,0.170241,0.183747,0.065446,0.210736,0.083771,0.219898,0.065446,,,,,,,,,,
970,Western,Nimba,Tongbongbon,Individual 76,Nimba (Tongbongbon),Tongbongbon (Individual 76),02.11.21,2021.0,11,02,790.0,With,Build-Up,Climax,1,2,NV,NV,Traveling,0.80092,6,0.18962434223410982,20.121650587877767,0.0,0.179282,0.208513,0.130564,0.128616,0.153949,,,,,,,,,,,,,,,,,,,,,,
971,Western,Nimba,Tongbongbon,Individual 74,Nimba (Tongbongbon),Tongbongbon (Individual 74),03.11.21,2021.0,11,03,789.0,With,Climax,after,2,0,NV,NV,Traveling,2.3152,8,1.726163968551263,91.41961765812069,1.544783155738533,0.126483,1.726775,0.065991,0.087989,0.164978,0.065991,0.07699,,,,,,,,,,,,,,,,,,,,
972,Western,Nimba,Tongbongbon,Individual 72,Nimba (Tongbongbon),Tongbongbon (Individual 72),04.11.21,2021.0,11,04,788.0,Without,0,0,0,0,NV,NV,Traveling,0.20003,3,0.2244924485949537,44.89848971899074,0.0,0.122467,0.077562,,,,,,,,,,,,,,,,,,,,,,,,,
973,Western,Nimba,Tongbongbon,Individual 72,Nimba (Tongbongbon),Tongbongbon (Individual 72),05.11.21,2021.0,11,05,787.0,With,Build-Up,Build-Up,1,1,NV,NV,Traveling,0.62176,4,0.12249494488246082,15.060508610542517,0.0,0.238677,0.206586,0.176501,,,,,,,,,,,,,,,,,,,,,,,,
975,Western,Nimba,Tongbongbon,Individual 75,Nimba (Tongbongbon),Tongbongbon (Individual 75),10.05.22,2022.0,05,10,601.0,Without,0,0,0,0,NV,NV,Traveling,0.95307,5,0.1848087315946328,22.44549630047725,0.0,0.168965,0.240248,0.290409,0.253448,,,,,,,,,,,,,,,,,,,,,,,
976,Western,Nimba,Gahtoy,Individual 21,Nimba (Gahtoy),Gahtoy (Individual 21),09.06.20,2020.0,06,09,1301.0,With,Unk,Unk,0,0,NV,NV,Traveling,0.40251,4,0.3722115587511347,69.69596486365283,0.0,0.198176,0.076316,0.128014,,,,,,,,,,,,,,,,,,,,,,,,
977,Western,Nimba,Gahtoy,Individual 21,Nimba (Gahtoy),Gahtoy (Individual 21),10.06.20,2020.0,06,10,1300.0,With,Build-Up,Build-Up,1,1,NV,NV,Traveling,0.82676,6,0.807358069653707,68.04324056498294,1.4945555226170317,0.069243,0.063703,0.113558,0.423767,0.156489,,,,,,,,,,,,,,,,,,,,,,
978,Western,Nimba,Gahtoy,Individual 19,Nimba (Gahtoy),Gahtoy (Individual 19),11.06.20,2020.0,06,11,1299.0,With,Build-Up,Climax,1,2,NV,NV,Traveling,1.00312,11,1.0559954454644778,84.95768175202589,1.563417866393641,0.049407,0.089831,0.068871,0.08534,0.050904,0.09582,0.032938,0.41023,0.028447,0.091329,,,,,,,,,,,,,,,,,
979,Western,Nimba,Gahtoy,Individual 19,Nimba (Gahtoy),Gahtoy (Individual 19),12.06.20,2020.0,06,12,1298.0,With,Climax,after,2,0,NV,NV,Traveling,2.31297,13,0.24946461766911374,28.400255305679273,6.0,0.222898,0.209976,0.16152,0.16475,0.119525,0.171211,0.193824,0.155059,0.300427,0.193824,0.15829,0.261662,,,,,,,,,,,,,,,
980,Western,Nimba,Gahtoy,Individual 19,Nimba (Gahtoy),Gahtoy (Individual 19),02.01.20,2020.0,01,02,1460.0,With,Build-Up,Climax,1,2,NV,NV,Traveling,1.10909,10,0.0897039516643266,12.247149315503993,0.0,0.11924,0.115973,0.120873,0.127407,0.104539,0.137207,0.140474,0.112706,0.130673,,,,,,,,,,,,,,,,,,
981,Western,Nimba,Gahtoy,Individual 19,Nimba (Gahtoy),Gahtoy (Individual 19),02.01.20,2020.0,01,02,1460.0,With,Build-Up,Build-Up,1,1,NV,NV,Traveling,2.48916,17,0.4992084788769284,48.61023892234274,6.7100357357939355,0.067274,0.072881,0.241067,0.120533,0.067274,0.232657,0.227051,0.106518,0.140155,0.168186,0.159777,0.072881,0.11773,0.103715,0.322357,0.269098,,,,,,,,,,,
983,Western,Nimba,Gahtoy,Individual 19,Nimba (Gahtoy),Gahtoy (Individual 19),16.02.22,2022.0,02,16,684.0,With,after,after,0,0,NV,NV,Traveling,1.49608,15,0.3667609699267615,44.01145438832219,3.0895663114770664,0.062071,0.109819,0.187806,0.087537,0.100269,0.197355,0.105044,0.087537,0.08117,0.124143,0.074804,0.119368,0.066846,0.092311,,,,,,,,,,,,,
984,Western,Nimba,Gahtoy,Individual 21,Nimba (Gahtoy),Gahtoy (Individual 21),01.04.22,2022.0,04,01,640.0,Without,0,0,0,0,NV,NV,Traveling,0.89632,8,0.36648480622505075,39.73478936495939,0.0,0.224079,0.131569,0.096621,0.156238,0.082231,0.080175,0.125402,,,,,,,,,,,,,,,,,,,,
985,Western,Nimba,Gahtoy,Individual 19,Nimba (Gahtoy),Gahtoy (Individual 19),01.04.22,2022.0,04,01,640.0,With,Build-Up,after,1,0,NV,NV,Traveling,2.31145,14,0.412931700169344,54.561003173997086,6.455256525785277,0.081912,0.284132,0.312499,0.125218,0.191981,0.145906,0.186862,0.235497,0.107509,0.153585,0.053755,0.20734,0.225258,,,,,,,,,,,,,,
987,Western,Nimba,Gahtoy,Individual 19,Nimba (Gahtoy),Gahtoy (Individual 19),28.03.22,2022.0,03,28,644.0,With,Build-Up,Build-Up,1,1,NV,NV,Traveling,0.9496,9,0.21002345106675102,25.129642664749507,1.5549511023971747,0.123157,0.09885,0.121536,0.116675,0.17679,0.093831,0.095609,0.123157,,,,,,,,,,,,,,,,,,,
988,Western,Taï,East,Individual 04,Taï (East),East (Individual 04),14.11.13,2013.0,11,14,3700.0,With,Build-Up,Climax,1,2,Traveling,Traveling,Traveling,0.885113,6,0.5303406735564866,104.53382154211133,2.384080545409061,0.123186,0.293161,0.031937,0.177935,0.257778,,,,,,,,,,,,,,,,,,,,,,
989,Western,Taï,East,Individual 04,Taï (East),East (Individual 04),04.10.14,2014.0,10,04,3376.0,With,Climax,Climax,2,2,Resting,Traveling,Traveling,1.838696,11,0.8712895478399006,89.92860285299815,2.989111045234063,0.078296,0.151541,0.040411,0.098502,0.217209,0.247517,0.181849,0.03536,0.618792,0.169221,,,,,,,,,,,,,,,,,
990,Western,Taï,East,Individual 04,Taï (East),East (Individual 04),10.12.14,2014.0,12,10,3309.0,With,Build-Up,Climax,1,2,Resting,Resting,Resting,1.674943,14,0.2011635014397998,21.502184795785503,0.0,0.116912,0.116912,0.097824,0.126456,0.133614,0.10021,0.109754,0.145544,0.159859,0.128842,0.10021,0.190877,0.147929,,,,,,,,,,,,,,
991,Western,Taï,East,Individual 04,Taï (East),East (Individual 04),10.12.14,2014.0,12,10,3309.0,with,Build-Up,Climax,1,2,NV,Traveling,Traveling,1.277698,9,0.5641093502962827,56.635590750517835,2.8676687467547968,0.235938,0.127044,0.112524,0.134303,0.104791,0.363456,0.141563,0.058077,,,,,,,,,,,,,,,,,,,
992,Western,Taï,South,Individual 61,Taï (South),South (Individual 61),05.12.13,2013.0,12,05,3679.0,with,Build-Up,Climax,1,2,NV,Traveling,Traveling,1.311438,8,0.42104539590980594,66.82692083621716,3.2792076233156693,0.166752,0.066006,0.217125,0.123327,0.202572,0.339373,0.196281,,,,,,,,,,,,,,,,,,,,
993,Western,Taï,South,Individual 61,Taï (South),South (Individual 61),24.12.13,2013.0,12,24,3660.0,with,Build-Up,Let-Down,1,3,NV,Resting,Resting,2.580391,15,0.5287235684254323,63.51499638886415,7.0886910017467635,0.073326,0.104752,0.171095,0.170815,0.10154,0.356157,0.251405,0.055868,0.275847,0.248823,0.330804,0.073326,0.111735,0.254897,,,,,,,,,,,,,
994,Western,Taï,South,Individual 65,Taï (South),South (Individual 65),05.01.14,2014.0,01,05,3648.0,with,Build-Up,after,1,0,NV,Resting,Resting,1.996365,12,1.4214366526965396,86.4904467105637,1.5645258176027994,0.083315,0.041658,0.185857,0.048486,0.057261,0.979969,0.212082,0.112155,0.060884,0.128178,0.08652,,,,,,,,,,,,,,,,
995,Western,Taï,South,Individual 65,Taï (South),South (Individual 65),04.01.15,2015.0,01,04,3284.0,with,Build-Up,Climax,1,2,NV,Traveling,Traveling,2.120719,17,0.44098204802790236,67.71979188216271,0.0,0.099868,0.167425,0.070495,0.161551,0.058746,0.149801,0.082244,0.23792,0.240857,0.161551,0.061683,0.170362,0.067558,0.187986,0.105742,0.09693,,,,,,,,,,,
996,Western,Taï,South,Individual 65,Taï (South),South (Individual 65),06.01.15,2015.0,01,06,3282.0,with,Build-Up,Build-Up,1,1,Traveling,Traveling,Traveling,1.195662,6,0.2917019935880523,18.58020932490603,0.0,0.175403,0.192943,0.213407,0.24264,0.371269,,,,,,,,,,,,,,,,,,,,,,
997,Western,Taï,South,Individual 61,Taï (South),South (Individual 61),26.12.13,2013.0,12,26,3658.0,with,Build-Up,after,1,0,NV,Traveling,Traveling,0.384247,3,0.3939403403028268,78.78806806056538,1.0,0.267808,0.116438,,,,,,,,,,,,,,,,,,,,,,,,,
998,Western,Taï,South,Individual 68,Taï (South),South (Individual 68),04.01.15,2015.0,01,04,3284.0,with,Build-Up,after,1,0,Resting,Resting,Resting,2.498339,20,0.8390794193655493,84.02479087450885,0.0,0.081479,0.115786,0.047172,0.428836,0.420931,0.078907,0.182093,0.054628,0.07823,0.08363,0.034395,0.163883,0.038442,0.151744,0.042488,0.145674,0.066767,0.16186,0.121395,,,,,,,,
999,Western,Taï,South,Individual 68,Taï (South),South (Individual 68),04.01.15,2015.0,01,04,3284.0,with,Build-Up,Build-Up,1,1,Resting,Traveling,Traveling,0.404548,3,0.09644838189782176,19.28967637956435,0.0,0.182765,0.221783,,,,,,,,,,,,,,,,,,,,,,,,,
1000,Western,Taï,South,Individual 68,Taï (South),South (Individual 68),08.01.15,2015.0,01,08,3280.0,with,Build-Up,Climax,1,2,Feeding,Resting,Resting,2.08125,6,1.1432871625037846,119.96250274957845,1.4945555226170317,0.12344,0.063155,0.429282,1.333322,0.132052,,,,,,,,,,,,,,,,,,,,,,
