Population,Community,Individual,Pop_com_code,Com_indiv_code,Drumming_bout,Ratio_i,Ratio,Subspecies,Days_before_2024
Budongo,Sonso,Individual 48,Budongo (Sonso),Sonso (Individual 48),3,1,0.14634126436162484,Eastern,1903.0
Budongo,Sonso,Individual 48,Budongo (Sonso),Sonso (Individual 48),3,2,0.8056267560506729,Eastern,1903.0
Budongo,Sonso,Individual 60,Budongo (Sonso),Sonso (Individual 60),6,1,0.2784813021766477,Eastern,1892.0
Budongo,Sonso,Individual 60,Budongo (Sonso),Sonso (Individual 60),6,2,0.1443036295477989,Eastern,1892.0
Budongo,Sonso,Individual 60,Budongo (Sonso),Sonso (Individual 60),6,3,0.9234971238808807,Eastern,1892.0
Budongo,Sonso,Individual 60,Budongo (Sonso),Sonso (Individual 60),7,1,0.5624997059114157,Eastern,1892.0
Budongo,Sonso,Individual 60,Budongo (Sonso),Sonso (Individual 60),7,2,0.5490189131577238,Eastern,1892.0
Budongo,Sonso,Individual 60,Budongo (Sonso),Sonso (Individual 60),7,3,0.41071543806061644,Eastern,1892.0
Budongo,Sonso,Individual 60,Budongo (Sonso),Sonso (Individual 60),7,4,0.5,Eastern,1892.0
Budongo,Sonso,Individual 60,Budongo (Sonso),Sonso (Individual 60),7,5,0.5,Eastern,1892.0
Budongo,Sonso,Individual 60,Budongo (Sonso),Sonso (Individual 60),7,6,0.4230763290992626,Eastern,1892.0
Budongo,Sonso,Individual 60,Budongo (Sonso),Sonso (Individual 60),7,7,0.6428574501494978,Eastern,1892.0
Budongo,Sonso,Individual 60,Budongo (Sonso),Sonso (Individual 60),7,8,0.3571425498505023,Eastern,1892.0
Budongo,Sonso,Individual 60,Budongo (Sonso),Sonso (Individual 60),7,9,0.6923073359216464,Eastern,1892.0
Budongo,Sonso,Individual 60,Budongo (Sonso),Sonso (Individual 60),7,10,0.30303154743979344,Eastern,1892.0
Budongo,Sonso,Individual 60,Budongo (Sonso),Sonso (Individual 60),7,11,0.7796617955562815,Eastern,1892.0
Budongo,Sonso,Individual 60,Budongo (Sonso),Sonso (Individual 60),8,1,0.3345087394403714,Eastern,1892.0
Budongo,Sonso,Individual 60,Budongo (Sonso),Sonso (Individual 60),8,2,0.6869579335484142,Eastern,1892.0
Budongo,Sonso,Individual 60,Budongo (Sonso),Sonso (Individual 60),8,3,0.3495134844338409,Eastern,1892.0
Budongo,Sonso,Individual 60,Budongo (Sonso),Sonso (Individual 60),8,4,0.6504865155661591,Eastern,1892.0
Budongo,Sonso,Individual 60,Budongo (Sonso),Sonso (Individual 60),8,5,0.2666657743751729,Eastern,1892.0
Budongo,Sonso,Individual 60,Budongo (Sonso),Sonso (Individual 60),8,6,0.6734694713724976,Eastern,1892.0
Budongo,Sonso,Individual 60,Budongo (Sonso),Sonso (Individual 60),8,7,0.3870963041398103,Eastern,1892.0
Budongo,Sonso,Individual 60,Budongo (Sonso),Sonso (Individual 60),8,8,0.4720494106116096,Eastern,1892.0
Budongo,Sonso,Individual 60,Budongo (Sonso),Sonso (Individual 60),8,9,0.6204366405233356,Eastern,1892.0
Budongo,Sonso,Individual 60,Budongo (Sonso),Sonso (Individual 60),8,10,0.40000092660371944,Eastern,1892.0
Budongo,Sonso,Individual 60,Budongo (Sonso),Sonso (Individual 60),8,11,0.5693428410649597,Eastern,1892.0
Budongo,Sonso,Individual 60,Budongo (Sonso),Sonso (Individual 60),8,12,0.4244618344425957,Eastern,1892.0
Budongo,Sonso,Individual 60,Budongo (Sonso),Sonso (Individual 60),8,13,0.5506201601804102,Eastern,1892.0
Budongo,Sonso,Individual 60,Budongo (Sonso),Sonso (Individual 60),9,1,0.5420818505338078,Eastern,1892.0
Budongo,Sonso,Individual 60,Budongo (Sonso),Sonso (Individual 60),9,2,0.5254239018364826,Eastern,1892.0
Budongo,Sonso,Individual 60,Budongo (Sonso),Sonso (Individual 60),9,3,0.571430327390281,Eastern,1892.0
Budongo,Sonso,Individual 60,Budongo (Sonso),Sonso (Individual 60),9,4,0.42856967260971907,Eastern,1892.0
Budongo,Sonso,Individual 60,Budongo (Sonso),Sonso (Individual 60),9,5,0.3943672724959176,Eastern,1892.0
Budongo,Sonso,Individual 60,Budongo (Sonso),Sonso (Individual 60),9,6,0.5584401362592837,Eastern,1892.0
Budongo,Sonso,Individual 60,Budongo (Sonso),Sonso (Individual 60),9,7,0.47887311995792436,Eastern,1892.0
Budongo,Sonso,Individual 60,Budongo (Sonso),Sonso (Individual 60),9,8,0.5285723504484933,Eastern,1892.0
Budongo,Sonso,Individual 60,Budongo (Sonso),Sonso (Individual 60),9,9,0.6346157187284637,Eastern,1892.0
Budongo,Sonso,Individual 60,Budongo (Sonso),Sonso (Individual 60),9,10,0.44186095372828055,Eastern,1892.0
Budongo,Sonso,Individual 60,Budongo (Sonso),Sonso (Individual 60),9,11,0.32876661468775525,Eastern,1892.0
Budongo,Sonso,Individual 60,Budongo (Sonso),Sonso (Individual 60),9,12,0.7424234128179156,Eastern,1892.0
Budongo,Sonso,Individual 60,Budongo (Sonso),Sonso (Individual 60),9,13,0.25000110715978086,Eastern,1892.0
Budongo,Sonso,Individual 60,Budongo (Sonso),Sonso (Individual 60),9,14,0.6800001606122539,Eastern,1892.0
Budongo,Sonso,Individual 55,Budongo (Sonso),Sonso (Individual 55),11,1,0.08837197976888665,Eastern,1883.0
Budongo,Sonso,Individual 55,Budongo (Sonso),Sonso (Individual 55),11,2,0.9032255470402328,Eastern,1883.0
Budongo,Sonso,Individual 55,Budongo (Sonso),Sonso (Individual 55),11,3,0.19811382878645345,Eastern,1883.0
Budongo,Sonso,Individual 58,Budongo (Sonso),Sonso (Individual 58),14,1,0.10908753097186846,Eastern,1875.0
Budongo,Sonso,Individual 58,Budongo (Sonso),Sonso (Individual 58),14,2,0.9042056469316762,Eastern,1875.0
Budongo,Sonso,Individual 58,Budongo (Sonso),Sonso (Individual 58),14,3,0.10459188376938251,Eastern,1875.0
Budongo,Sonso,Individual 58,Budongo (Sonso),Sonso (Individual 58),14,4,0.8772496823800722,Eastern,1875.0
Budongo,Sonso,Individual 58,Budongo (Sonso),Sonso (Individual 58),16,1,0.08437524902651736,Eastern,1875.0
Budongo,Sonso,Individual 58,Budongo (Sonso),Sonso (Individual 58),16,2,0.8578679624919328,Eastern,1875.0
Budongo,Sonso,Individual 58,Budongo (Sonso),Sonso (Individual 58),16,3,0.19377160838871293,Eastern,1875.0
Budongo,Sonso,Individual 58,Budongo (Sonso),Sonso (Individual 58),16,4,0.8741404852937876,Eastern,1875.0
Budongo,Sonso,Individual 58,Budongo (Sonso),Sonso (Individual 58),17,1,0.06053326057720399,Eastern,1875.0
Budongo,Sonso,Individual 58,Budongo (Sonso),Sonso (Individual 58),17,2,0.9172577835298222,Eastern,1875.0
Budongo,Sonso,Individual 58,Budongo (Sonso),Sonso (Individual 58),18,1,0.13207491398370716,Eastern,1875.0
Budongo,Sonso,Individual 58,Budongo (Sonso),Sonso (Individual 58),19,1,0.08529070841267919,Eastern,1875.0
Budongo,Sonso,Individual 58,Budongo (Sonso),Sonso (Individual 58),19,2,0.8803409897160616,Eastern,1875.0
Budongo,Sonso,Individual 47,Budongo (Sonso),Sonso (Individual 47),22,1,0.05342454700711671,Eastern,1875.0
Budongo,Sonso,Individual 47,Budongo (Sonso),Sonso (Individual 47),22,2,0.9213330279265424,Eastern,1875.0
Budongo,Sonso,Individual 47,Budongo (Sonso),Sonso (Individual 47),23,1,0.11042984193501519,Eastern,1875.0
Budongo,Sonso,Individual 47,Budongo (Sonso),Sonso (Individual 47),23,2,0.8950622698447139,Eastern,1875.0
Budongo,Sonso,Individual 47,Budongo (Sonso),Sonso (Individual 47),23,3,0.10493773015528607,Eastern,1875.0
Budongo,Sonso,Individual 47,Budongo (Sonso),Sonso (Individual 47),23,4,0.9006212238047016,Eastern,1875.0
Budongo,Sonso,Individual 47,Budongo (Sonso),Sonso (Individual 47),23,5,0.09580826702891518,Eastern,1875.0
Budongo,Sonso,Individual 47,Budongo (Sonso),Sonso (Individual 47),23,6,0.8988100626056349,Eastern,1875.0
Budongo,Sonso,Individual 57,Budongo (Sonso),Sonso (Individual 57),25,1,0.39371473830803944,Eastern,1866.0
Budongo,Sonso,Individual 57,Budongo (Sonso),Sonso (Individual 57),25,2,0.2268035880786816,Eastern,1866.0
Budongo,Sonso,Individual 57,Budongo (Sonso),Sonso (Individual 57),25,3,0.3672160469826543,Eastern,1866.0
Budongo,Sonso,Individual 57,Budongo (Sonso),Sonso (Individual 57),25,4,0.5103451243421177,Eastern,1866.0
Budongo,Sonso,Individual 57,Budongo (Sonso),Sonso (Individual 57),25,5,0.4850196035809102,Eastern,1866.0
Budongo,Sonso,Individual 57,Budongo (Sonso),Sonso (Individual 57),25,6,0.563710927521931,Eastern,1866.0
Budongo,Sonso,Individual 56,Budongo (Sonso),Sonso (Individual 56),33,1,0.4162915573084002,Eastern,1737.0
Budongo,Sonso,Individual 56,Budongo (Sonso),Sonso (Individual 56),33,2,0.728973466496423,Eastern,1737.0
Budongo,Sonso,Individual 56,Budongo (Sonso),Sonso (Individual 56),33,3,0.2794804089200557,Eastern,1737.0
Budongo,Sonso,Individual 56,Budongo (Sonso),Sonso (Individual 56),33,4,0.6321777963457054,Eastern,1737.0
Budongo,Sonso,Individual 56,Budongo (Sonso),Sonso (Individual 56),33,5,0.3799125210034586,Eastern,1737.0
Budongo,Sonso,Individual 56,Budongo (Sonso),Sonso (Individual 56),33,6,0.6729866563541086,Eastern,1737.0
Budongo,Sonso,Individual 56,Budongo (Sonso),Sonso (Individual 56),33,7,0.27896960635354934,Eastern,1737.0
Budongo,Sonso,Individual 56,Budongo (Sonso),Sonso (Individual 56),33,8,0.7451299919927935,Eastern,1737.0
Budongo,Sonso,Individual 56,Budongo (Sonso),Sonso (Individual 56),33,9,0.1867452898293315,Eastern,1737.0
Budongo,Sonso,Individual 56,Budongo (Sonso),Sonso (Individual 56),33,10,0.5608558766445185,Eastern,1737.0
Budongo,Sonso,Individual 56,Budongo (Sonso),Sonso (Individual 56),33,11,0.5321971111762351,Eastern,1737.0
Budongo,Sonso,Individual 55,Budongo (Sonso),Sonso (Individual 55),43,1,0.16108447588372546,Eastern,1721.0
Budongo,Sonso,Individual 55,Budongo (Sonso),Sonso (Individual 55),43,2,0.9228069878833155,Eastern,1721.0
Budongo,Sonso,Individual 58,Budongo (Sonso),Sonso (Individual 58),44,1,0.12984292493817257,Eastern,1669.0
Budongo,Sonso,Individual 58,Budongo (Sonso),Sonso (Individual 58),44,2,0.8683184060488185,Eastern,1669.0
Budongo,Sonso,Individual 58,Budongo (Sonso),Sonso (Individual 58),49,1,0.11440657419577116,Eastern,1669.0
Budongo,Sonso,Individual 56,Budongo (Sonso),Sonso (Individual 56),50,1,0.23809614859328052,Eastern,1650.0
Budongo,Sonso,Individual 56,Budongo (Sonso),Sonso (Individual 56),50,2,0.8175178417034247,Eastern,1650.0
Budongo,Sonso,Individual 48,Budongo (Sonso),Sonso (Individual 48),51,1,0.1264069820264212,Eastern,1632.0
Budongo,Sonso,Individual 48,Budongo (Sonso),Sonso (Individual 48),51,2,0.900523617993791,Eastern,1632.0
Budongo,Sonso,Individual 48,Budongo (Sonso),Sonso (Individual 48),51,3,0.05773109089910875,Eastern,1632.0
Budongo,Sonso,Individual 48,Budongo (Sonso),Sonso (Individual 48),52,1,0.3246747829212099,Eastern,1632.0
Budongo,Sonso,Individual 48,Budongo (Sonso),Sonso (Individual 48),52,2,0.32500050188477037,Eastern,1632.0
Budongo,Sonso,Individual 48,Budongo (Sonso),Sonso (Individual 48),52,3,0.812030103124193,Eastern,1632.0
Budongo,Sonso,Individual 48,Budongo (Sonso),Sonso (Individual 48),52,4,0.34246519703908285,Eastern,1632.0
Budongo,Sonso,Individual 58,Budongo (Sonso),Sonso (Individual 58),55,1,0.09861246668701537,Eastern,1624.0
Budongo,Sonso,Individual 58,Budongo (Sonso),Sonso (Individual 58),55,2,0.8810233007876986,Eastern,1624.0
Budongo,Sonso,Individual 58,Budongo (Sonso),Sonso (Individual 58),56,1,0.12368121683191759,Eastern,1624.0
Budongo,Sonso,Individual 58,Budongo (Sonso),Sonso (Individual 58),56,2,0.9121756055103334,Eastern,1624.0
Budongo,Sonso,Individual 47,Budongo (Sonso),Sonso (Individual 47),59,1,0.6024207197940648,Eastern,1619.0
Budongo,Sonso,Individual 47,Budongo (Sonso),Sonso (Individual 47),59,2,0.6376809064087569,Eastern,1619.0
Budongo,Sonso,Individual 47,Budongo (Sonso),Sonso (Individual 47),59,3,0.6881328254841905,Eastern,1619.0
Budongo,Sonso,Individual 47,Budongo (Sonso),Sonso (Individual 47),60,1,0.03505105221458074,Eastern,1619.0
Budongo,Sonso,Individual 47,Budongo (Sonso),Sonso (Individual 47),60,2,0.8999995366970671,Eastern,1619.0
Budongo,Sonso,Individual 47,Budongo (Sonso),Sonso (Individual 47),60,3,0.27368517819952387,Eastern,1619.0
Budongo,Sonso,Individual 47,Budongo (Sonso),Sonso (Individual 47),69,1,0.15472005498351765,Eastern,1906.0
Budongo,Sonso,Individual 47,Budongo (Sonso),Sonso (Individual 47),69,2,0.3460211073875857,Eastern,1906.0
Budongo,Sonso,Individual 47,Budongo (Sonso),Sonso (Individual 47),69,3,0.8957345565714319,Eastern,1906.0
Budongo,Sonso,Individual 47,Budongo (Sonso),Sonso (Individual 47),69,4,0.13836482752220247,Eastern,1906.0
Budongo,Sonso,Individual 47,Budongo (Sonso),Sonso (Individual 47),69,5,0.8106513515102809,Eastern,1906.0
Budongo,Sonso,Individual 56,Budongo (Sonso),Sonso (Individual 56),72,1,0.5508336136902016,Eastern,1888.0
Budongo,Sonso,Individual 56,Budongo (Sonso),Sonso (Individual 56),72,2,0.44318244038656335,Eastern,1888.0
Budongo,Sonso,Individual 56,Budongo (Sonso),Sonso (Individual 56),72,3,0.7101438522372165,Eastern,1888.0
Budongo,Sonso,Individual 56,Budongo (Sonso),Sonso (Individual 56),72,4,0.3076926640783536,Eastern,1888.0
Budongo,Sonso,Individual 56,Budongo (Sonso),Sonso (Individual 56),72,5,0.5844170065978591,Eastern,1888.0
Budongo,Sonso,Individual 56,Budongo (Sonso),Sonso (Individual 56),72,6,0.2909152633322474,Eastern,1888.0
Budongo,Sonso,Individual 56,Budongo (Sonso),Sonso (Individual 56),72,7,0.7499927607155888,Eastern,1888.0
Budongo,Sonso,Individual 56,Budongo (Sonso),Sonso (Individual 56),72,8,0.28571570398903956,Eastern,1888.0
Budongo,Sonso,Individual 56,Budongo (Sonso),Sonso (Individual 56),72,9,0.6842103594750523,Eastern,1888.0
Budongo,Sonso,Individual 56,Budongo (Sonso),Sonso (Individual 56),72,10,0.3813284234541154,Eastern,1888.0
Budongo,Sonso,Individual 49,Budongo (Sonso),Sonso (Individual 49),73,1,0.5387934391501426,Eastern,1888.0
Budongo,Sonso,Individual 60,Budongo (Sonso),Sonso (Individual 60),76,1,0.38061907781839893,Eastern,1857.0
Budongo,Sonso,Individual 60,Budongo (Sonso),Sonso (Individual 60),76,2,0.5263147467190769,Eastern,1857.0
Budongo,Sonso,Individual 60,Budongo (Sonso),Sonso (Individual 60),76,3,0.18274135730282112,Eastern,1857.0
Budongo,Sonso,Individual 60,Budongo (Sonso),Sonso (Individual 60),76,4,0.8609618348393373,Eastern,1857.0
Budongo,Sonso,Individual 60,Budongo (Sonso),Sonso (Individual 60),76,5,0.4727297615462535,Eastern,1857.0
Budongo,Sonso,Individual 60,Budongo (Sonso),Sonso (Individual 60),76,6,0.39725914375056726,Eastern,1857.0
Budongo,Sonso,Individual 60,Budongo (Sonso),Sonso (Individual 60),76,7,0.6984130019120458,Eastern,1857.0
Budongo,Sonso,Individual 60,Budongo (Sonso),Sonso (Individual 60),76,8,0.08140010450466724,Eastern,1857.0
Budongo,Sonso,Individual 60,Budongo (Sonso),Sonso (Individual 60),76,9,0.7408560092649533,Eastern,1857.0
Budongo,Sonso,Individual 60,Budongo (Sonso),Sonso (Individual 60),76,10,0.7075468481880064,Eastern,1857.0
Budongo,Sonso,Individual 60,Budongo (Sonso),Sonso (Individual 60),76,11,0.645833202627501,Eastern,1857.0
Budongo,Sonso,Individual 60,Budongo (Sonso),Sonso (Individual 60),76,12,0.5151531743641691,Eastern,1857.0
Budongo,Sonso,Individual 60,Budongo (Sonso),Sonso (Individual 60),76,13,0.25394807280513915,Eastern,1857.0
Budongo,Sonso,Individual 60,Budongo (Sonso),Sonso (Individual 60),92,1,0.4700860200662009,Eastern,1660.0
Budongo,Sonso,Individual 49,Budongo (Sonso),Sonso (Individual 49),94,1,0.6228458464050883,Eastern,1658.0
Budongo,Sonso,Individual 49,Budongo (Sonso),Sonso (Individual 49),94,2,0.4404769587070777,Eastern,1658.0
Budongo,Sonso,Individual 49,Budongo (Sonso),Sonso (Individual 49),102,1,0.4081889438208655,Eastern,1644.0
Budongo,Sonso,Individual 49,Budongo (Sonso),Sonso (Individual 49),102,2,0.11467906066941706,Eastern,1644.0
Budongo,Sonso,Individual 49,Budongo (Sonso),Sonso (Individual 49),102,3,0.8713319343240603,Eastern,1644.0
Budongo,Sonso,Individual 49,Budongo (Sonso),Sonso (Individual 49),102,4,0.7215186978233523,Eastern,1644.0
Budongo,Sonso,Individual 49,Budongo (Sonso),Sonso (Individual 49),106,1,0.5714279568412176,Eastern,1642.0
Budongo,Sonso,Individual 49,Budongo (Sonso),Sonso (Individual 49),106,2,0.5,Eastern,1642.0
Budongo,Sonso,Individual 49,Budongo (Sonso),Sonso (Individual 49),106,3,0.18633539210881708,Eastern,1642.0
Budongo,Sonso,Individual 49,Budongo (Sonso),Sonso (Individual 49),106,4,0.7401131769862119,Eastern,1642.0
Budongo,Sonso,Individual 49,Budongo (Sonso),Sonso (Individual 49),107,1,0.6053161889840353,Eastern,1642.0
Budongo,Sonso,Individual 49,Budongo (Sonso),Sonso (Individual 49),107,2,0.1279070785381748,Eastern,1642.0
Budongo,Sonso,Individual 49,Budongo (Sonso),Sonso (Individual 49),107,3,0.735294334737212,Eastern,1642.0
Budongo,Sonso,Individual 49,Budongo (Sonso),Sonso (Individual 49),107,4,0.6206891777289326,Eastern,1642.0
Budongo,Sonso,Individual 49,Budongo (Sonso),Sonso (Individual 49),118,1,0.5942022660218921,Eastern,1619.0
Budongo,Sonso,Individual 49,Budongo (Sonso),Sonso (Individual 49),118,2,0.3010760348294632,Eastern,1619.0
Budongo,Sonso,Individual 49,Budongo (Sonso),Sonso (Individual 49),118,3,0.6190480287725216,Eastern,1619.0
Budongo,Sonso,Individual 49,Budongo (Sonso),Sonso (Individual 49),118,4,0.28368741309970547,Eastern,1619.0
Budongo,Sonso,Individual 49,Budongo (Sonso),Sonso (Individual 49),118,5,0.759398972928422,Eastern,1619.0
Budongo,Sonso,Individual 49,Budongo (Sonso),Sonso (Individual 49),118,6,0.5,Eastern,1619.0
Budongo,Sonso,Individual 47,Budongo (Sonso),Sonso (Individual 47),119,1,0.06040226406170892,Eastern,1619.0
Budongo,Sonso,Individual 47,Budongo (Sonso),Sonso (Individual 47),119,2,0.9150322552073338,Eastern,1619.0
Budongo,Sonso,Individual 48,Budongo (Sonso),Sonso (Individual 48),128,1,0.10844270895197371,Eastern,1762.0
Budongo,Sonso,Individual 55,Budongo (Sonso),Sonso (Individual 55),129,1,0.6707321551863441,Eastern,1487.0
Budongo,Sonso,Individual 60,Budongo (Sonso),Sonso (Individual 60),130,1,0.3086417917106613,Eastern,1487.0
Budongo,Sonso,Individual 60,Budongo (Sonso),Sonso (Individual 60),130,2,0.3916091573988472,Eastern,1487.0
Budongo,Sonso,Individual 60,Budongo (Sonso),Sonso (Individual 60),130,3,0.6170214583658152,Eastern,1487.0
Budongo,Sonso,Individual 60,Budongo (Sonso),Sonso (Individual 60),131,1,0.4328350158664521,Eastern,1487.0
Budongo,Sonso,Individual 60,Budongo (Sonso),Sonso (Individual 60),131,2,0.5135129635733965,Eastern,1487.0
Budongo,Sonso,Individual 60,Budongo (Sonso),Sonso (Individual 60),131,3,0.46153816454963126,Eastern,1487.0
Budongo,Sonso,Individual 57,Budongo (Sonso),Sonso (Individual 57),132,1,0.17779418288613488,Eastern,1487.0
Budongo,Sonso,Individual 57,Budongo (Sonso),Sonso (Individual 57),132,2,0.8339770988461055,Eastern,1487.0
Budongo,Sonso,Individual 57,Budongo (Sonso),Sonso (Individual 57),132,3,0.2774189913308387,Eastern,1487.0
Budongo,Sonso,Individual 56,Budongo (Sonso),Sonso (Individual 56),135,1,0.45679003165762916,Eastern,1502.0
Budongo,Sonso,Individual 56,Budongo (Sonso),Sonso (Individual 56),135,2,0.3013698065027134,Eastern,1502.0
Budongo,Sonso,Individual 56,Budongo (Sonso),Sonso (Individual 56),135,3,0.796875128663907,Eastern,1502.0
Budongo,Sonso,Individual 56,Budongo (Sonso),Sonso (Individual 56),135,4,0.37142844851136514,Eastern,1502.0
Budongo,Sonso,Individual 56,Budongo (Sonso),Sonso (Individual 56),135,5,0.39999999999999997,Eastern,1502.0
Budongo,Sonso,Individual 56,Budongo (Sonso),Sonso (Individual 56),135,6,0.6226414290280194,Eastern,1502.0
Budongo,Sonso,Individual 57,Budongo (Sonso),Sonso (Individual 57),139,1,0.0807449001350487,Eastern,1484.0
Budongo,Sonso,Individual 57,Budongo (Sonso),Sonso (Individual 57),139,2,0.9098360352243485,Eastern,1484.0
Budongo,Sonso,Individual 57,Budongo (Sonso),Sonso (Individual 57),139,3,0.04641352087477548,Eastern,1484.0
Budongo,Sonso,Individual 57,Budongo (Sonso),Sonso (Individual 57),139,4,0.9358176207877585,Eastern,1484.0
Budongo,Sonso,Individual 49,Budongo (Sonso),Sonso (Individual 49),140,1,0.5641032240794411,Eastern,1484.0
Budongo,Sonso,Individual 57,Budongo (Sonso),Sonso (Individual 57),141,1,0.05133882475845718,Eastern,1484.0
Budongo,Sonso,Individual 57,Budongo (Sonso),Sonso (Individual 57),141,2,0.9039132599177302,Eastern,1484.0
Budongo,Sonso,Individual 48,Budongo (Sonso),Sonso (Individual 48),144,1,0.10999998996176436,Eastern,1483.0
Budongo,Sonso,Individual 48,Budongo (Sonso),Sonso (Individual 48),144,2,0.9081634429925419,Eastern,1483.0
Budongo,Sonso,Individual 48,Budongo (Sonso),Sonso (Individual 48),155,1,0.5892845619393835,Eastern,1474.0
Budongo,Sonso,Individual 47,Budongo (Sonso),Sonso (Individual 47),156,1,0.09677370111216274,Eastern,1470.0
Budongo,Sonso,Individual 47,Budongo (Sonso),Sonso (Individual 47),156,2,0.6242039743737292,Eastern,1470.0
Budongo,Sonso,Individual 47,Budongo (Sonso),Sonso (Individual 47),156,3,0.7866672020397716,Eastern,1470.0
Budongo,Sonso,Individual 49,Budongo (Sonso),Sonso (Individual 49),164,1,0.20108773038165492,Eastern,1466.0
Budongo,Sonso,Individual 49,Budongo (Sonso),Sonso (Individual 49),164,2,0.8258421548607363,Eastern,1466.0
Budongo,Sonso,Individual 49,Budongo (Sonso),Sonso (Individual 49),164,3,0.543859000301146,Eastern,1466.0
Budongo,Sonso,Individual 48,Budongo (Sonso),Sonso (Individual 48),173,1,0.7589288835232085,Eastern,1458.0
Budongo,Sonso,Individual 48,Budongo (Sonso),Sonso (Individual 48),173,2,0.11297049514132493,Eastern,1458.0
Budongo,Sonso,Individual 48,Budongo (Sonso),Sonso (Individual 48),175,1,0.4579435306832382,Eastern,1762.0
Budongo,Sonso,Individual 48,Budongo (Sonso),Sonso (Individual 48),175,2,0.6444453367329526,Eastern,1762.0
Budongo,Sonso,Individual 48,Budongo (Sonso),Sonso (Individual 48),175,3,0.296295883199304,Eastern,1762.0
Budongo,Sonso,Individual 48,Budongo (Sonso),Sonso (Individual 48),175,4,0.3486237011291646,Eastern,1762.0
Budongo,Sonso,Individual 48,Budongo (Sonso),Sonso (Individual 48),175,5,0.3988762809331504,Eastern,1762.0
Budongo,Sonso,Individual 48,Budongo (Sonso),Sonso (Individual 48),175,6,0.884297294404886,Eastern,1762.0
Budongo,Sonso,Individual 48,Budongo (Sonso),Sonso (Individual 48),175,7,0.1072799145249837,Eastern,1762.0
Budongo,Sonso,Individual 55,Budongo (Sonso),Sonso (Individual 55),177,1,0.38666709496429064,Eastern,1456.0
Budongo,Sonso,Individual 55,Budongo (Sonso),Sonso (Individual 55),177,2,0.5130108860657463,Eastern,1456.0
Budongo,Sonso,Individual 49,Budongo (Sonso),Sonso (Individual 49),186,1,0.05729168300494696,Eastern,1452.0
Budongo,Sonso,Individual 49,Budongo (Sonso),Sonso (Individual 49),186,2,0.811659395693324,Eastern,1452.0
Budongo,Sonso,Individual 49,Budongo (Sonso),Sonso (Individual 49),187,1,0.1615119848164039,Eastern,1452.0
Budongo,Sonso,Individual 49,Budongo (Sonso),Sonso (Individual 49),187,2,0.5965776724049068,Eastern,1452.0
Budongo,Sonso,Individual 49,Budongo (Sonso),Sonso (Individual 49),190,1,0.48350650158651154,Eastern,1452.0
Budongo,Sonso,Individual 56,Budongo (Sonso),Sonso (Individual 56),217,1,0.41426798427592937,Eastern,1442.0
Budongo,Sonso,Individual 56,Budongo (Sonso),Sonso (Individual 56),217,2,0.456666390009575,Eastern,1442.0
Budongo,Sonso,Individual 56,Budongo (Sonso),Sonso (Individual 56),217,3,0.4821001657874364,Eastern,1442.0
Budongo,Sonso,Individual 57,Budongo (Sonso),Sonso (Individual 57),218,1,0.09931873582167362,Eastern,1442.0
Budongo,Sonso,Individual 48,Budongo (Sonso),Sonso (Individual 48),220,1,0.12558128459693865,Eastern,1442.0
Budongo,Sonso,Individual 57,Budongo (Sonso),Sonso (Individual 57),226,1,0.24968410787604542,Eastern,1439.0
Budongo,Sonso,Individual 57,Budongo (Sonso),Sonso (Individual 57),226,2,0.808511592591762,Eastern,1439.0
Budongo,Sonso,Individual 57,Budongo (Sonso),Sonso (Individual 57),226,3,0.23684064540670768,Eastern,1439.0
Budongo,Sonso,Individual 57,Budongo (Sonso),Sonso (Individual 57),226,4,0.7435890506158063,Eastern,1439.0
Budongo,Sonso,Individual 57,Budongo (Sonso),Sonso (Individual 57),226,5,0.26315831183703225,Eastern,1439.0
Budongo,Sonso,Individual 57,Budongo (Sonso),Sonso (Individual 57),226,6,0.6511634421780618,Eastern,1439.0
Budongo,Sonso,Individual 57,Budongo (Sonso),Sonso (Individual 57),226,7,0.21428556063920634,Eastern,1439.0
Budongo,Sonso,Individual 57,Budongo (Sonso),Sonso (Individual 57),226,8,0.1971326261593219,Eastern,1439.0
Budongo,Sonso,Individual 57,Budongo (Sonso),Sonso (Individual 57),226,9,0.8389511735712433,Eastern,1439.0
Budongo,Sonso,Individual 57,Budongo (Sonso),Sonso (Individual 57),226,10,0.3049646526131437,Eastern,1439.0
Budongo,Sonso,Individual 55,Budongo (Sonso),Sonso (Individual 55),235,1,0.19733250745306583,Eastern,1433.0
Budongo,Sonso,Individual 55,Budongo (Sonso),Sonso (Individual 55),235,2,0.7272725198711455,Eastern,1433.0
Budongo,Sonso,Individual 55,Budongo (Sonso),Sonso (Individual 55),235,3,0.4645161541017177,Eastern,1433.0
Budongo,Sonso,Individual 55,Budongo (Sonso),Sonso (Individual 55),235,4,0.436842330497796,Eastern,1433.0
Budongo,Sonso,Individual 55,Budongo (Sonso),Sonso (Individual 55),235,5,0.30484332195380176,Eastern,1433.0
Budongo,Sonso,Individual 55,Budongo (Sonso),Sonso (Individual 55),237,1,0.07916657517229697,Eastern,1433.0
Budongo,Sonso,Individual 55,Budongo (Sonso),Sonso (Individual 55),237,2,0.4977478394044339,Eastern,1433.0
Budongo,Sonso,Individual 55,Budongo (Sonso),Sonso (Individual 55),238,1,0.12431156214958274,Eastern,1433.0
Budongo,Sonso,Individual 55,Budongo (Sonso),Sonso (Individual 55),238,2,0.37261162226743694,Eastern,1433.0
Budongo,Sonso,Individual 55,Budongo (Sonso),Sonso (Individual 55),238,3,0.9162789687878404,Eastern,1433.0
Budongo,Sonso,Individual 57,Budongo (Sonso),Sonso (Individual 57),245,1,0.09917333774684449,Eastern,1404.0
Budongo,Sonso,Individual 60,Budongo (Sonso),Sonso (Individual 60),246,1,0.6578937983666774,Eastern,1404.0
Budongo,Sonso,Individual 56,Budongo (Sonso),Sonso (Individual 56),249,1,0.6969684525602067,Eastern,1404.0
Budongo,Sonso,Individual 56,Budongo (Sonso),Sonso (Individual 56),249,2,0.057471522982811246,Eastern,1404.0
Budongo,Sonso,Individual 56,Budongo (Sonso),Sonso (Individual 56),249,3,0.8961749353273785,Eastern,1404.0
Budongo,Sonso,Individual 56,Budongo (Sonso),Sonso (Individual 56),250,1,0.31681309531846225,Eastern,1404.0
Budongo,Sonso,Individual 56,Budongo (Sonso),Sonso (Individual 56),250,2,0.14382042697926417,Eastern,1404.0
Budongo,Sonso,Individual 56,Budongo (Sonso),Sonso (Individual 56),251,1,0.19298273420824613,Eastern,1404.0
Budongo,Sonso,Individual 56,Budongo (Sonso),Sonso (Individual 56),251,2,0.6865663591518434,Eastern,1404.0
Budongo,Sonso,Individual 56,Budongo (Sonso),Sonso (Individual 56),251,3,0.42000036137612035,Eastern,1404.0
Budongo,Sonso,Individual 56,Budongo (Sonso),Sonso (Individual 56),251,4,0.7631593545932923,Eastern,1404.0
Budongo,Sonso,Individual 56,Budongo (Sonso),Sonso (Individual 56),251,5,0.1199991969403427,Eastern,1404.0
Budongo,Sonso,Individual 56,Budongo (Sonso),Sonso (Individual 56),251,6,0.6164070904731436,Eastern,1404.0
Budongo,Sonso,Individual 56,Budongo (Sonso),Sonso (Individual 56),251,7,0.49484511769241235,Eastern,1404.0
Budongo,Sonso,Individual 56,Budongo (Sonso),Sonso (Individual 56),267,1,0.5102052104651806,Eastern,1389.0
Budongo,Sonso,Individual 56,Budongo (Sonso),Sonso (Individual 56),267,2,0.2727268060729154,Eastern,1389.0
Budongo,Sonso,Individual 56,Budongo (Sonso),Sonso (Individual 56),267,3,0.6881717122327319,Eastern,1389.0
Budongo,Sonso,Individual 56,Budongo (Sonso),Sonso (Individual 56),267,4,0.5178577670464171,Eastern,1389.0
Budongo,Sonso,Individual 56,Budongo (Sonso),Sonso (Individual 56),267,5,0.47577024717956334,Eastern,1389.0
Budongo,Sonso,Individual 56,Budongo (Sonso),Sonso (Individual 56),267,6,0.3914474270758831,Eastern,1389.0
Budongo,Sonso,Individual 56,Budongo (Sonso),Sonso (Individual 56),267,7,0.7939920486798637,Eastern,1389.0
Budongo,Sonso,Individual 56,Budongo (Sonso),Sonso (Individual 56),267,8,0.29999887069877396,Eastern,1389.0
Budongo,Sonso,Individual 56,Budongo (Sonso),Sonso (Individual 56),267,9,0.42424325384875117,Eastern,1389.0
Budongo,Sonso,Individual 60,Budongo (Sonso),Sonso (Individual 60),271,1,0.43650804127340326,Eastern,4563.0
Budongo,Sonso,Individual 60,Budongo (Sonso),Sonso (Individual 60),271,2,0.5220585237788522,Eastern,4563.0
Budongo,Sonso,Individual 60,Budongo (Sonso),Sonso (Individual 60),271,3,0.8024695583131987,Eastern,4563.0
Budongo,Sonso,Individual 60,Budongo (Sonso),Sonso (Individual 60),271,4,0.16326472884443485,Eastern,4563.0
Budongo,Sonso,Individual 60,Budongo (Sonso),Sonso (Individual 60),271,5,0.7256656706751645,Eastern,4563.0
Budongo,Sonso,Individual 60,Budongo (Sonso),Sonso (Individual 60),272,1,0.5049517430991919,Eastern,4563.0
Budongo,Sonso,Individual 60,Budongo (Sonso),Sonso (Individual 60),272,2,0.6219302675100619,Eastern,4563.0
Budongo,Sonso,Individual 47,Budongo (Sonso),Sonso (Individual 47),273,1,0.8865982404692082,Eastern,4535.0
Budongo,Sonso,Individual 47,Budongo (Sonso),Sonso (Individual 47),273,2,0.05820097856783204,Eastern,4535.0
Budongo,Sonso,Individual 47,Budongo (Sonso),Sonso (Individual 47),273,3,0.9128206284330549,Eastern,4535.0
Budongo,Sonso,Individual 60,Budongo (Sonso),Sonso (Individual 60),274,1,0.7413793103448276,Eastern,4506.0
Budongo,Sonso,Individual 60,Budongo (Sonso),Sonso (Individual 60),274,2,0.32608695652173914,Eastern,4506.0
Budongo,Sonso,Individual 60,Budongo (Sonso),Sonso (Individual 60),274,3,0.3924050632911392,Eastern,4506.0
Budongo,Sonso,Individual 60,Budongo (Sonso),Sonso (Individual 60),276,1,0.6750002302767928,Eastern,924.0
Budongo,Sonso,Individual 60,Budongo (Sonso),Sonso (Individual 60),276,2,0.4642859962576682,Eastern,924.0
Budongo,Sonso,Individual 60,Budongo (Sonso),Sonso (Individual 60),276,3,0.6410257217715524,Eastern,924.0
Budongo,Waibira,Individual 92,Budongo (Waibira),Waibira (Individual 92),282,1,0.4459451219512195,Eastern,2440.0
Budongo,Waibira,Individual 92,Budongo (Waibira),Waibira (Individual 92),282,2,0.3596489202748211,Eastern,2440.0
Budongo,Waibira,Individual 92,Budongo (Waibira),Waibira (Individual 92),282,3,0.6886801488455249,Eastern,2440.0
Budongo,Waibira,Individual 92,Budongo (Waibira),Waibira (Individual 92),282,4,0.2661285187083236,Eastern,2440.0
Budongo,Waibira,Individual 92,Budongo (Waibira),Waibira (Individual 92),282,5,0.23884534381310116,Eastern,2440.0
Budongo,Waibira,Individual 92,Budongo (Waibira),Waibira (Individual 92),283,1,0.6281796830604458,Eastern,2440.0
Budongo,Waibira,Individual 92,Budongo (Waibira),Waibira (Individual 92),283,2,0.43478189709916265,Eastern,2440.0
Budongo,Waibira,Individual 92,Budongo (Waibira),Waibira (Individual 92),283,3,0.6265052809555427,Eastern,2440.0
Budongo,Waibira,Individual 92,Budongo (Waibira),Waibira (Individual 92),283,4,0.563637856927752,Eastern,2440.0
Budongo,Waibira,Individual 92,Budongo (Waibira),Waibira (Individual 92),283,5,0.17647019747301854,Eastern,2440.0
Budongo,Waibira,Individual 83,Budongo (Waibira),Waibira (Individual 83),300,1,0.06325700345395383,Eastern,1661.0
Budongo,Waibira,Individual 83,Budongo (Waibira),Waibira (Individual 83),300,2,0.9150367921137992,Eastern,1661.0
Budongo,Waibira,Individual 79,Budongo (Waibira),Waibira (Individual 79),309,1,0.22080442514978157,Eastern,1656.0
Budongo,Waibira,Individual 79,Budongo (Waibira),Waibira (Individual 79),309,2,0.5311356774654488,Eastern,1656.0
Budongo,Waibira,Individual 79,Budongo (Waibira),Waibira (Individual 79),310,1,0.2236488950818752,Eastern,1656.0
Budongo,Waibira,Individual 87,Budongo (Waibira),Waibira (Individual 87),313,1,0.20179283783163315,Eastern,1653.0
Budongo,Waibira,Individual 87,Budongo (Waibira),Waibira (Individual 87),313,2,0.45641088206769176,Eastern,1653.0
Budongo,Waibira,Individual 87,Budongo (Waibira),Waibira (Individual 87),313,3,0.5234567864514863,Eastern,1653.0
Budongo,Waibira,Individual 80,Budongo (Waibira),Waibira (Individual 80),314,1,0.15255615120330504,Eastern,1653.0
Budongo,Waibira,Individual 80,Budongo (Waibira),Waibira (Individual 80),314,2,0.852914778127614,Eastern,1653.0
Budongo,Waibira,Individual 80,Budongo (Waibira),Waibira (Individual 80),323,1,0.1298796183547328,Eastern,1643.0
Budongo,Waibira,Individual 83,Budongo (Waibira),Waibira (Individual 83),325,1,0.1679197932837042,Eastern,1638.0
Budongo,Waibira,Individual 83,Budongo (Waibira),Waibira (Individual 83),325,2,0.8534710581939254,Eastern,1638.0
Budongo,Waibira,Individual 92,Budongo (Waibira),Waibira (Individual 92),329,1,0.5271935642210257,Eastern,1630.0
Budongo,Waibira,Individual 92,Budongo (Waibira),Waibira (Individual 92),329,2,0.5205481712498865,Eastern,1630.0
Budongo,Waibira,Individual 92,Budongo (Waibira),Waibira (Individual 92),329,3,0.31602675658037854,Eastern,1630.0
Budongo,Waibira,Individual 92,Budongo (Waibira),Waibira (Individual 92),329,4,0.543011216938527,Eastern,1630.0
Budongo,Waibira,Individual 92,Budongo (Waibira),Waibira (Individual 92),330,1,0.4402812022184734,Eastern,1630.0
Budongo,Waibira,Individual 92,Budongo (Waibira),Waibira (Individual 92),330,2,0.3390071455177339,Eastern,1630.0
Budongo,Waibira,Individual 79,Budongo (Waibira),Waibira (Individual 79),333,1,0.2459263877032154,Eastern,1626.0
Budongo,Waibira,Individual 79,Budongo (Waibira),Waibira (Individual 79),333,2,0.4976764750583759,Eastern,1626.0
Budongo,Waibira,Individual 79,Budongo (Waibira),Waibira (Individual 79),334,1,0.2380481177842127,Eastern,1626.0
Budongo,Waibira,Individual 79,Budongo (Waibira),Waibira (Individual 79),334,2,0.30471457535735064,Eastern,1626.0
Budongo,Waibira,Individual 79,Budongo (Waibira),Waibira (Individual 79),335,1,0.2561989932310424,Eastern,1626.0
Budongo,Waibira,Individual 79,Budongo (Waibira),Waibira (Individual 79),336,1,0.16896506661347677,Eastern,1626.0
Budongo,Waibira,Individual 79,Budongo (Waibira),Waibira (Individual 79),337,1,0.1841012048192771,Eastern,1626.0
Budongo,Waibira,Individual 79,Budongo (Waibira),Waibira (Individual 79),338,1,0.42546910762877593,Eastern,1626.0
Budongo,Waibira,Individual 87,Budongo (Waibira),Waibira (Individual 87),352,1,0.21828925919217532,Eastern,1496.0
Budongo,Waibira,Individual 87,Budongo (Waibira),Waibira (Individual 87),352,2,0.5185910597692621,Eastern,1496.0
Budongo,Waibira,Individual 87,Budongo (Waibira),Waibira (Individual 87),352,3,0.5318175256483221,Eastern,1496.0
Budongo,Waibira,Individual 77,Budongo (Waibira),Waibira (Individual 77),356,1,0.696274933717325,Eastern,1470.0
Budongo,Waibira,Individual 77,Budongo (Waibira),Waibira (Individual 77),362,1,0.08935899196787905,Eastern,1462.0
Budongo,Waibira,Individual 77,Budongo (Waibira),Waibira (Individual 77),362,2,0.5838227196267375,Eastern,1462.0
Budongo,Waibira,Individual 87,Budongo (Waibira),Waibira (Individual 87),369,1,0.6506021275433351,Eastern,1444.0
Budongo,Waibira,Individual 87,Budongo (Waibira),Waibira (Individual 87),375,1,0.2924531518119936,Eastern,1443.0
Budongo,Waibira,Individual 87,Budongo (Waibira),Waibira (Individual 87),375,2,0.45731703958059805,Eastern,1443.0
Budongo,Waibira,Individual 87,Budongo (Waibira),Waibira (Individual 87),375,3,0.4494955025658341,Eastern,1443.0
Budongo,Waibira,Individual 87,Budongo (Waibira),Waibira (Individual 87),375,4,0.879031180860649,Eastern,1443.0
Budongo,Waibira,Individual 87,Budongo (Waibira),Waibira (Individual 87),375,5,0.13636488077312672,Eastern,1443.0
Budongo,Waibira,Individual 87,Budongo (Waibira),Waibira (Individual 87),375,6,0.5757577969863334,Eastern,1443.0
Budongo,Waibira,Individual 87,Budongo (Waibira),Waibira (Individual 87),375,7,0.42424220301366666,Eastern,1443.0
Budongo,Waibira,Individual 79,Budongo (Waibira),Waibira (Individual 79),377,1,0.510752252937805,Eastern,1443.0
Budongo,Waibira,Individual 77,Budongo (Waibira),Waibira (Individual 77),381,1,0.18262008248309386,Eastern,1439.0
Budongo,Waibira,Individual 92,Budongo (Waibira),Waibira (Individual 92),413,1,0.5466664402404646,Eastern,1433.0
Budongo,Waibira,Individual 92,Budongo (Waibira),Waibira (Individual 92),413,2,0.579544961139334,Eastern,1433.0
Budongo,Waibira,Individual 92,Budongo (Waibira),Waibira (Individual 92),413,3,0.41573170382666935,Eastern,1433.0
Budongo,Waibira,Individual 92,Budongo (Waibira),Waibira (Individual 92),413,4,0.49056626444498524,Eastern,1433.0
Budongo,Waibira,Individual 92,Budongo (Waibira),Waibira (Individual 92),413,5,0.6136352945859008,Eastern,1433.0
Budongo,Waibira,Individual 92,Budongo (Waibira),Waibira (Individual 92),413,6,0.3863647054140992,Eastern,1433.0
Budongo,Waibira,Individual 92,Budongo (Waibira),Waibira (Individual 92),413,7,0.5294110301898927,Eastern,1433.0
Budongo,Waibira,Individual 92,Budongo (Waibira),Waibira (Individual 92),413,8,0.48731036667561023,Eastern,1433.0
Budongo,Waibira,Individual 79,Budongo (Waibira),Waibira (Individual 79),426,1,0.5312504699601475,Eastern,1427.0
Budongo,Waibira,Individual 79,Budongo (Waibira),Waibira (Individual 79),426,2,0.23437388384884636,Eastern,1427.0
Budongo,Waibira,Individual 79,Budongo (Waibira),Waibira (Individual 79),426,3,0.3576644899765704,Eastern,1427.0
Budongo,Waibira,Individual 79,Budongo (Waibira),Waibira (Individual 79),426,4,0.549999774420147,Eastern,1427.0
Budongo,Waibira,Individual 77,Budongo (Waibira),Waibira (Individual 77),441,1,0.8181822010224908,Eastern,1426.0
Budongo,Waibira,Individual 83,Budongo (Waibira),Waibira (Individual 83),442,1,0.07441811694542279,Eastern,1426.0
Budongo,Waibira,Individual 92,Budongo (Waibira),Waibira (Individual 92),449,1,0.5084758912292952,Eastern,1425.0
Budongo,Waibira,Individual 92,Budongo (Waibira),Waibira (Individual 92),449,2,0.3333333333333333,Eastern,1425.0
Budongo,Waibira,Individual 92,Budongo (Waibira),Waibira (Individual 92),449,3,0.6744172784403478,Eastern,1425.0
Budongo,Waibira,Individual 92,Budongo (Waibira),Waibira (Individual 92),449,4,0.37333362395919617,Eastern,1425.0
Budongo,Waibira,Individual 92,Budongo (Waibira),Waibira (Individual 92),449,5,0.41964356088803256,Eastern,1425.0
Budongo,Waibira,Individual 92,Budongo (Waibira),Waibira (Individual 92),451,1,0.6730756979956334,Eastern,1425.0
Budongo,Waibira,Individual 92,Budongo (Waibira),Waibira (Individual 92),451,2,0.3207552530199893,Eastern,1425.0
Budongo,Waibira,Individual 92,Budongo (Waibira),Waibira (Individual 92),451,3,0.5454549602577089,Eastern,1425.0
Budongo,Waibira,Individual 92,Budongo (Waibira),Waibira (Individual 92),451,4,0.24983259894217574,Eastern,1425.0
Budongo,Waibira,Individual 85,Budongo (Waibira),Waibira (Individual 85),454,1,0.6569150743955898,Eastern,1423.0
Budongo,Waibira,Individual 85,Budongo (Waibira),Waibira (Individual 85),455,1,0.12865495816133954,Eastern,1423.0
Budongo,Waibira,Individual 83,Budongo (Waibira),Waibira (Individual 83),461,1,0.10795424488184811,Eastern,1421.0
Budongo,Waibira,Individual 92,Budongo (Waibira),Waibira (Individual 92),466,1,0.5526984009017378,Eastern,1420.0
Budongo,Waibira,Individual 92,Budongo (Waibira),Waibira (Individual 92),466,2,0.5058145846099973,Eastern,1420.0
Budongo,Waibira,Individual 92,Budongo (Waibira),Waibira (Individual 92),466,3,0.4473689215748431,Eastern,1420.0
Budongo,Waibira,Individual 92,Budongo (Waibira),Waibira (Individual 92),466,4,0.4708521269412559,Eastern,1420.0
Budongo,Waibira,Individual 92,Budongo (Waibira),Waibira (Individual 92),466,5,0.48163244234556035,Eastern,1420.0
Budongo,Waibira,Individual 83,Budongo (Waibira),Waibira (Individual 83),475,1,0.24107111647679147,Eastern,1414.0
Budongo,Waibira,Individual 83,Budongo (Waibira),Waibira (Individual 83),476,1,0.27960430281389653,Eastern,1414.0
Budongo,Waibira,Individual 85,Budongo (Waibira),Waibira (Individual 85),482,1,0.13457590560172553,Eastern,1413.0
Budongo,Waibira,Individual 92,Budongo (Waibira),Waibira (Individual 92),495,1,0.40789400698907263,Eastern,1410.0
Budongo,Waibira,Individual 92,Budongo (Waibira),Waibira (Individual 92),495,2,0.6716433338576661,Eastern,1410.0
Budongo,Waibira,Individual 92,Budongo (Waibira),Waibira (Individual 92),495,3,0.25287272777616265,Eastern,1410.0
Budongo,Waibira,Individual 92,Budongo (Waibira),Waibira (Individual 92),495,4,0.6372546414791328,Eastern,1410.0
Budongo,Waibira,Individual 92,Budongo (Waibira),Waibira (Individual 92),495,5,0.3663358366699561,Eastern,1410.0
Budongo,Waibira,Individual 92,Budongo (Waibira),Waibira (Individual 92),495,6,0.6213599328774692,Eastern,1410.0
Budongo,Waibira,Individual 83,Budongo (Waibira),Waibira (Individual 83),513,1,0.08153499732073091,Eastern,1403.0
Budongo,Waibira,Individual 83,Budongo (Waibira),Waibira (Individual 83),513,2,0.912991167315622,Eastern,1403.0
Budongo,Waibira,Individual 83,Budongo (Waibira),Waibira (Individual 83),513,3,0.08352456519731684,Eastern,1403.0
Budongo,Waibira,Individual 83,Budongo (Waibira),Waibira (Individual 83),513,4,0.9260117506653094,Eastern,1403.0
Budongo,Waibira,Individual 83,Budongo (Waibira),Waibira (Individual 83),514,1,0.08441602884754526,Eastern,1403.0
Budongo,Waibira,Individual 83,Budongo (Waibira),Waibira (Individual 83),514,2,0.8867923277542185,Eastern,1403.0
Budongo,Waibira,Individual 83,Budongo (Waibira),Waibira (Individual 83),514,3,0.41860456972774224,Eastern,1403.0
Budongo,Waibira,Individual 83,Budongo (Waibira),Waibira (Individual 83),515,1,0.12903259510013762,Eastern,1403.0
Budongo,Waibira,Individual 83,Budongo (Waibira),Waibira (Individual 83),515,2,0.8831780722399218,Eastern,1403.0
Budongo,Waibira,Individual 77,Budongo (Waibira),Waibira (Individual 77),519,1,0.6421718576195774,Eastern,1402.0
Budongo,Waibira,Individual 77,Budongo (Waibira),Waibira (Individual 77),519,2,0.25000060715127054,Eastern,1402.0
Budongo,Waibira,Individual 77,Budongo (Waibira),Waibira (Individual 77),519,3,0.8532113640319493,Eastern,1402.0
Budongo,Waibira,Individual 77,Budongo (Waibira),Waibira (Individual 77),519,4,0.18181755961343662,Eastern,1402.0
Budongo,Waibira,Individual 77,Budongo (Waibira),Waibira (Individual 77),519,5,0.2337664115390181,Eastern,1402.0
Budongo,Waibira,Individual 77,Budongo (Waibira),Waibira (Individual 77),519,6,0.7637543417836495,Eastern,1402.0
Budongo,Waibira,Individual 77,Budongo (Waibira),Waibira (Individual 77),519,7,0.5703120404855061,Eastern,1402.0
Budongo,Waibira,Individual 92,Budongo (Waibira),Waibira (Individual 92),523,1,0.4324321684605317,Eastern,1398.0
Budongo,Waibira,Individual 92,Budongo (Waibira),Waibira (Individual 92),523,2,0.6069350879941511,Eastern,1398.0
Budongo,Waibira,Individual 92,Budongo (Waibira),Waibira (Individual 92),523,3,0.41463575867083863,Eastern,1398.0
Budongo,Waibira,Individual 92,Budongo (Waibira),Waibira (Individual 92),523,4,0.4615371250861455,Eastern,1398.0
Budongo,Waibira,Individual 92,Budongo (Waibira),Waibira (Individual 92),523,5,0.5436896610199224,Eastern,1398.0
Budongo,Waibira,Individual 92,Budongo (Waibira),Waibira (Individual 92),523,6,0.47959265200263035,Eastern,1398.0
Budongo,Waibira,Individual 92,Budongo (Waibira),Waibira (Individual 92),523,7,0.481131405421223,Eastern,1398.0
Budongo,Waibira,Individual 92,Budongo (Waibira),Waibira (Individual 92),523,8,0.5238092506603721,Eastern,1398.0
Budongo,Waibira,Individual 92,Budongo (Waibira),Waibira (Individual 92),523,9,0.39062492647785396,Eastern,1398.0
Budongo,Waibira,Individual 92,Budongo (Waibira),Waibira (Individual 92),523,10,0.46846908766002393,Eastern,1398.0
Budongo,Waibira,Individual 83,Budongo (Waibira),Waibira (Individual 83),524,1,0.7704681532749488,Eastern,1398.0
Budongo,Waibira,Individual 83,Budongo (Waibira),Waibira (Individual 83),524,2,0.028619401358577348,Eastern,1398.0
Budongo,Waibira,Individual 83,Budongo (Waibira),Waibira (Individual 83),524,3,0.9714840542473446,Eastern,1398.0
Budongo,Waibira,Individual 92,Budongo (Waibira),Waibira (Individual 92),526,1,0.7045473211596901,Eastern,1398.0
Budongo,Waibira,Individual 85,Budongo (Waibira),Waibira (Individual 85),532,1,0.35274687611372296,Eastern,1397.0
Budongo,Waibira,Individual 85,Budongo (Waibira),Waibira (Individual 85),532,2,0.8578528071464508,Eastern,1397.0
Budongo,Waibira,Individual 92,Budongo (Waibira),Waibira (Individual 92),534,1,0.40698034881526807,Eastern,1396.0
Budongo,Waibira,Individual 92,Budongo (Waibira),Waibira (Individual 92),534,2,0.8030315474397933,Eastern,1396.0
Budongo,Waibira,Individual 92,Budongo (Waibira),Waibira (Individual 92),534,3,0.17333274442173563,Eastern,1396.0
Budongo,Waibira,Individual 92,Budongo (Waibira),Waibira (Individual 92),534,4,0.5962806135452628,Eastern,1396.0
Budongo,Waibira,Individual 92,Budongo (Waibira),Waibira (Individual 92),534,5,0.09890454522555839,Eastern,1396.0
Budongo,Waibira,Individual 92,Budongo (Waibira),Waibira (Individual 92),534,6,0.9526715816447472,Eastern,1396.0
Budongo,Waibira,Individual 92,Budongo (Waibira),Waibira (Individual 92),534,7,0.20430090117512198,Eastern,1396.0
Budongo,Waibira,Individual 92,Budongo (Waibira),Waibira (Individual 92),534,8,0.49664392905866306,Eastern,1396.0
Budongo,Waibira,Individual 92,Budongo (Waibira),Waibira (Individual 92),534,9,0.38659803416309124,Eastern,1396.0
Budongo,Waibira,Individual 92,Budongo (Waibira),Waibira (Individual 92),534,10,0.6611110646378291,Eastern,1396.0
Budongo,Waibira,Individual 92,Budongo (Waibira),Waibira (Individual 92),534,11,0.6354174182275606,Eastern,1396.0
Budongo,Waibira,Individual 92,Budongo (Waibira),Waibira (Individual 92),534,12,0.2372071189484856,Eastern,1396.0
Budongo,Waibira,Individual 92,Budongo (Waibira),Waibira (Individual 92),535,1,0.5849063036239872,Eastern,1396.0
Budongo,Waibira,Individual 92,Budongo (Waibira),Waibira (Individual 92),535,2,0.3793101657865906,Eastern,1396.0
Budongo,Waibira,Individual 92,Budongo (Waibira),Waibira (Individual 92),535,3,0.6545459523092507,Eastern,1396.0
Budongo,Waibira,Individual 92,Budongo (Waibira),Waibira (Individual 92),535,4,0.3877549766149799,Eastern,1396.0
Budongo,Waibira,Individual 92,Budongo (Waibira),Waibira (Individual 92),535,5,0.6521744823206699,Eastern,1396.0
Budongo,Waibira,Individual 92,Budongo (Waibira),Waibira (Individual 92),535,6,0.12307670924430482,Eastern,1396.0
Budongo,Waibira,Individual 92,Budongo (Waibira),Waibira (Individual 92),535,7,0.35403705795870727,Eastern,1396.0
Budongo,Waibira,Individual 92,Budongo (Waibira),Waibira (Individual 92),536,1,0.10943519295683944,Eastern,1396.0
Budongo,Waibira,Individual 92,Budongo (Waibira),Waibira (Individual 92),536,2,0.8594165812284649,Eastern,1396.0
Budongo,Waibira,Individual 92,Budongo (Waibira),Waibira (Individual 92),536,3,0.49532658988820966,Eastern,1396.0
Budongo,Waibira,Individual 79,Budongo (Waibira),Waibira (Individual 79),537,1,0.31868085175263244,Eastern,1396.0
Budongo,Waibira,Individual 79,Budongo (Waibira),Waibira (Individual 79),537,2,0.5040649797985998,Eastern,1396.0
Budongo,Waibira,Individual 83,Budongo (Waibira),Waibira (Individual 83),538,1,0.09374165930975012,Eastern,1396.0
Budongo,Waibira,Individual 83,Budongo (Waibira),Waibira (Individual 83),538,2,0.8788741578458774,Eastern,1396.0
Budongo,Waibira,Individual 83,Budongo (Waibira),Waibira (Individual 83),539,1,0.06935561154719987,Eastern,1396.0
Budongo,Waibira,Individual 83,Budongo (Waibira),Waibira (Individual 83),539,2,0.9365006054269004,Eastern,1396.0
Budongo,Waibira,Individual 92,Budongo (Waibira),Waibira (Individual 92),540,1,0.8626991565135895,Eastern,1396.0
Budongo,Waibira,Individual 92,Budongo (Waibira),Waibira (Individual 92),540,2,0.13186912102254827,Eastern,1396.0
Budongo,Waibira,Individual 79,Budongo (Waibira),Waibira (Individual 79),542,1,0.18705001362987672,Eastern,1396.0
Budongo,Waibira,Individual 79,Budongo (Waibira),Waibira (Individual 79),543,1,0.6075273865921462,Eastern,1396.0
Budongo,Waibira,Individual 83,Budongo (Waibira),Waibira (Individual 83),548,1,0.10204071019702692,Eastern,1386.0
Budongo,Waibira,Individual 83,Budongo (Waibira),Waibira (Individual 83),548,2,0.9377049714477828,Eastern,1386.0
Budongo,Waibira,Individual 85,Budongo (Waibira),Waibira (Individual 85),552,1,0.175718436772743,Eastern,208.0
Budongo,Waibira,Individual 87,Budongo (Waibira),Waibira (Individual 87),555,1,0.5828570612104933,Eastern,203.0
Budongo,Waibira,Individual 87,Budongo (Waibira),Waibira (Individual 87),555,2,0.6239314412720124,Eastern,203.0
Budongo,Waibira,Individual 87,Budongo (Waibira),Waibira (Individual 87),555,3,0.448979418268413,Eastern,203.0
Budongo,Waibira,Individual 87,Budongo (Waibira),Waibira (Individual 87),556,1,0.19937755469907886,Eastern,203.0
Budongo,Waibira,Individual 79,Budongo (Waibira),Waibira (Individual 79),557,1,0.23913059177822338,Eastern,203.0
Budongo,Waibira,Individual 83,Budongo (Waibira),Waibira (Individual 83),567,1,0.6111119870086872,Eastern,179.0
Budongo,Waibira,Individual 80,Budongo (Waibira),Waibira (Individual 80),576,1,0.5,Eastern,166.0
Budongo,Waibira,Individual 77,Budongo (Waibira),Waibira (Individual 77),577,1,0.5637593521881845,Eastern,166.0
Budongo,Waibira,Individual 80,Budongo (Waibira),Waibira (Individual 80),585,1,0.23484826753106844,Eastern,159.0
Budongo,Waibira,Individual 80,Budongo (Waibira),Waibira (Individual 80),585,2,0.5812924659424958,Eastern,159.0
Budongo,Waibira,Individual 80,Budongo (Waibira),Waibira (Individual 80),585,3,0.8083406570803493,Eastern,159.0
Budongo,Waibira,Individual 80,Budongo (Waibira),Waibira (Individual 80),585,4,0.19770178128827554,Eastern,159.0
Budongo,Waibira,Individual 80,Budongo (Waibira),Waibira (Individual 80),585,5,0.2966101241676843,Eastern,159.0
Fongoli,Fongoli,Individual 13,Fongoli (Fongoli),Fongoli (Individual 13),588,1,0.3253972077427809,Western,190.0
Fongoli,Fongoli,Individual 13,Fongoli (Fongoli),Fongoli (Individual 13),588,2,0.49707586769965306,Western,190.0
Fongoli,Fongoli,Individual 13,Fongoli (Fongoli),Fongoli (Individual 13),588,3,0.5548386717786246,Western,190.0
Fongoli,Fongoli,Individual 13,Fongoli (Fongoli),Fongoli (Individual 13),589,1,0.49397549051821926,Western,192.0
Fongoli,Fongoli,Individual 13,Fongoli (Fongoli),Fongoli (Individual 13),589,2,0.5454545454545454,Western,192.0
Fongoli,Fongoli,Individual 15,Fongoli (Fongoli),Fongoli (Individual 15),592,1,0.515151582454192,Western,194.0
Fongoli,Fongoli,Individual 15,Fongoli (Fongoli),Fongoli (Individual 15),592,2,0.4848484175458079,Western,194.0
Fongoli,Fongoli,Individual 15,Fongoli (Fongoli),Fongoli (Individual 15),592,3,0.515151582454192,Western,194.0
Fongoli,Fongoli,Individual 15,Fongoli (Fongoli),Fongoli (Individual 15),592,4,0.4571426776507838,Western,194.0
Fongoli,Fongoli,Individual 15,Fongoli (Fongoli),Fongoli (Individual 15),592,5,0.47499990838430217,Western,194.0
Fongoli,Fongoli,Individual 15,Fongoli (Fongoli),Fongoli (Individual 15),592,6,0.3925230700100829,Western,194.0
Fongoli,Fongoli,Individual 15,Fongoli (Fongoli),Fongoli (Individual 15),592,7,0.6500004397550271,Western,194.0
Fongoli,Fongoli,Individual 15,Fongoli (Fongoli),Fongoli (Individual 15),592,8,0.43209851967135987,Western,194.0
Fongoli,Fongoli,Individual 15,Fongoli (Fongoli),Fongoli (Individual 15),592,9,0.5348838398472788,Western,194.0
Fongoli,Fongoli,Individual 15,Fongoli (Fongoli),Fongoli (Individual 15),592,10,0.48192764700895757,Western,194.0
Fongoli,Fongoli,Individual 15,Fongoli (Fongoli),Fongoli (Individual 15),592,11,0.530864309240291,Western,194.0
Fongoli,Fongoli,Individual 15,Fongoli (Fongoli),Fongoli (Individual 15),592,12,0.520548027726685,Western,194.0
Fongoli,Fongoli,Individual 15,Fongoli (Fongoli),Fongoli (Individual 15),592,13,0.47945197227331504,Western,194.0
Fongoli,Fongoli,Individual 15,Fongoli (Fongoli),Fongoli (Individual 15),592,14,0.27142837697902894,Western,194.0
Fongoli,Fongoli,Individual 15,Fongoli (Fongoli),Fongoli (Individual 15),592,15,0.7132868566531666,Western,194.0
Fongoli,Fongoli,Individual 15,Fongoli (Fongoli),Fongoli (Individual 15),593,1,0.3037974465207897,Western,194.0
Fongoli,Fongoli,Individual 15,Fongoli (Fongoli),Fongoli (Individual 15),593,2,0.6707318694393577,Western,194.0
Fongoli,Fongoli,Individual 15,Fongoli (Fongoli),Fongoli (Individual 15),593,3,0.45000022710652654,Western,194.0
Fongoli,Fongoli,Individual 15,Fongoli (Fongoli),Fongoli (Individual 15),593,4,0.4925370098821826,Western,194.0
Fongoli,Fongoli,Individual 15,Fongoli (Fongoli),Fongoli (Individual 15),593,5,0.2677164340526343,Western,194.0
Fongoli,Fongoli,Individual 15,Fongoli (Fongoli),Fongoli (Individual 15),593,6,0.5923569034965981,Western,194.0
Fongoli,Fongoli,Individual 15,Fongoli (Fongoli),Fongoli (Individual 15),593,7,0.6956518519286511,Western,194.0
Fongoli,Fongoli,Individual 15,Fongoli (Fongoli),Fongoli (Individual 15),593,8,0.2616823858122719,Western,194.0
Fongoli,Fongoli,Individual 15,Fongoli (Fongoli),Fongoli (Individual 15),593,9,0.28315409035409034,Western,194.0
Fongoli,Fongoli,Individual 15,Fongoli (Fongoli),Fongoli (Individual 15),593,10,0.8658008709081063,Western,194.0
Fongoli,Fongoli,Individual 15,Fongoli (Fongoli),Fongoli (Individual 15),593,11,0.44927533369801986,Western,194.0
Fongoli,Fongoli,Individual 15,Fongoli (Fongoli),Fongoli (Individual 15),593,12,0.4935062406982361,Western,194.0
Fongoli,Fongoli,Individual 15,Fongoli (Fongoli),Fongoli (Individual 15),594,1,0.5542851862430485,Western,194.0
Fongoli,Fongoli,Individual 16,Fongoli (Fongoli),Fongoli (Individual 16),596,1,0.5075753558705995,Western,198.0
Fongoli,Fongoli,Individual 16,Fongoli (Fongoli),Fongoli (Individual 16),596,2,0.19174029947397314,Western,198.0
Fongoli,Fongoli,Individual 16,Fongoli (Fongoli),Fongoli (Individual 16),596,3,0.8670887860158955,Western,198.0
Fongoli,Fongoli,Individual 16,Fongoli (Fongoli),Fongoli (Individual 16),596,4,0.6176480220834211,Western,198.0
Fongoli,Fongoli,Individual 16,Fongoli (Fongoli),Fongoli (Individual 16),596,5,0.3880584257711594,Western,198.0
Fongoli,Fongoli,Individual 13,Fongoli (Fongoli),Fongoli (Individual 13),604,1,0.6733065769072683,Western,205.0
Fongoli,Fongoli,Individual 13,Fongoli (Fongoli),Fongoli (Individual 13),604,2,0.5857135947329336,Western,205.0
Fongoli,Fongoli,Individual 13,Fongoli (Fongoli),Fongoli (Individual 13),604,3,0.38410686869859284,Western,205.0
Fongoli,Fongoli,Individual 13,Fongoli (Fongoli),Fongoli (Individual 13),604,4,0.4285711663390073,Western,205.0
Fongoli,Fongoli,Individual 16,Fongoli (Fongoli),Fongoli (Individual 16),605,1,0.7283948111005096,Western,205.0
Fongoli,Fongoli,Individual 16,Fongoli (Fongoli),Fongoli (Individual 16),605,2,0.44000098662303594,Western,205.0
Fongoli,Fongoli,Individual 16,Fongoli (Fongoli),Fongoli (Individual 16),605,3,0.5283014477465494,Western,205.0
Fongoli,Fongoli,Individual 16,Fongoli (Fongoli),Fongoli (Individual 16),605,4,0.49504857806884367,Western,205.0
Fongoli,Fongoli,Individual 16,Fongoli (Fongoli),Fongoli (Individual 16),605,5,0.38059767886342233,Western,205.0
Fongoli,Fongoli,Individual 16,Fongoli (Fongoli),Fongoli (Individual 16),605,6,0.6747960414835413,Western,205.0
Fongoli,Fongoli,Individual 16,Fongoli (Fongoli),Fongoli (Individual 16),605,7,0.470587666310388,Western,205.0
Fongoli,Fongoli,Individual 16,Fongoli (Fongoli),Fongoli (Individual 16),605,8,0.5769240904611072,Western,205.0
Fongoli,Fongoli,Individual 16,Fongoli (Fongoli),Fongoli (Individual 16),605,9,0.3975908985096656,Western,205.0
Fongoli,Fongoli,Individual 16,Fongoli (Fongoli),Fongoli (Individual 16),605,10,0.33333333333333337,Western,205.0
Fongoli,Fongoli,Individual 17,Fongoli (Fongoli),Fongoli (Individual 17),606,1,0.43621029649975346,Western,206.0
Fongoli,Fongoli,Individual 17,Fongoli (Fongoli),Fongoli (Individual 17),606,2,0.6928627841308652,Western,206.0
Fongoli,Fongoli,Individual 17,Fongoli (Fongoli),Fongoli (Individual 17),606,3,0.10175432937090383,Western,206.0
Fongoli,Fongoli,Individual 17,Fongoli (Fongoli),Fongoli (Individual 17),606,4,0.45423015785266724,Western,206.0
Fongoli,Fongoli,Individual 17,Fongoli (Fongoli),Fongoli (Individual 17),608,1,0.5212764902959776,Western,206.0
Fongoli,Fongoli,Individual 17,Fongoli (Fongoli),Fongoli (Individual 17),608,2,0.3846150783222241,Western,206.0
Fongoli,Fongoli,Individual 17,Fongoli (Fongoli),Fongoli (Individual 17),608,3,0.3495152437576467,Western,206.0
Fongoli,Fongoli,Individual 17,Fongoli (Fongoli),Fongoli (Individual 17),608,4,0.5630249633467679,Western,206.0
Fongoli,Fongoli,Individual 17,Fongoli (Fongoli),Fongoli (Individual 17),610,1,0.3292691680963627,Western,206.0
Fongoli,Fongoli,Individual 17,Fongoli (Fongoli),Fongoli (Individual 17),610,2,0.45454545454545453,Western,206.0
Fongoli,Fongoli,Individual 17,Fongoli (Fongoli),Fongoli (Individual 17),610,3,0.2444440084239166,Western,206.0
Fongoli,Fongoli,Individual 17,Fongoli (Fongoli),Fongoli (Individual 17),610,4,0.635514035829254,Western,206.0
Fongoli,Fongoli,Individual 17,Fongoli (Fongoli),Fongoli (Individual 17),610,5,0.7405065177463761,Western,206.0
Fongoli,Fongoli,Individual 17,Fongoli (Fongoli),Fongoli (Individual 17),610,6,0.5124991262568106,Western,206.0
Fongoli,Fongoli,Individual 17,Fongoli (Fongoli),Fongoli (Individual 17),610,7,0.5270270807730091,Western,206.0
Fongoli,Fongoli,Individual 16,Fongoli (Fongoli),Fongoli (Individual 16),616,1,0.47959367648028844,Western,219.0
Fongoli,Fongoli,Individual 16,Fongoli (Fongoli),Fongoli (Individual 16),616,2,0.6144560171964403,Western,219.0
Fongoli,Fongoli,Individual 16,Fongoli (Fongoli),Fongoli (Individual 16),616,3,0.40506336019027145,Western,219.0
Fongoli,Fongoli,Individual 16,Fongoli (Fongoli),Fongoli (Individual 16),616,4,0.5402318208836934,Western,219.0
Fongoli,Fongoli,Individual 16,Fongoli (Fongoli),Fongoli (Individual 16),616,5,0.39999827620385614,Western,219.0
Fongoli,Fongoli,Individual 16,Fongoli (Fongoli),Fongoli (Individual 16),616,6,0.11299469875763289,Western,219.0
Gombe,Kasekela,Individual 34,Gombe (Kasekela),Kasekela (Individual 34),620,1,0.5463257823095082,Eastern,2328.0
Gombe,Kasekela,Individual 34,Gombe (Kasekela),Kasekela (Individual 34),620,2,0.7513220094067653,Eastern,2328.0
Gombe,Kasekela,Individual 34,Gombe (Kasekela),Kasekela (Individual 34),620,3,0.2848493592972006,Eastern,2328.0
Gombe,Kasekela,Individual 34,Gombe (Kasekela),Kasekela (Individual 34),620,4,0.65193286528635,Eastern,2328.0
Gombe,Kasekela,Individual 34,Gombe (Kasekela),Kasekela (Individual 34),622,1,0.294116995346776,Eastern,2410.0
Gombe,Kasekela,Individual 34,Gombe (Kasekela),Kasekela (Individual 34),622,2,0.28254227291473577,Eastern,2410.0
Gombe,Kasekela,Individual 34,Gombe (Kasekela),Kasekela (Individual 34),622,3,0.8160870837242618,Eastern,2410.0
Gombe,Kasekela,Individual 34,Gombe (Kasekela),Kasekela (Individual 34),622,4,0.6017742933773468,Eastern,2410.0
Gombe,Kasekela,Individual 34,Gombe (Kasekela),Kasekela (Individual 34),622,5,0.17241132901962605,Eastern,2410.0
Gombe,Kasekela,Individual 34,Gombe (Kasekela),Kasekela (Individual 34),622,6,0.5648554135187994,Eastern,2410.0
Gombe,Kasekela,Individual 34,Gombe (Kasekela),Kasekela (Individual 34),622,7,0.34082387703920747,Eastern,2410.0
Gombe,Kasekela,Individual 34,Gombe (Kasekela),Kasekela (Individual 34),622,8,0.580356947665277,Eastern,2410.0
Gombe,Kasekela,Individual 34,Gombe (Kasekela),Kasekela (Individual 34),622,9,0.49473723862147173,Eastern,2410.0
Gombe,Kasekela,Individual 34,Gombe (Kasekela),Kasekela (Individual 34),622,10,0.5333329147884465,Eastern,2410.0
Gombe,Kasekela,Individual 34,Gombe (Kasekela),Kasekela (Individual 34),622,11,0.44210653618614093,Eastern,2410.0
Gombe,Kasekela,Individual 34,Gombe (Kasekela),Kasekela (Individual 34),627,1,0.5128221053648573,Eastern,2325.0
Gombe,Kasekela,Individual 34,Gombe (Kasekela),Kasekela (Individual 34),627,2,0.1249996680014484,Eastern,2325.0
Gombe,Kasekela,Individual 34,Gombe (Kasekela),Kasekela (Individual 34),627,3,0.7621774272531605,Eastern,2325.0
Gombe,Kasekela,Individual 34,Gombe (Kasekela),Kasekela (Individual 34),627,4,0.5060974909288438,Eastern,2325.0
Gombe,Kasekela,Individual 34,Gombe (Kasekela),Kasekela (Individual 34),627,5,0.5294118681813543,Eastern,2325.0
Gombe,Kasekela,Individual 32,Gombe (Kasekela),Kasekela (Individual 32),640,1,0.6052635969302635,Eastern,2283.0
Gombe,Kasekela,Individual 32,Gombe (Kasekela),Kasekela (Individual 32),640,2,0.3061213267996054,Eastern,2283.0
Gombe,Kasekela,Individual 32,Gombe (Kasekela),Kasekela (Individual 32),640,3,0.21052657404490557,Eastern,2283.0
Gombe,Kasekela,Individual 32,Gombe (Kasekela),Kasekela (Individual 32),640,4,0.4329369166900771,Eastern,2283.0
Gombe,Kasekela,Individual 32,Gombe (Kasekela),Kasekela (Individual 32),641,1,0.5918379830459227,Eastern,2283.0
Gombe,Kasekela,Individual 32,Gombe (Kasekela),Kasekela (Individual 32),641,2,0.37036934249173203,Eastern,2283.0
Gombe,Kasekela,Individual 32,Gombe (Kasekela),Kasekela (Individual 32),641,3,0.18528606274432938,Eastern,2283.0
Gombe,Kasekela,Individual 32,Gombe (Kasekela),Kasekela (Individual 32),641,4,0.8422539056233659,Eastern,2283.0
Gombe,Kasekela,Individual 32,Gombe (Kasekela),Kasekela (Individual 32),642,1,0.5111105936051792,Eastern,2283.0
Gombe,Kasekela,Individual 32,Gombe (Kasekela),Kasekela (Individual 32),642,2,0.10114980852585141,Eastern,2283.0
Gombe,Kasekela,Individual 32,Gombe (Kasekela),Kasekela (Individual 32),642,3,0.8463202343784733,Eastern,2283.0
Gombe,Kasekela,Individual 32,Gombe (Kasekela),Kasekela (Individual 32),642,4,0.7319579609686955,Eastern,2283.0
Gombe,Kasekela,Individual 32,Gombe (Kasekela),Kasekela (Individual 32),642,5,0.2857156018241282,Eastern,2283.0
Gombe,Kasekela,Individual 32,Gombe (Kasekela),Kasekela (Individual 32),642,6,0.7386356599486503,Eastern,2283.0
Gombe,Kasekela,Individual 32,Gombe (Kasekela),Kasekela (Individual 32),643,1,0.6571427427619779,Eastern,2283.0
Gombe,Kasekela,Individual 32,Gombe (Kasekela),Kasekela (Individual 32),643,2,0.10055842963387399,Eastern,2283.0
Gombe,Kasekela,Individual 32,Gombe (Kasekela),Kasekela (Individual 32),643,3,0.8846154734464425,Eastern,2283.0
Gombe,Kasekela,Individual 32,Gombe (Kasekela),Kasekela (Individual 32),643,4,0.37168184388298664,Eastern,2283.0
Gombe,Kasekela,Individual 32,Gombe (Kasekela),Kasekela (Individual 32),643,5,0.2184612121314024,Eastern,2283.0
Gombe,Kasekela,Individual 32,Gombe (Kasekela),Kasekela (Individual 32),643,6,0.8610157609229994,Eastern,2283.0
Gombe,Kasekela,Individual 32,Gombe (Kasekela),Kasekela (Individual 32),644,1,0.8870959809841261,Eastern,2283.0
Kibale,Kanyawara,Individual 25,Kibale (Kanyawara),Kanyawara (Individual 25),660,1,0.6933130801973412,Eastern,4541.0
Kibale,Kanyawara,Individual 25,Kibale (Kanyawara),Kanyawara (Individual 25),660,2,0.09944776395853772,Eastern,4541.0
Kibale,Kanyawara,Individual 25,Kibale (Kanyawara),Kanyawara (Individual 25),660,3,0.9115910609156019,Eastern,4541.0
Kibale,Kanyawara,Individual 28,Kibale (Kanyawara),Kanyawara (Individual 28),661,1,0.42256867493247313,Eastern,4822.0
Kibale,Kanyawara,Individual 28,Kibale (Kanyawara),Kanyawara (Individual 28),661,2,0.5073833846277229,Eastern,4822.0
Kibale,Kanyawara,Individual 28,Kibale (Kanyawara),Kanyawara (Individual 28),663,1,0.4092057863456462,Eastern,4761.0
Kibale,Kanyawara,Individual 28,Kibale (Kanyawara),Kanyawara (Individual 28),663,2,0.45924470698445535,Eastern,4761.0
Kibale,Kanyawara,Individual 28,Kibale (Kanyawara),Kanyawara (Individual 28),663,3,0.7234032961881063,Eastern,4761.0
Kibale,Kanyawara,Individual 28,Kibale (Kanyawara),Kanyawara (Individual 28),663,4,0.19259356912375858,Eastern,4761.0
Kibale,Kanyawara,Individual 28,Kibale (Kanyawara),Kanyawara (Individual 28),663,5,0.5554140072376773,Eastern,4761.0
Kibale,Kanyawara,Individual 25,Kibale (Kanyawara),Kanyawara (Individual 25),664,1,0.7251465870118375,Eastern,4759.0
Kibale,Kanyawara,Individual 25,Kibale (Kanyawara),Kanyawara (Individual 25),664,2,0.19105625408543855,Eastern,4759.0
Kibale,Kanyawara,Individual 25,Kibale (Kanyawara),Kanyawara (Individual 25),664,3,0.8045016175537081,Eastern,4759.0
Kibale,Kanyawara,Individual 25,Kibale (Kanyawara),Kanyawara (Individual 25),665,1,0.17961272192853067,Eastern,4759.0
Kibale,Kanyawara,Individual 25,Kibale (Kanyawara),Kanyawara (Individual 25),665,2,0.8366327936711849,Eastern,4759.0
Kibale,Kanyawara,Individual 25,Kibale (Kanyawara),Kanyawara (Individual 25),666,1,0.5225608405812595,Eastern,4759.0
Kibale,Kanyawara,Individual 25,Kibale (Kanyawara),Kanyawara (Individual 25),666,2,0.3359031251175209,Eastern,4759.0
Kibale,Kanyawara,Individual 25,Kibale (Kanyawara),Kanyawara (Individual 25),667,1,0.2327049182304693,Eastern,4757.0
Kibale,Kanyawara,Individual 25,Kibale (Kanyawara),Kanyawara (Individual 25),667,2,0.762499131214215,Eastern,4757.0
Kibale,Kanyawara,Individual 29,Kibale (Kanyawara),Kanyawara (Individual 29),669,1,0.3828872058989569,Eastern,4542.0
Kibale,Kanyawara,Individual 29,Kibale (Kanyawara),Kanyawara (Individual 29),669,2,0.20204953577979043,Eastern,4542.0
Kibale,Kanyawara,Individual 29,Kibale (Kanyawara),Kanyawara (Individual 29),669,3,0.9332189858883725,Eastern,4542.0
Kibale,Kanyawara,Individual 29,Kibale (Kanyawara),Kanyawara (Individual 29),671,1,0.5322583087862244,Eastern,4757.0
Kibale,Kanyawara,Individual 29,Kibale (Kanyawara),Kanyawara (Individual 29),672,1,0.14727763676480385,Eastern,4757.0
Kibale,Kanyawara,Individual 29,Kibale (Kanyawara),Kanyawara (Individual 29),672,2,0.8608802765354987,Eastern,4757.0
Kibale,Kanyawara,Individual 29,Kibale (Kanyawara),Kanyawara (Individual 29),672,3,0.252154956040331,Eastern,4757.0
Kibale,Kanyawara,Individual 29,Kibale (Kanyawara),Kanyawara (Individual 29),672,4,0.5050945038126037,Eastern,4757.0
Kibale,Kanyawara,Individual 29,Kibale (Kanyawara),Kanyawara (Individual 29),672,5,0.5223097828402015,Eastern,4757.0
Kibale,Kanyawara,Individual 28,Kibale (Kanyawara),Kanyawara (Individual 28),673,1,0.8570354503284014,Eastern,4809.0
Kibale,Kanyawara,Individual 28,Kibale (Kanyawara),Kanyawara (Individual 28),673,2,0.0845584718728552,Eastern,4809.0
Kibale,Kanyawara,Individual 28,Kibale (Kanyawara),Kanyawara (Individual 28),674,1,0.29687538145627457,Eastern,4809.0
Kibale,Kanyawara,Individual 28,Kibale (Kanyawara),Kanyawara (Individual 28),674,2,0.7727409589167692,Eastern,4809.0
Kibale,Kanyawara,Individual 28,Kibale (Kanyawara),Kanyawara (Individual 28),674,3,0.17887949240198608,Eastern,4809.0
Kibale,Kanyawara,Individual 28,Kibale (Kanyawara),Kanyawara (Individual 28),674,4,0.584135145060595,Eastern,4809.0
Kibale,Kanyawara,Individual 28,Kibale (Kanyawara),Kanyawara (Individual 28),674,5,0.5081051094414123,Eastern,4809.0
Kibale,Kanyawara,Individual 28,Kibale (Kanyawara),Kanyawara (Individual 28),674,6,0.5971191316791531,Eastern,4809.0
Kibale,Kanyawara,Individual 28,Kibale (Kanyawara),Kanyawara (Individual 28),674,7,0.5310190216061166,Eastern,4809.0
Kibale,Kanyawara,Individual 28,Kibale (Kanyawara),Kanyawara (Individual 28),674,8,0.6752350390204711,Eastern,4809.0
Kibale,Kanyawara,Individual 28,Kibale (Kanyawara),Kanyawara (Individual 28),674,9,0.4897962075904878,Eastern,4809.0
Kibale,Kanyawara,Individual 28,Kibale (Kanyawara),Kanyawara (Individual 28),674,10,0.21186343426972407,Eastern,4809.0
Kibale,Kanyawara,Individual 28,Kibale (Kanyawara),Kanyawara (Individual 28),674,11,0.4509530912751994,Eastern,4809.0
Kibale,Kanyawara,Individual 24,Kibale (Kanyawara),Kanyawara (Individual 24),676,1,0.0567378468225885,Eastern,4692.0
Kibale,Kanyawara,Individual 24,Kibale (Kanyawara),Kanyawara (Individual 24),676,2,0.9204147513581279,Eastern,4692.0
Kibale,Kanyawara,Individual 24,Kibale (Kanyawara),Kanyawara (Individual 24),676,3,0.13450370869977454,Eastern,4692.0
Kibale,Kanyawara,Individual 24,Kibale (Kanyawara),Kanyawara (Individual 24),677,1,0.10674149129341651,Eastern,4692.0
Kibale,Kanyawara,Individual 24,Kibale (Kanyawara),Kanyawara (Individual 24),677,2,0.7795529144366354,Eastern,4692.0
Kibale,Kanyawara,Individual 24,Kibale (Kanyawara),Kanyawara (Individual 24),677,3,0.8165672680751792,Eastern,4692.0
Kibale,Kanyawara,Individual 28,Kibale (Kanyawara),Kanyawara (Individual 28),679,1,0.5089290277735186,Eastern,4664.0
Kibale,Kanyawara,Individual 28,Kibale (Kanyawara),Kanyawara (Individual 28),679,2,0.5612247878175435,Eastern,4664.0
Kibale,Kanyawara,Individual 28,Kibale (Kanyawara),Kanyawara (Individual 28),679,3,0.17916652753197318,Eastern,4664.0
Kibale,Kanyawara,Individual 28,Kibale (Kanyawara),Kanyawara (Individual 28),679,4,0.8382979293511821,Eastern,4664.0
Kibale,Kanyawara,Individual 28,Kibale (Kanyawara),Kanyawara (Individual 28),679,5,0.48101169514368936,Eastern,4664.0
Kibale,Kanyawara,Individual 28,Kibale (Kanyawara),Kanyawara (Individual 28),679,6,0.4183676747616058,Eastern,4664.0
Kibale,Kanyawara,Individual 28,Kibale (Kanyawara),Kanyawara (Individual 28),679,7,0.5277778513938617,Eastern,4664.0
Kibale,Kanyawara,Individual 28,Kibale (Kanyawara),Kanyawara (Individual 28),686,1,0.7979791200273666,Eastern,4767.0
Kibale,Kanyawara,Individual 28,Kibale (Kanyawara),Kanyawara (Individual 28),686,2,0.1941753027843676,Eastern,4767.0
Kibale,Kanyawara,Individual 28,Kibale (Kanyawara),Kanyawara (Individual 28),686,3,0.7094013805838902,Eastern,4767.0
Kibale,Kanyawara,Individual 28,Kibale (Kanyawara),Kanyawara (Individual 28),686,4,0.35602144769711075,Eastern,4767.0
Kibale,Kanyawara,Individual 28,Kibale (Kanyawara),Kanyawara (Individual 28),686,5,0.5347831597468148,Eastern,4767.0
Kibale,Kanyawara,Individual 24,Kibale (Kanyawara),Kanyawara (Individual 24),687,1,0.15455981827076085,Eastern,4638.0
Taï,Middle,Individual 37,Taï (Middle),Middle (Individual 37),689,1,0.2565022595473147,Western,8831.0
Taï,Middle,Individual 37,Taï (Middle),Middle (Individual 37),689,2,0.6506841612791663,Western,8831.0
Taï,Middle,Individual 37,Taï (Middle),Middle (Individual 37),689,3,0.5257737226510479,Western,8831.0
Taï,Middle,Individual 37,Taï (Middle),Middle (Individual 37),689,4,0.36220522377137954,Western,8831.0
Taï,Middle,Individual 37,Taï (Middle),Middle (Individual 37),689,5,0.5094335946632584,Western,8831.0
Taï,Middle,Individual 37,Taï (Middle),Middle (Individual 37),690,1,0.6437507012928725,Western,8831.0
Taï,Middle,Individual 37,Taï (Middle),Middle (Individual 37),690,2,0.29842902409832334,Western,8831.0
Taï,Middle,Individual 37,Taï (Middle),Middle (Individual 37),690,3,0.893334468148487,Western,8831.0
Taï,Middle,Individual 37,Taï (Middle),Middle (Individual 37),690,4,0.11764567834596701,Western,8831.0
Taï,Middle,Individual 37,Taï (Middle),Middle (Individual 37),690,5,0.3571433660178059,Western,8831.0
Taï,Middle,Individual 37,Taï (Middle),Middle (Individual 37),691,1,0.4897499132981388,Western,8831.0
Taï,Middle,Individual 38,Taï (Middle),Middle (Individual 38),692,1,0.19780179375730436,Western,8848.0
Taï,Middle,Individual 38,Taï (Middle),Middle (Individual 38),692,2,0.5887095375304764,Western,8848.0
Taï,Middle,Individual 38,Taï (Middle),Middle (Individual 38),692,3,0.4358979072831449,Western,8848.0
Taï,Middle,Individual 38,Taï (Middle),Middle (Individual 38),692,4,0.6947361271138258,Western,8848.0
Taï,Middle,Individual 38,Taï (Middle),Middle (Individual 38),692,5,0.5087735481192951,Western,8848.0
Taï,Middle,Individual 38,Taï (Middle),Middle (Individual 38),692,6,0.19047541628595863,Western,8848.0
Taï,Middle,Individual 38,Taï (Middle),Middle (Individual 38),692,7,0.6296300042993349,Western,8848.0
Taï,Middle,Individual 38,Taï (Middle),Middle (Individual 38),692,8,0.8235304041230506,Western,8848.0
Taï,Middle,Individual 38,Taï (Middle),Middle (Individual 38),694,1,0.33333237773885327,Western,8811.0
Taï,Middle,Individual 38,Taï (Middle),Middle (Individual 38),694,2,0.29591883479628533,Western,8811.0
Taï,Middle,Individual 38,Taï (Middle),Middle (Individual 38),694,3,0.587233595443966,Western,8811.0
Taï,Middle,Individual 38,Taï (Middle),Middle (Individual 38),694,4,0.595092587775537,Western,8811.0
Taï,Middle,Individual 38,Taï (Middle),Middle (Individual 38),694,5,0.7630053803435808,Western,8811.0
Taï,Middle,Individual 38,Taï (Middle),Middle (Individual 38),695,1,0.5102029614812286,Western,8811.0
Taï,Middle,Individual 38,Taï (Middle),Middle (Individual 38),695,2,0.6486479937972476,Western,8811.0
Taï,Middle,Individual 38,Taï (Middle),Middle (Individual 38),695,3,0.3170749484333204,Western,8811.0
Taï,Middle,Individual 38,Taï (Middle),Middle (Individual 38),695,4,0.5,Western,8811.0
Taï,Middle,Individual 38,Taï (Middle),Middle (Individual 38),695,5,0.7567580664701369,Western,8811.0
Taï,Middle,Individual 38,Taï (Middle),Middle (Individual 38),695,6,0.2093013558685968,Western,8811.0
Taï,Middle,Individual 38,Taï (Middle),Middle (Individual 38),695,7,0.17346916994721645,Western,8811.0
Taï,Middle,Individual 38,Taï (Middle),Middle (Individual 38),695,8,0.6612242607866241,Western,8811.0
Taï,Middle,Individual 38,Taï (Middle),Middle (Individual 38),695,9,0.8469398645496321,Western,8811.0
Taï,Middle,Individual 38,Taï (Middle),Middle (Individual 38),695,10,0.31914825976932565,Western,8811.0
Taï,Middle,Individual 38,Taï (Middle),Middle (Individual 38),696,1,0.11677300190641896,Western,8811.0
Taï,Middle,Individual 38,Taï (Middle),Middle (Individual 38),696,2,0.7819549989143975,Western,8811.0
Taï,Middle,Individual 38,Taï (Middle),Middle (Individual 38),696,3,0.7532479324161617,Western,8811.0
Taï,Middle,Individual 38,Taï (Middle),Middle (Individual 38),696,4,0.11014428397228507,Western,8811.0
Taï,Middle,Individual 38,Taï (Middle),Middle (Individual 38),698,1,0.5999993351329069,Western,8811.0
Taï,Middle,Individual 38,Taï (Middle),Middle (Individual 38),698,2,0.3043482659800229,Western,8811.0
Taï,Middle,Individual 38,Taï (Middle),Middle (Individual 38),698,3,0.3878785485511038,Western,8811.0
Taï,Middle,Individual 38,Taï (Middle),Middle (Individual 38),698,4,0.7593986804142471,Western,8811.0
Taï,Middle,Individual 38,Taï (Middle),Middle (Individual 38),699,1,0.6271185043524137,Western,8831.0
Taï,Middle,Individual 41,Taï (Middle),Middle (Individual 41),705,1,0.5056169833456773,Western,8848.0
Taï,Middle,Individual 41,Taï (Middle),Middle (Individual 41),705,2,0.4444454264771736,Western,8848.0
Taï,Middle,Individual 41,Taï (Middle),Middle (Individual 41),705,3,0.6249995857044847,Western,8848.0
Taï,Middle,Individual 41,Taï (Middle),Middle (Individual 41),705,4,0.22916679325689307,Western,8848.0
Taï,Middle,Individual 41,Taï (Middle),Middle (Individual 41),705,5,0.7302628044240791,Western,8848.0
Taï,Middle,Individual 41,Taï (Middle),Middle (Individual 41),705,6,0.45555537551648706,Western,8848.0
Taï,Middle,Individual 41,Taï (Middle),Middle (Individual 41),705,7,0.7424255815597822,Western,8848.0
Taï,Middle,Individual 41,Taï (Middle),Middle (Individual 41),705,8,0.24999892770593407,Western,8848.0
Taï,Middle,Individual 41,Taï (Middle),Middle (Individual 41),705,9,0.7611931202305445,Western,8848.0
Taï,Middle,Individual 41,Taï (Middle),Middle (Individual 41),705,10,0.2461545364803015,Western,8848.0
Taï,Middle,Individual 41,Taï (Middle),Middle (Individual 41),706,1,0.5551715345258619,Western,8848.0
Taï,Middle,Individual 41,Taï (Middle),Middle (Individual 41),706,2,0.5472975277067349,Western,8848.0
Taï,Middle,Individual 41,Taï (Middle),Middle (Individual 41),706,3,0.37222245587472497,Western,8848.0
Taï,Middle,Individual 41,Taï (Middle),Middle (Individual 41),706,4,0.4169739498364881,Western,8848.0
Taï,Middle,Individual 41,Taï (Middle),Middle (Individual 41),706,5,0.6638661342686348,Western,8848.0
Taï,Middle,Individual 41,Taï (Middle),Middle (Individual 41),706,6,0.26402595736955103,Western,8848.0
Taï,Middle,Individual 41,Taï (Middle),Middle (Individual 41),706,7,0.6716861929583738,Western,8848.0
Taï,Middle,Individual 41,Taï (Middle),Middle (Individual 41),707,1,0.6533324687114973,Western,8810.0
Taï,Middle,Individual 41,Taï (Middle),Middle (Individual 41),707,2,0.44067858084938016,Western,8810.0
Taï,Middle,Individual 41,Taï (Middle),Middle (Individual 41),707,3,0.41772186187162325,Western,8810.0
Taï,Middle,Individual 41,Taï (Middle),Middle (Individual 41),707,4,0.4144138302104712,Western,8810.0
Taï,Middle,Individual 41,Taï (Middle),Middle (Individual 41),710,1,0.34736804275614924,Western,8829.0
Taï,Middle,Individual 41,Taï (Middle),Middle (Individual 41),710,2,0.6499989773378058,Western,8829.0
Taï,Middle,Individual 41,Taï (Middle),Middle (Individual 41),710,3,0.3000004382831572,Western,8829.0
Taï,Middle,Individual 41,Taï (Middle),Middle (Individual 41),710,4,0.7538479692256861,Western,8829.0
Taï,Middle,Individual 41,Taï (Middle),Middle (Individual 41),710,5,0.2424229746564772,Western,8829.0
Taï,Middle,Individual 41,Taï (Middle),Middle (Individual 41),710,6,0.6756757877280265,Western,8829.0
Taï,Middle,Individual 41,Taï (Middle),Middle (Individual 41),710,7,0.35820847681148804,Western,8829.0
Taï,Middle,Individual 41,Taï (Middle),Middle (Individual 41),711,1,0.6717947412630132,Western,8829.0
Taï,Middle,Individual 41,Taï (Middle),Middle (Individual 41),711,2,0.3137259672702323,Western,8829.0
Taï,Middle,Individual 41,Taï (Middle),Middle (Individual 41),711,3,0.8139531528203826,Western,8829.0
Taï,Middle,Individual 41,Taï (Middle),Middle (Individual 41),711,4,0.2222226052068289,Western,8829.0
Taï,Middle,Individual 41,Taï (Middle),Middle (Individual 41),711,5,0.4745758434232859,Western,8829.0
Taï,Middle,Individual 41,Taï (Middle),Middle (Individual 41),711,6,0.5,Western,8829.0
Taï,Middle,Individual 41,Taï (Middle),Middle (Individual 41),711,7,0.4492754405084326,Western,8829.0
Taï,Middle,Individual 41,Taï (Middle),Middle (Individual 41),711,8,0.43678133049597645,Western,8829.0
Taï,Middle,Individual 41,Taï (Middle),Middle (Individual 41),711,9,0.8032795555655006,Western,8829.0
Taï,Middle,Individual 41,Taï (Middle),Middle (Individual 41),711,10,0.3999983455076396,Western,8829.0
Taï,Middle,Individual 41,Taï (Middle),Middle (Individual 41),711,11,0.1406253786832245,Western,8829.0
Taï,Middle,Individual 41,Taï (Middle),Middle (Individual 41),712,1,0.5703083592034527,Western,8829.0
Taï,Middle,Individual 41,Taï (Middle),Middle (Individual 41),712,2,0.1397382802460529,Western,8829.0
Taï,Middle,Individual 41,Taï (Middle),Middle (Individual 41),712,3,0.8364182659935179,Western,8829.0
Taï,Middle,Individual 41,Taï (Middle),Middle (Individual 41),713,1,0.5555565943145087,Western,8829.0
Taï,Middle,Individual 41,Taï (Middle),Middle (Individual 41),713,2,0.4827584456071672,Western,8829.0
Taï,Middle,Individual 38,Taï (Middle),Middle (Individual 38),744,1,0.3163266159611009,Western,8693.0
Taï,Middle,Individual 38,Taï (Middle),Middle (Individual 38),748,1,0.5822781267926851,Western,8644.0
Taï,Middle,Individual 38,Taï (Middle),Middle (Individual 38),749,1,0.4523809108586278,Western,8616.0
Taï,Middle,Individual 38,Taï (Middle),Middle (Individual 38),749,2,0.844037017823496,Western,8616.0
Taï,Middle,Individual 38,Taï (Middle),Middle (Individual 38),749,3,0.23943615476033275,Western,8616.0
Taï,Middle,Individual 38,Taï (Middle),Middle (Individual 38),749,4,0.22222249015255552,Western,8616.0
Taï,Middle,Individual 38,Taï (Middle),Middle (Individual 38),750,1,0.2753619221307128,Western,8639.0
Taï,Middle,Individual 38,Taï (Middle),Middle (Individual 38),750,2,0.5319151073715936,Western,8639.0
Taï,Middle,Individual 38,Taï (Middle),Middle (Individual 38),751,1,0.2753619221307128,Western,8639.0
Taï,Middle,Individual 38,Taï (Middle),Middle (Individual 38),751,2,0.5319151073715936,Western,8639.0
Taï,Middle,Individual 41,Taï (Middle),Middle (Individual 41),757,1,0.5294122360992575,Western,8646.0
Taï,Middle,Individual 41,Taï (Middle),Middle (Individual 41),757,2,0.4705877639007425,Western,8646.0
Taï,Middle,Individual 41,Taï (Middle),Middle (Individual 41),757,3,0.5399991826058526,Western,8646.0
Taï,Middle,Individual 41,Taï (Middle),Middle (Individual 41),757,4,0.4791671101309958,Western,8646.0
Taï,Middle,Individual 41,Taï (Middle),Middle (Individual 41),757,5,0.5319153561537223,Western,8646.0
Taï,Middle,Individual 41,Taï (Middle),Middle (Individual 41),757,6,0.4583320916332117,Western,8646.0
Taï,North,Individual 44,Taï (North),North (Individual 44),758,1,0.3777775391960033,Western,9091.0
Taï,North,Individual 44,Taï (North),North (Individual 44),758,2,0.5185184080640591,Western,9091.0
Taï,North,Individual 44,Taï (North),North (Individual 44),758,3,0.4601782019051528,Western,9091.0
Taï,North,Individual 44,Taï (North),North (Individual 44),759,1,0.2558748873473505,Western,9029.0
Taï,North,Individual 44,Taï (North),North (Individual 44),759,2,0.7492064628429816,Western,9029.0
Taï,North,Individual 44,Taï (North),North (Individual 44),760,1,0.6176479665212051,Western,9029.0
Taï,North,Individual 44,Taï (North),North (Individual 44),760,2,0.3305079319911788,Western,9029.0
Taï,North,Individual 44,Taï (North),North (Individual 44),761,1,0.7114093589738288,Western,9067.0
Taï,North,Individual 45,Taï (North),North (Individual 45),762,1,0.27791535038134135,Western,9029.0
Taï,North,Individual 45,Taï (North),North (Individual 45),762,2,0.30057811206353263,Western,9029.0
Taï,North,Individual 45,Taï (North),North (Individual 45),762,3,0.7423316236028062,Western,9029.0
Taï,North,Individual 45,Taï (North),North (Individual 45),762,4,0.5599998099730874,Western,9029.0
Taï,North,Individual 45,Taï (North),North (Individual 45),762,5,0.44000019002691254,Western,9029.0
Taï,North,Individual 45,Taï (North),North (Individual 45),762,6,0.4615381603547342,Western,9029.0
Taï,North,Individual 45,Taï (North),North (Individual 45),762,7,0.5505615728443349,Western,9029.0
Taï,North,Individual 45,Taï (North),North (Individual 45),762,8,0.5333330166225646,Western,9029.0
Taï,North,Individual 45,Taï (North),North (Individual 45),762,9,0.39772777883498056,Western,9029.0
Taï,North,Individual 45,Taï (North),North (Individual 45),762,10,0.5353538080045204,Western,9029.0
Taï,North,Individual 45,Taï (North),North (Individual 45),762,11,0.5287354203525326,Western,9029.0
Taï,North,Individual 45,Taï (North),North (Individual 45),762,12,0.49397616221541574,Western,9029.0
Taï,North,Individual 45,Taï (North),North (Individual 45),762,13,0.5121945920579813,Western,9029.0
Taï,North,Individual 45,Taï (North),North (Individual 45),762,14,0.5128210984553472,Western,9029.0
Taï,North,Individual 45,Taï (North),North (Individual 45),762,15,0.41758205185932007,Western,9029.0
Taï,North,Individual 45,Taï (North),North (Individual 45),762,16,0.5196078602604834,Western,9029.0
Taï,North,Individual 45,Taï (North),North (Individual 45),762,17,0.5347173890221664,Western,9029.0
Taï,North,Individual 45,Taï (North),North (Individual 45),763,1,0.154350128201647,Western,9041.0
Taï,North,Individual 45,Taï (North),North (Individual 45),763,2,0.5816323944319569,Western,9041.0
Taï,North,Individual 45,Taï (North),North (Individual 45),763,3,0.39613568673219607,Western,9041.0
Taï,North,Individual 45,Taï (North),North (Individual 45),763,4,0.7861629738769523,Western,9041.0
Taï,North,Individual 45,Taï (North),North (Individual 45),763,5,0.19101163205741553,Western,9041.0
Taï,North,Individual 45,Taï (North),North (Individual 45),763,6,0.8888888888888888,Western,9041.0
Taï,North,Individual 45,Taï (North),North (Individual 45),763,7,0.2812496170014585,Western,9041.0
Taï,North,Individual 45,Taï (North),North (Individual 45),763,8,0.3833340596130381,Western,9041.0
Taï,North,Individual 45,Taï (North),North (Individual 45),764,1,0.5192305092536263,Western,8866.0
Taï,North,Individual 45,Taï (North),North (Individual 45),764,2,0.5,Western,8866.0
Taï,North,Individual 45,Taï (North),North (Individual 45),764,3,0.515464066952496,Western,8866.0
Taï,North,Individual 45,Taï (North),North (Individual 45),764,4,0.43119318123187733,Western,8866.0
Taï,North,Individual 45,Taï (North),North (Individual 45),764,5,0.4592584878150385,Western,8866.0
Taï,North,Individual 45,Taï (North),North (Individual 45),764,6,0.5069448376999338,Western,8866.0
Taï,North,Individual 45,Taï (North),North (Individual 45),764,7,0.5338349679800926,Western,8866.0
Taï,North,Individual 45,Taï (North),North (Individual 45),764,8,0.492063031558181,Western,8866.0
Taï,North,Individual 45,Taï (North),North (Individual 45),764,9,0.45714245544124915,Western,8866.0
Taï,North,Individual 45,Taï (North),North (Individual 45),764,10,0.5004907152962439,Western,8866.0
Taï,North,Individual 45,Taï (North),North (Individual 45),764,11,0.5347229242861249,Western,8866.0
Taï,North,Individual 45,Taï (North),North (Individual 45),764,12,0.49624091943135973,Western,8866.0
Taï,North,Individual 45,Taï (North),North (Individual 45),764,13,0.5193804194767657,Western,8866.0
Taï,North,Individual 45,Taï (North),North (Individual 45),764,14,0.4959992081648996,Western,8866.0
Taï,North,Individual 45,Taï (North),North (Individual 45),764,15,0.4935423399132517,Western,8866.0
Taï,North,Individual 45,Taï (North),North (Individual 45),765,1,0.5791515578243267,Western,9040.0
Taï,North,Individual 45,Taï (North),North (Individual 45),765,2,0.5736841094943755,Western,9040.0
Taï,North,Individual 45,Taï (North),North (Individual 45),766,1,0.47999946822810646,Western,9040.0
Taï,North,Individual 45,Taï (North),North (Individual 45),767,1,0.23203862837821004,Western,9046.0
Taï,North,Individual 45,Taï (North),North (Individual 45),767,2,0.3266815287870683,Western,9046.0
Taï,North,Individual 45,Taï (North),North (Individual 45),767,3,0.5968752032961077,Western,9046.0
Taï,North,Individual 45,Taï (North),North (Individual 45),767,4,0.5324540299020449,Western,9046.0
Taï,North,Individual 45,Taï (North),North (Individual 45),767,5,0.5311204984572336,Western,9046.0
Taï,North,Individual 45,Taï (North),North (Individual 45),767,6,0.5291004772977604,Western,9046.0
Taï,North,Individual 45,Taï (North),North (Individual 45),767,7,0.47089952270223967,Western,9046.0
Taï,North,Individual 45,Taï (North),North (Individual 45),768,1,0.5505628946000638,Western,9046.0
Taï,North,Individual 45,Taï (North),North (Individual 45),768,2,0.4761900768458805,Western,9046.0
Taï,North,Individual 45,Taï (North),North (Individual 45),771,1,0.16504903175304225,Western,9046.0
Taï,North,Individual 44,Taï (North),North (Individual 44),775,1,0.46666614031486364,Western,9094.0
Taï,North,Individual 44,Taï (North),North (Individual 44),775,2,0.2857148899453533,Western,9094.0
Taï,North,Individual 44,Taï (North),North (Individual 44),775,3,0.26666656139613987,Western,9094.0
Taï,North,Individual 44,Taï (North),North (Individual 44),775,4,0.8560311092787761,Western,9094.0
Taï,North,Individual 44,Taï (North),North (Individual 44),775,5,0.5967746454121979,Western,9094.0
Taï,North,Individual 44,Taï (North),North (Individual 44),775,6,0.47169760727916266,Western,9094.0
Taï,North,Individual 44,Taï (North),North (Individual 44),775,7,0.5714281110624145,Western,9094.0
Taï,North,Individual 44,Taï (North),North (Individual 44),776,1,0.6724145448934893,Western,9094.0
Taï,North,Individual 44,Taï (North),North (Individual 44),776,2,0.35185065098819074,Western,9094.0
Taï,North,Individual 44,Taï (North),North (Individual 44),776,3,0.3763447832971796,Western,9094.0
Taï,North,Individual 44,Taï (North),North (Individual 44),776,4,0.5523803347939267,Western,9094.0
Taï,North,Individual 44,Taï (North),North (Individual 44),777,1,0.66494743225636,Western,9094.0
Taï,North,Individual 44,Taï (North),North (Individual 44),778,1,0.4461524586385545,Western,9091.0
Taï,North,Individual 44,Taï (North),North (Individual 44),778,2,0.5142865118702737,Western,9091.0
Taï,North,Individual 44,Taï (North),North (Individual 44),778,3,0.45333352632950236,Western,9091.0
Taï,North,Individual 44,Taï (North),North (Individual 44),779,1,0.5102038963632732,Western,9079.0
Taï,North,Individual 44,Taï (North),North (Individual 44),779,2,0.47058874836458786,Western,9079.0
Taï,North,Individual 44,Taï (North),North (Individual 44),779,3,0.539999288268892,Western,9079.0
Taï,North,Individual 44,Taï (North),North (Individual 44),779,4,0.410714616690188,Western,9079.0
Taï,North,Individual 44,Taï (North),North (Individual 44),782,1,0.2500553857459605,Western,9046.0
Taï,North,Individual 44,Taï (North),North (Individual 44),782,2,0.7062142963757004,Western,9046.0
Taï,North,Individual 44,Taï (North),North (Individual 44),782,3,0.5591409304112314,Western,9046.0
Taï,North,Individual 44,Taï (North),North (Individual 44),782,4,0.5394724887517726,Western,9046.0
Taï,North,Individual 44,Taï (North),North (Individual 44),782,5,0.33333333333333337,Western,9046.0
Taï,North,Individual 44,Taï (North),North (Individual 44),782,6,0.451613028185382,Western,9046.0
Taï,North,Individual 44,Taï (North),North (Individual 44),782,7,0.5246918156008391,Western,9046.0
Taï,North,Individual 44,Taï (North),North (Individual 44),782,8,0.5032680379802721,Western,9046.0
Taï,North,Individual 45,Taï (North),North (Individual 45),784,1,0.45652145182535453,Western,9060.0
Taï,North,Individual 45,Taï (North),North (Individual 45),784,2,0.5555553053757388,Western,9060.0
Taï,North,Individual 45,Taï (North),North (Individual 45),784,3,0.4761903613120813,Western,9060.0
Taï,North,Individual 45,Taï (North),North (Individual 45),784,4,0.530120952580924,Western,9060.0
Taï,North,Individual 45,Taï (North),North (Individual 45),785,1,0.528454717255415,Western,9029.0
Taï,North,Individual 45,Taï (North),North (Individual 45),785,2,0.5631071556702582,Western,9029.0
Taï,North,Individual 45,Taï (North),North (Individual 45),785,3,0.281249906872372,Western,9029.0
Taï,North,Individual 45,Taï (North),North (Individual 45),786,1,0.1538460597385597,Western,9029.0
Taï,North,Individual 45,Taï (North),North (Individual 45),786,2,0.6861629885365358,Western,9029.0
Taï,North,Individual 45,Taï (North),North (Individual 45),786,3,0.5993194868870503,Western,9029.0
Taï,North,Individual 45,Taï (North),North (Individual 45),786,4,0.5,Western,9029.0
Taï,North,Individual 45,Taï (North),North (Individual 45),786,5,0.5138887538998338,Western,9029.0
Taï,North,Individual 45,Taï (North),North (Individual 45),786,6,0.5,Western,9029.0
Taï,North,Individual 45,Taï (North),North (Individual 45),786,7,0.48951059217319387,Western,9029.0
Taï,North,Individual 45,Taï (North),North (Individual 45),786,8,0.4761471145693906,Western,9029.0
Taï,North,Individual 45,Taï (North),North (Individual 45),787,1,0.6451613517408927,Western,9029.0
Taï,North,Individual 45,Taï (North),North (Individual 45),787,2,0.40740716451451414,Western,9029.0
Taï,North,Individual 45,Taï (North),North (Individual 45),788,1,0.6527606201239803,Western,9029.0
Taï,North,Individual 45,Taï (North),North (Individual 45),788,2,0.4852018402125316,Western,9029.0
Taï,North,Individual 45,Taï (North),North (Individual 45),789,1,0.7898507752469668,Western,9029.0
Taï,North,Individual 45,Taï (North),North (Individual 45),789,2,0.22656306880232985,Western,9029.0
Taï,North,Individual 45,Taï (North),North (Individual 45),789,3,0.5439560791241427,Western,9029.0
Taï,North,Individual 45,Taï (North),North (Individual 45),789,4,0.5845071289110567,Western,9029.0
Taï,North,Individual 45,Taï (North),North (Individual 45),789,5,0.5412848203741603,Western,9029.0
Taï,North,Individual 45,Taï (North),North (Individual 45),789,6,0.4098363395048172,Western,9029.0
Taï,North,Individual 45,Taï (North),North (Individual 45),789,7,0.5294107569985589,Western,9029.0
Taï,North,Individual 45,Taï (North),North (Individual 45),789,8,0.5714285714285714,Western,9029.0
Taï,North,Individual 45,Taï (North),North (Individual 45),789,9,0.3608965263545115,Western,9029.0
Taï,North,Individual 45,Taï (North),North (Individual 45),790,1,0.5205479189799748,Western,9029.0
Taï,North,Individual 45,Taï (North),North (Individual 45),790,2,0.4794520810200253,Western,9029.0
Taï,North,Individual 45,Taï (North),North (Individual 45),790,3,0.7307688172909981,Western,9029.0
Taï,North,Individual 45,Taï (North),North (Individual 45),790,4,0.25925945096780706,Western,9029.0
Taï,North,Individual 45,Taï (North),North (Individual 45),791,1,0.6610173084215163,Western,9029.0
Taï,North,Individual 45,Taï (North),North (Individual 45),791,2,0.33222536914827566,Western,9029.0
Taï,North,Individual 45,Taï (North),North (Individual 45),791,3,0.620370509359232,Western,9029.0
Taï,North,Individual 45,Taï (North),North (Individual 45),791,4,0.40863796577775624,Western,9029.0
Taï,North,Individual 45,Taï (North),North (Individual 45),792,1,0.5821288199141484,Western,9029.0
Taï,North,Individual 45,Taï (North),North (Individual 45),792,2,0.38359472778473097,Western,9029.0
Taï,North,Individual 45,Taï (North),North (Individual 45),793,1,0.515392554068853,Western,9029.0
Taï,North,Individual 45,Taï (North),North (Individual 45),793,2,0.4542578088696255,Western,9029.0
Taï,North,Individual 45,Taï (North),North (Individual 45),793,3,0.5754714039440685,Western,9029.0
Taï,North,Individual 45,Taï (North),North (Individual 45),793,4,0.4687509990876024,Western,9029.0
Taï,North,Individual 45,Taï (North),North (Individual 45),793,5,0.44347749323544744,Western,9029.0
Taï,North,Individual 45,Taï (North),North (Individual 45),793,6,0.5423735256750132,Western,9029.0
Taï,North,Individual 45,Taï (North),North (Individual 45),793,7,0.47722815246329886,Western,9029.0
Taï,North,Individual 45,Taï (North),North (Individual 45),793,8,0.5227718475367011,Western,9029.0
Taï,North,Individual 45,Taï (North),North (Individual 45),793,9,0.44999960651299686,Western,9029.0
Taï,North,Individual 45,Taï (North),North (Individual 45),793,10,0.4888888111631291,Western,9029.0
Taï,North,Individual 45,Taï (North),North (Individual 45),793,11,0.48591593788448106,Western,9029.0
Taï,North,Individual 45,Taï (North),North (Individual 45),793,12,0.493242661204644,Western,9029.0
Taï,North,Individual 45,Taï (North),North (Individual 45),793,13,0.5,Western,9029.0
Taï,North,Individual 45,Taï (North),North (Individual 45),793,14,0.5354385255227164,Western,9029.0
Taï,North,Individual 45,Taï (North),North (Individual 45),794,1,0.5671651147904473,Western,9029.0
Taï,North,Individual 45,Taï (North),North (Individual 45),794,2,0.44615290432511295,Western,9029.0
Taï,North,Individual 45,Taï (North),North (Individual 45),794,3,0.11250015543848159,Western,9029.0
Taï,North,Individual 45,Taï (North),North (Individual 45),794,4,0.8658534777105437,Western,9029.0
Taï,North,Individual 45,Taï (North),North (Individual 45),794,5,0.611111111111111,Western,9029.0
Taï,North,Individual 45,Taï (North),North (Individual 45),794,6,0.2828285986074948,Western,9029.0
Taï,North,Individual 45,Taï (North),North (Individual 45),794,7,0.6826926960333133,Western,9029.0
Taï,North,Individual 45,Taï (North),North (Individual 45),794,8,0.3882344985786625,Western,9029.0
Taï,North,Individual 45,Taï (North),North (Individual 45),795,1,0.17365271970252902,Western,9058.0
Taï,North,Individual 45,Taï (North),North (Individual 45),797,1,0.6119396837981291,Western,9058.0
Taï,North,Individual 45,Taï (North),North (Individual 45),797,2,0.3466667279872514,Western,9058.0
Taï,North,Individual 45,Taï (North),North (Individual 45),797,3,0.5903619464778841,Western,9058.0
Taï,North,Individual 45,Taï (North),North (Individual 45),797,4,0.33009724994306994,Western,9058.0
Taï,North,Individual 45,Taï (North),North (Individual 45),798,1,0.44815860547088077,Western,9058.0
Taï,North,Individual 45,Taï (North),North (Individual 45),798,2,0.5604201884416188,Western,9058.0
Taï,North,Individual 45,Taï (North),North (Individual 45),799,1,0.5283019968388084,Western,9058.0
Taï,North,Individual 45,Taï (North),North (Individual 45),799,2,0.5555558099756597,Western,9058.0
Taï,North,Individual 45,Taï (North),North (Individual 45),799,3,0.4347823165213651,Western,9058.0
Taï,North,Individual 45,Taï (North),North (Individual 45),800,1,0.881395742635371,Western,9079.0
Taï,North,Individual 45,Taï (North),North (Individual 45),800,2,0.14666783750557275,Western,9079.0
Taï,North,Individual 45,Taï (North),North (Individual 45),800,3,0.5378150902751466,Western,9079.0
Taï,North,Individual 45,Taï (North),North (Individual 45),800,4,0.4824562767888687,Western,9079.0
Taï,North,Individual 45,Taï (North),North (Individual 45),800,5,0.48760365180947113,Western,9079.0
Taï,North,Individual 45,Taï (North),North (Individual 45),800,6,0.3099999366731893,Western,9079.0
Taï,North,Individual 45,Taï (North),North (Individual 45),800,7,0.8363635526257209,Western,9079.0
Taï,North,Individual 45,Taï (North),North (Individual 45),800,8,0.4218746289450562,Western,9079.0
Taï,North,Individual 45,Taï (North),North (Individual 45),800,9,0.3925588295367813,Western,9079.0
Taï,North,Individual 45,Taï (North),North (Individual 45),801,1,0.4897951507732707,Western,9079.0
Taï,North,Individual 45,Taï (North),North (Individual 45),801,2,0.5434797652912188,Western,9079.0
Taï,North,Individual 45,Taï (North),North (Individual 45),801,3,0.34999944151550355,Western,9079.0
Taï,North,Individual 45,Taï (North),North (Individual 45),801,4,0.5270268434494375,Western,9079.0
Taï,North,Individual 45,Taï (North),North (Individual 45),801,5,0.5645156059991894,Western,9079.0
Taï,North,Individual 45,Taï (North),North (Individual 45),801,6,0.4426240314655255,Western,9079.0
Taï,North,Individual 45,Taï (North),North (Individual 45),801,7,0.5151514382252369,Western,9079.0
Taï,North,Individual 45,Taï (North),North (Individual 45),801,8,0.5245893084231256,Western,9079.0
Taï,North,Individual 45,Taï (North),North (Individual 45),801,9,0.200000231096588,Western,9079.0
Taï,North,Individual 45,Taï (North),North (Individual 45),801,10,0.8592595994057732,Western,9079.0
Taï,North,Individual 45,Taï (North),North (Individual 45),801,11,0.35849044674582403,Western,9079.0
Taï,North,Individual 45,Taï (North),North (Individual 45),801,12,0.5862063984978696,Western,9079.0
Taï,North,Individual 45,Taï (North),North (Individual 45),801,13,0.5581401691817944,Western,9079.0
Taï,North,Individual 45,Taï (North),North (Individual 45),801,14,0.1899995643825793,Western,9079.0
Taï,North,Individual 45,Taï (North),North (Individual 45),801,15,0.6136361328581148,Western,9079.0
Taï,North,Individual 45,Taï (North),North (Individual 45),802,1,0.5510535674944135,Western,9079.0
Taï,North,Individual 45,Taï (North),North (Individual 45),802,2,0.2551013564869046,Western,9079.0
Taï,North,Individual 45,Taï (North),North (Individual 45),802,3,0.22600620874935817,Western,9079.0
Taï,North,Individual 45,Taï (North),North (Individual 45),802,4,0.8928574781784097,Western,9079.0
Taï,North,Individual 45,Taï (North),North (Individual 45),802,5,0.3296692185468728,Western,9079.0
Taï,North,Individual 45,Taï (North),North (Individual 45),802,6,0.7011497726139574,Western,9079.0
Taï,North,Individual 45,Taï (North),North (Individual 45),802,7,0.3513508712720038,Western,9079.0
Taï,North,Individual 45,Taï (North),North (Individual 45),802,8,0.5161291842359427,Western,9079.0
Taï,North,Individual 45,Taï (North),North (Individual 45),802,9,0.44859094641578,Western,9079.0
Taï,North,Individual 45,Taï (North),North (Individual 45),803,1,0.6428574790881147,Western,9079.0
Taï,North,Individual 45,Taï (North),North (Individual 45),803,2,0.5555547419600493,Western,9079.0
Taï,North,Individual 45,Taï (North),North (Individual 45),803,3,0.24000015816278114,Western,9079.0
Taï,North,Individual 45,Taï (North),North (Individual 45),803,4,0.20652141211662767,Western,9079.0
Taï,North,Individual 45,Taï (North),North (Individual 45),803,5,0.780748374764633,Western,9079.0
Taï,North,Individual 45,Taï (North),North (Individual 45),803,6,0.5540543789857841,Western,9079.0
Taï,North,Individual 45,Taï (North),North (Individual 45),803,7,0.4925374455578769,Western,9079.0
Taï,North,Individual 45,Taï (North),North (Individual 45),803,8,0.35789502162249903,Western,9079.0
Taï,North,Individual 45,Taï (North),North (Individual 45),804,1,0.5604389123760167,Western,9079.0
Taï,North,Individual 45,Taï (North),North (Individual 45),805,1,0.49206364230073923,Western,9079.0
Taï,North,Individual 45,Taï (North),North (Individual 45),805,2,0.2990651601487942,Western,9079.0
Taï,North,Individual 45,Taï (North),North (Individual 45),805,3,0.5395686539472132,Western,9079.0
Taï,North,Individual 45,Taï (North),North (Individual 45),805,4,0.5079363576992608,Western,9079.0
Taï,North,Individual 45,Taï (North),North (Individual 45),806,1,0.43749984554438803,Western,9079.0
Taï,North,Individual 45,Taï (North),North (Individual 45),806,2,0.2250000617822448,Western,9079.0
Taï,North,Individual 45,Taï (North),North (Individual 45),806,3,0.9171599986663804,Western,9079.0
Taï,North,Individual 45,Taï (North),North (Individual 45),807,1,0.5503520728851272,Western,9079.0
Taï,North,Individual 45,Taï (North),North (Individual 45),807,2,0.5,Western,9079.0
Taï,North,Individual 45,Taï (North),North (Individual 45),807,3,0.39655101311412316,Western,9079.0
Taï,North,Individual 45,Taï (North),North (Individual 45),807,4,0.15555577210477872,Western,9079.0
Taï,North,Individual 45,Taï (North),North (Individual 45),807,5,0.75999987243281,Western,9079.0
Taï,North,Individual 45,Taï (North),North (Individual 45),807,6,0.7594943735176869,Western,9079.0
Taï,North,Individual 45,Taï (North),North (Individual 45),807,7,0.2538433884132458,Western,9079.0
Taï,North,Individual 45,Taï (North),North (Individual 45),808,1,0.6296293861451229,Western,9079.0
Taï,North,Individual 45,Taï (North),North (Individual 45),808,2,0.3571426307398263,Western,9079.0
Taï,North,Individual 45,Taï (North),North (Individual 45),808,3,0.46153828648930334,Western,9079.0
Taï,North,Individual 45,Taï (North),North (Individual 45),808,4,0.37168169394615314,Western,9079.0
Taï,North,Individual 45,Taï (North),North (Individual 45),808,5,0.8452388750715811,Western,9079.0
Taï,North,Individual 45,Taï (North),North (Individual 45),808,6,0.17105161746880324,Western,9079.0
Taï,North,Individual 45,Taï (North),North (Individual 45),808,7,0.5943394330725539,Western,9079.0
Taï,North,Individual 45,Taï (North),North (Individual 45),808,8,0.4432997425335648,Western,9079.0
Taï,North,Individual 45,Taï (North),North (Individual 45),808,9,0.5294110481546964,Western,9079.0
Taï,North,Individual 45,Taï (North),North (Individual 45),808,10,0.5647059560552462,Western,9079.0
Taï,North,Individual 45,Taï (North),North (Individual 45),808,11,0.5211275,Western,9079.0
Taï,North,Individual 45,Taï (North),North (Individual 45),808,12,0.6415096235318546,Western,9079.0
Taï,North,Individual 45,Taï (North),North (Individual 45),808,13,0.3333322953224114,Western,9079.0
Taï,North,Individual 45,Taï (North),North (Individual 45),808,14,0.38775576738819767,Western,9079.0
Taï,North,Individual 45,Taï (North),North (Individual 45),809,1,0.7103824713233671,Western,9079.0
Taï,North,Individual 45,Taï (North),North (Individual 45),809,2,0.10353805692855055,Western,9079.0
Taï,North,Individual 45,Taï (North),North (Individual 45),810,1,0.6410254858042255,Western,9079.0
Taï,North,Individual 45,Taï (North),North (Individual 45),810,2,0.39999999999999997,Western,9079.0
Taï,North,Individual 45,Taï (North),North (Individual 45),810,3,0.30000050591157673,Western,9079.0
Taï,North,Individual 45,Taï (North),North (Individual 45),810,4,0.7656249711801476,Western,9079.0
Taï,North,Individual 45,Taï (North),North (Individual 45),810,5,0.326087179671421,Western,9079.0
Taï,North,Individual 45,Taï (North),North (Individual 45),810,6,0.46969699679665466,Western,9079.0
Taï,North,Individual 45,Taï (North),North (Individual 45),811,1,0.2857139867530266,Western,9078.0
Taï,North,Individual 45,Taï (North),North (Individual 45),811,2,0.5,Western,9078.0
Taï,North,Individual 45,Taï (North),North (Individual 45),812,1,0.46210654276085805,Western,9046.0
Taï,North,Individual 45,Taï (North),North (Individual 45),812,2,0.47826067976846315,Western,9046.0
Taï,North,Individual 45,Taï (North),North (Individual 45),812,3,0.488372454124804,Western,9046.0
Taï,North,Individual 45,Taï (North),North (Individual 45),812,4,0.5176469323649329,Western,9046.0
Taï,North,Individual 45,Taï (North),North (Individual 45),812,5,0.31178702753548837,Western,9046.0
Taï,North,Individual 45,Taï (North),North (Individual 45),812,6,0.7182538443002615,Western,9046.0
Taï,North,Individual 45,Taï (North),North (Individual 45),812,7,0.4386805971704749,Western,9046.0
Taï,North,Individual 45,Taï (North),North (Individual 45),813,1,0.5473068158276363,Western,9046.0
Taï,North,Individual 45,Taï (North),North (Individual 45),813,2,0.482379723782061,Western,9046.0
Taï,North,Individual 45,Taï (North),North (Individual 45),814,1,0.329669945123406,Western,9046.0
Taï,North,Individual 45,Taï (North),North (Individual 45),814,2,0.6069653269935947,Western,9046.0
Taï,North,Individual 45,Taï (North),North (Individual 45),814,3,0.7523807423173845,Western,9046.0
Taï,North,Individual 45,Taï (North),North (Individual 45),815,1,0.3312152338548398,Western,9046.0
Taï,North,Individual 45,Taï (North),North (Individual 45),815,2,0.6473436320387871,Western,9046.0
Taï,North,Individual 45,Taï (North),North (Individual 45),815,3,0.5840705601457699,Western,9046.0
Taï,North,Individual 45,Taï (North),North (Individual 45),815,4,0.45631089711554035,Western,9046.0
Taï,North,Individual 45,Taï (North),North (Individual 45),815,5,0.4628100749607593,Western,9046.0
Taï,North,Individual 45,Taï (North),North (Individual 45),815,6,0.551553006455422,Western,9046.0
Taï,North,Individual 45,Taï (North),North (Individual 45),816,1,0.3382358612613813,Western,9043.0
Taï,North,Individual 45,Taï (North),North (Individual 45),816,2,0.21428579537649559,Western,9043.0
Taï,North,Individual 45,Taï (North),North (Individual 45),816,3,0.6346150143089917,Western,9043.0
Taï,North,Individual 45,Taï (North),North (Individual 45),817,1,0.2493813560433419,Western,9043.0
Taï,North,Individual 45,Taï (North),North (Individual 45),817,2,0.838383792858672,Western,9043.0
Taï,North,Individual 45,Taï (North),North (Individual 45),818,1,0.2521741909944112,Western,9066.0
Taï,North,Individual 45,Taï (North),North (Individual 45),818,2,0.6991865433090687,Western,9066.0
Taï,North,Individual 45,Taï (North),North (Individual 45),818,3,0.5967751498180293,Western,9066.0
Taï,North,Individual 45,Taï (North),North (Individual 45),818,4,0.46296213872605363,Western,9066.0
Taï,North,Individual 45,Taï (North),North (Individual 45),818,5,0.5178568723585815,Western,9066.0
Taï,North,Individual 45,Taï (North),North (Individual 45),819,1,0.5784318244116855,Western,9066.0
Taï,North,Individual 45,Taï (North),North (Individual 45),819,2,0.4886364594902364,Western,9066.0
Taï,North,Individual 45,Taï (North),North (Individual 45),819,3,0.5555558949670703,Western,9066.0
Taï,North,Individual 45,Taï (North),North (Individual 45),819,4,0.4615387055535641,Western,9066.0
Taï,North,Individual 45,Taï (North),North (Individual 45),819,5,0.591547626930221,Western,9066.0
Taï,North,Individual 45,Taï (North),North (Individual 45),819,6,0.40845237306977894,Western,9066.0
Taï,North,Individual 45,Taï (North),North (Individual 45),819,7,0.5,Western,9066.0
Taï,North,Individual 45,Taï (North),North (Individual 45),819,8,0.5121950483547322,Western,9066.0
Taï,North,Individual 45,Taï (North),North (Individual 45),819,9,0.4651151416109468,Western,9066.0
Taï,North,Individual 45,Taï (North),North (Individual 45),820,1,0.5509161272894137,Western,9058.0
Taï,East,Individual 01,Taï (East),East (Individual 01),825,1,0.3114033545483315,Western,3732.0
Taï,East,Individual 01,Taï (East),East (Individual 01),825,2,0.6085267704546161,Western,3732.0
Taï,East,Individual 01,Taï (East),East (Individual 01),826,1,0.6085109191763374,Western,3732.0
Taï,East,Individual 01,Taï (East),East (Individual 01),826,2,0.46464643533818656,Western,3732.0
Taï,East,Individual 01,Taï (East),East (Individual 01),826,3,0.410852264376979,Western,3732.0
Taï,East,Individual 03,Taï (East),East (Individual 03),827,1,0.6142497628258659,Western,3721.0
Taï,East,Individual 03,Taï (East),East (Individual 03),827,2,0.3238103412922085,Western,3721.0
Taï,East,Individual 03,Taï (East),East (Individual 03),827,3,0.581966304816236,Western,3721.0
Taï,East,Individual 03,Taï (East),East (Individual 03),827,4,0.40476228322550906,Western,3721.0
Taï,East,Individual 03,Taï (East),East (Individual 03),828,1,0.5504589646674128,Western,3721.0
Taï,East,Individual 03,Taï (East),East (Individual 03),829,1,0.6090902294124074,Western,3721.0
Taï,East,Individual 03,Taï (East),East (Individual 03),829,2,0.3049640617008103,Western,3721.0
Taï,East,Individual 03,Taï (East),East (Individual 03),829,3,0.5297297851822976,Western,3721.0
Taï,East,Individual 03,Taï (East),East (Individual 03),829,4,0.4915257266215849,Western,3721.0
Taï,East,Individual 03,Taï (East),East (Individual 03),829,5,0.5732493059277198,Western,3721.0
Taï,East,Individual 03,Taï (East),East (Individual 03),829,6,0.46527811337167163,Western,3721.0
Taï,East,Individual 01,Taï (East),East (Individual 01),830,1,0.3488378067657052,Western,3720.0
Taï,East,Individual 01,Taï (East),East (Individual 01),830,2,0.31111029280896535,Western,3720.0
Taï,East,Individual 08,Taï (East),East (Individual 08),831,1,0.80392223932501,Western,3720.0
Taï,East,Individual 08,Taï (East),East (Individual 08),831,2,0.23809490844899792,Western,3720.0
Taï,East,Individual 08,Taï (East),East (Individual 08),831,3,0.6906481591877459,Western,3720.0
Taï,East,Individual 08,Taï (East),East (Individual 08),832,1,0.42458069898138395,Western,3719.0
Taï,East,Individual 08,Taï (East),East (Individual 08),832,2,0.7006806585379708,Western,3719.0
Taï,East,Individual 08,Taï (East),East (Individual 08),832,3,0.26993789231654725,Western,3719.0
Taï,East,Individual 08,Taï (East),East (Individual 08),832,4,0.7391296388953297,Western,3719.0
Taï,East,Individual 08,Taï (East),East (Individual 08),832,5,0.2658239653800239,Western,3719.0
Taï,East,Individual 08,Taï (East),East (Individual 08),832,6,0.6516860753904742,Western,3719.0
Taï,East,Individual 01,Taï (East),East (Individual 01),833,1,0.5822793446372471,Western,3717.0
Taï,East,Individual 01,Taï (East),East (Individual 01),833,2,0.559321370309951,Western,3717.0
Taï,East,Individual 01,Taï (East),East (Individual 01),833,3,0.34666598223910483,Western,3717.0
Taï,East,Individual 01,Taï (East),East (Individual 01),834,1,0.5463909593052274,Western,3717.0
Taï,East,Individual 01,Taï (East),East (Individual 01),834,2,0.6984124442850556,Western,3717.0
Taï,East,Individual 01,Taï (East),East (Individual 01),834,3,0.1666669615887571,Western,3717.0
Taï,East,Individual 01,Taï (East),East (Individual 01),834,4,0.6834530390348464,Western,3717.0
Taï,East,Individual 01,Taï (East),East (Individual 01),834,5,0.47826172757212837,Western,3717.0
Taï,East,Individual 01,Taï (East),East (Individual 01),834,6,0.571428228355155,Western,3717.0
Taï,East,Individual 01,Taï (East),East (Individual 01),835,1,0.5813942455278653,Western,3717.0
Taï,East,Individual 01,Taï (East),East (Individual 01),835,2,0.3195268414987187,Western,3717.0
Taï,East,Individual 01,Taï (East),East (Individual 01),835,3,0.4693879950040409,Western,3717.0
Taï,East,Individual 01,Taï (East),East (Individual 01),835,4,0.6842108254874728,Western,3717.0
Taï,East,Individual 01,Taï (East),East (Individual 01),835,5,0.4838709677419355,Western,3717.0
Taï,East,Individual 01,Taï (East),East (Individual 01),835,6,0.38554175061319823,Western,3717.0
Taï,East,Individual 08,Taï (East),East (Individual 08),837,1,0.3437506645966696,Western,3707.0
Taï,East,Individual 08,Taï (East),East (Individual 08),837,2,0.5316454605756226,Western,3707.0
Taï,East,Individual 08,Taï (East),East (Individual 08),837,3,0.5036048080574793,Western,3707.0
Taï,East,Individual 08,Taï (East),East (Individual 08),837,4,0.6105855231425392,Western,3707.0
Taï,East,Individual 08,Taï (East),East (Individual 08),837,5,0.32954508931728044,Western,3707.0
Taï,East,Individual 08,Taï (East),East (Individual 08),837,6,0.6413039802509215,Western,3707.0
Taï,East,Individual 08,Taï (East),East (Individual 08),837,7,0.33333333333333337,Western,3707.0
Taï,East,Individual 08,Taï (East),East (Individual 08),837,8,0.67347003564265,Western,3707.0
Taï,East,Individual 08,Taï (East),East (Individual 08),837,9,0.2480618285463714,Western,3707.0
Taï,East,Individual 08,Taï (East),East (Individual 08),837,10,0.7348486309397545,Western,3707.0
Taï,East,Individual 08,Taï (East),East (Individual 08),837,11,0.3271022108501887,Western,3707.0
Taï,East,Individual 08,Taï (East),East (Individual 08),837,12,0.2566527906181916,Western,3707.0
Taï,East,Individual 08,Taï (East),East (Individual 08),837,13,0.7842986872491589,Western,3707.0
Taï,East,Individual 08,Taï (East),East (Individual 08),837,14,0.3801655061736728,Western,3707.0
Taï,East,Individual 08,Taï (East),East (Individual 08),838,1,0.5708318095618702,Western,3707.0
Taï,East,Individual 01,Taï (East),East (Individual 01),839,1,0.53977278252273,Western,3707.0
Taï,East,Individual 01,Taï (East),East (Individual 01),839,2,0.41538407529086857,Western,3707.0
Taï,East,Individual 01,Taï (East),East (Individual 01),839,3,0.5022027317391905,Western,3707.0
Taï,East,Individual 01,Taï (East),East (Individual 01),839,4,0.6277782883873646,Western,3707.0
Taï,East,Individual 01,Taï (East),East (Individual 01),840,1,0.5647054076108887,Western,3707.0
Taï,East,Individual 01,Taï (East),East (Individual 01),840,2,0.16704309524082633,Western,3707.0
Taï,East,Individual 01,Taï (East),East (Individual 01),840,3,0.8292136063184182,Western,3707.0
Taï,East,Individual 01,Taï (East),East (Individual 01),840,4,0.4342853160620408,Western,3707.0
Taï,East,Individual 01,Taï (East),East (Individual 01),840,5,0.5469617680252896,Western,3707.0
Taï,East,Individual 01,Taï (East),East (Individual 01),840,6,0.6029405445798888,Western,3707.0
Taï,East,Individual 08,Taï (East),East (Individual 08),841,1,0.7553967392754538,Western,3707.0
Taï,East,Individual 08,Taï (East),East (Individual 08),841,2,0.2733444325721244,Western,3707.0
Taï,East,Individual 08,Taï (East),East (Individual 08),841,3,0.5382500082828082,Western,3707.0
Taï,East,Individual 08,Taï (East),East (Individual 08),841,4,0.3840005143151037,Western,3707.0
Taï,East,Individual 08,Taï (East),East (Individual 08),841,5,0.5969000296647878,Western,3707.0
Taï,East,Individual 08,Taï (East),East (Individual 08),841,6,0.39393921823858713,Western,3707.0
Taï,East,Individual 08,Taï (East),East (Individual 08),841,7,0.6249988788801957,Western,3707.0
Taï,East,Individual 08,Taï (East),East (Individual 08),841,8,0.3664128158164562,Western,3707.0
Taï,East,Individual 08,Taï (East),East (Individual 08),841,9,0.6535432121829369,Western,3707.0
Taï,East,Individual 08,Taï (East),East (Individual 08),841,10,0.44000030614041136,Western,3707.0
Taï,East,Individual 08,Taï (East),East (Individual 08),841,11,0.5090902765698382,Western,3707.0
Taï,East,Individual 08,Taï (East),East (Individual 08),841,12,0.38571526192786565,Western,3707.0
Taï,East,Individual 08,Taï (East),East (Individual 08),841,13,0.6142847380721344,Western,3707.0
Taï,East,Individual 08,Taï (East),East (Individual 08),841,14,0.11966361356773308,Western,3707.0
Taï,East,Individual 08,Taï (East),East (Individual 08),841,15,0.8053014623974879,Western,3707.0
Taï,East,Individual 08,Taï (East),East (Individual 08),841,16,0.6344530699015923,Western,3707.0
Taï,East,Individual 08,Taï (East),East (Individual 08),841,17,0.43718671963334477,Western,3707.0
Taï,East,Individual 08,Taï (East),East (Individual 08),841,18,0.44979861458431486,Western,3707.0
Taï,East,Individual 08,Taï (East),East (Individual 08),841,19,0.6227275213301247,Western,3707.0
Taï,East,Individual 01,Taï (East),East (Individual 01),844,1,0.5702477094122335,Western,3702.0
Taï,East,Individual 01,Taï (East),East (Individual 01),844,2,0.37956190760504516,Western,3702.0
Taï,East,Individual 01,Taï (East),East (Individual 01),844,3,0.5483867927862133,Western,3702.0
Taï,East,Individual 01,Taï (East),East (Individual 01),844,4,0.3365384784192555,Western,3702.0
Taï,East,Individual 01,Taï (East),East (Individual 01),844,5,0.5679012160155804,Western,3702.0
Taï,East,Individual 01,Taï (East),East (Individual 01),844,6,0.644172026533863,Western,3702.0
Taï,East,Individual 01,Taï (East),East (Individual 01),844,7,0.3020831550298694,Western,3702.0
Taï,East,Individual 01,Taï (East),East (Individual 01),845,1,0.5726112268333067,Western,3702.0
Taï,East,Individual 01,Taï (East),East (Individual 01),845,2,0.7385620713949488,Western,3702.0
Taï,East,Individual 01,Taï (East),East (Individual 01),845,3,0.26315838370825484,Western,3702.0
Taï,East,Individual 01,Taï (East),East (Individual 01),845,4,0.4933913122817495,Western,3702.0
Taï,East,Individual 01,Taï (East),East (Individual 01),845,5,0.5227280993981253,Western,3702.0
Taï,East,Individual 01,Taï (East),East (Individual 01),845,6,0.517241459269067,Western,3702.0
Taï,East,Individual 01,Taï (East),East (Individual 01),845,7,0.4734295232572682,Western,3702.0
Taï,East,Individual 01,Taï (East),East (Individual 01),845,8,0.49681821107511426,Western,3702.0
Taï,East,Individual 04,Taï (East),East (Individual 04),847,1,0.275862648093321,Western,3700.0
Taï,East,Individual 04,Taï (East),East (Individual 04),847,2,0.9230757467787664,Western,3700.0
Taï,East,Individual 04,Taï (East),East (Individual 04),847,3,0.12612829462029126,Western,3700.0
Taï,East,Individual 06,Taï (East),East (Individual 06),848,1,0.8141016398170117,Western,3699.0
Taï,East,Individual 06,Taï (East),East (Individual 06),848,2,0.2265639976995335,Western,3699.0
Taï,East,Individual 03,Taï (East),East (Individual 03),849,1,0.7631591370438559,Western,3696.0
Taï,East,Individual 03,Taï (East),East (Individual 03),849,2,0.34177107400952583,Western,3696.0
Taï,East,Individual 03,Taï (East),East (Individual 03),849,3,0.23744276341117782,Western,3696.0
Taï,East,Individual 03,Taï (East),East (Individual 03),849,4,0.9329596901283532,Western,3696.0
Taï,East,Individual 03,Taï (East),East (Individual 03),849,5,0.09836234308085358,Western,3696.0
Taï,East,Individual 03,Taï (East),East (Individual 03),849,6,0.5213268832653893,Western,3696.0
Taï,East,Individual 03,Taï (East),East (Individual 03),849,7,0.731884787999129,Western,3696.0
Taï,East,Individual 03,Taï (East),East (Individual 03),850,1,0.575342244085569,Western,3696.0
Taï,East,Individual 01,Taï (East),East (Individual 01),851,1,0.751716956601032,Western,3696.0
Taï,East,Individual 01,Taï (East),East (Individual 01),851,2,0.42381997738469906,Western,3696.0
Taï,East,Individual 01,Taï (East),East (Individual 01),851,3,0.28686309116089775,Western,3696.0
Taï,East,Individual 01,Taï (East),East (Individual 01),852,1,0.5846985116828539,Western,3695.0
Taï,East,Individual 01,Taï (East),East (Individual 01),852,2,0.20266703209983886,Western,3695.0
Taï,East,Individual 01,Taï (East),East (Individual 01),852,3,0.671910303858581,Western,3695.0
Taï,East,Individual 01,Taï (East),East (Individual 01),852,4,0.6886795133914317,Western,3695.0
Taï,East,Individual 01,Taï (East),East (Individual 01),852,5,0.4399999054911977,Western,3695.0
Taï,East,Individual 03,Taï (East),East (Individual 03),855,1,0.7849470167546303,Western,3695.0
Taï,East,Individual 03,Taï (East),East (Individual 03),855,2,0.43478177678281005,Western,3695.0
Taï,East,Individual 03,Taï (East),East (Individual 03),855,3,0.09154911389920507,Western,3695.0
Taï,East,Individual 03,Taï (East),East (Individual 03),855,4,0.886597470421882,Western,3695.0
Taï,East,Individual 03,Taï (East),East (Individual 03),855,5,0.5238108543593469,Western,3695.0
Taï,East,Individual 03,Taï (East),East (Individual 03),855,6,0.46874971348937844,Western,3695.0
Taï,East,Individual 03,Taï (East),East (Individual 03),855,7,0.5573762607194217,Western,3695.0
Taï,East,Individual 06,Taï (East),East (Individual 06),856,1,0.5151515151515151,Western,3687.0
Taï,East,Individual 06,Taï (East),East (Individual 06),856,2,0.38399999999999995,Western,3687.0
Taï,East,Individual 06,Taï (East),East (Individual 06),856,3,0.5703703703703704,Western,3687.0
Taï,East,Individual 06,Taï (East),East (Individual 06),856,4,0.2857142857142857,Western,3687.0
Taï,East,Individual 06,Taï (East),East (Individual 06),856,5,0.541044776119403,Western,3687.0
Taï,East,Individual 01,Taï (East),East (Individual 01),859,1,0.6938784068438488,Western,3686.0
Taï,East,Individual 01,Taï (East),East (Individual 01),859,2,0.6232669333175707,Western,3686.0
Taï,East,Individual 01,Taï (East),East (Individual 01),859,3,0.1811472458898356,Western,3686.0
Taï,East,Individual 01,Taï (East),East (Individual 01),859,4,0.4532714037982827,Western,3686.0
Taï,East,Individual 01,Taï (East),East (Individual 01),859,5,0.6573037840337106,Western,3686.0
Taï,East,Individual 01,Taï (East),East (Individual 01),859,6,0.37888152574981643,Western,3686.0
Taï,East,Individual 01,Taï (East),East (Individual 01),859,7,0.6944449495881059,Western,3686.0
Taï,East,Individual 03,Taï (East),East (Individual 03),860,1,0.5862066016212182,Western,3709.0
Taï,East,Individual 03,Taï (East),East (Individual 03),860,2,0.5538463299667155,Western,3709.0
Taï,East,Individual 03,Taï (East),East (Individual 03),860,3,0.24369734762565048,Western,3709.0
Taï,East,Individual 08,Taï (East),East (Individual 08),861,1,0.3392857142857143,Western,3707.0
Taï,East,Individual 08,Taï (East),East (Individual 08),861,2,0.5068493150684932,Western,3707.0
Taï,East,Individual 08,Taï (East),East (Individual 08),861,3,0.4675324675324676,Western,3707.0
Taï,East,Individual 08,Taï (East),East (Individual 08),861,4,0.5256410256410257,Western,3707.0
Taï,East,Individual 08,Taï (East),East (Individual 08),861,5,0.6271186440677966,Western,3707.0
Taï,East,Individual 08,Taï (East),East (Individual 08),861,6,0.7333333333333334,Western,3707.0
Taï,East,Individual 08,Taï (East),East (Individual 08),861,7,0.21052631578947367,Western,3707.0
Taï,East,Individual 08,Taï (East),East (Individual 08),861,8,0.5,Western,3707.0
Taï,East,Individual 08,Taï (East),East (Individual 08),861,9,0.34090986307885707,Western,3707.0
Taï,East,Individual 08,Taï (East),East (Individual 08),861,10,0.5686277191967671,Western,3707.0
Taï,East,Individual 08,Taï (East),East (Individual 08),861,11,0.6027386413280909,Western,3707.0
Taï,East,Individual 08,Taï (East),East (Individual 08),861,12,0.43939393939393945,Western,3707.0
Taï,East,Individual 08,Taï (East),East (Individual 08),861,13,0.5441176470588236,Western,3707.0
Taï,East,Individual 08,Taï (East),East (Individual 08),861,14,0.28972016586627125,Western,3707.0
Taï,East,Individual 08,Taï (East),East (Individual 08),861,15,0.5277778546770279,Western,3707.0
Taï,East,Individual 08,Taï (East),East (Individual 08),861,16,0.5811968578520478,Western,3707.0
Taï,East,Individual 08,Taï (East),East (Individual 08),861,17,0.257508733521534,Western,3707.0
Taï,East,Individual 08,Taï (East),East (Individual 08),861,18,0.7100456986931496,Western,3707.0
Taï,East,Individual 08,Taï (East),East (Individual 08),861,19,0.5563917145295597,Western,3707.0
Taï,East,Individual 08,Taï (East),East (Individual 08),861,20,0.6519329369058884,Western,3707.0
Taï,East,Individual 03,Taï (East),East (Individual 03),862,1,0.5,Western,3640.0
Taï,East,Individual 03,Taï (East),East (Individual 03),862,2,0.4901962318783871,Western,3640.0
Taï,East,Individual 03,Taï (East),East (Individual 03),862,3,0.5199996807075521,Western,3640.0
Taï,East,Individual 03,Taï (East),East (Individual 03),862,4,0.5393263465669326,Western,3640.0
Taï,East,Individual 03,Taï (East),East (Individual 03),862,5,0.6507928463278196,Western,3640.0
Taï,East,Individual 03,Taï (East),East (Individual 03),862,6,0.37288181455349834,Western,3640.0
Taï,East,Individual 03,Taï (East),East (Individual 03),862,7,0.38144240818308245,Western,3640.0
Taï,East,Individual 03,Taï (East),East (Individual 03),862,8,0.6185575918169175,Western,3640.0
Taï,East,Individual 03,Taï (East),East (Individual 03),862,9,0.3245609735603854,Western,3640.0
Taï,East,Individual 03,Taï (East),East (Individual 03),862,10,0.7700016762853518,Western,3640.0
Taï,East,Individual 03,Taï (East),East (Individual 03),862,11,0.16788197833123092,Western,3640.0
Taï,East,Individual 03,Taï (East),East (Individual 03),865,1,0.6855333311526888,Western,3603.0
Taï,East,Individual 03,Taï (East),East (Individual 03),865,2,0.5555587659546803,Western,3603.0
Taï,East,Individual 03,Taï (East),East (Individual 03),865,3,0.43010632422948136,Western,3603.0
Taï,East,Individual 03,Taï (East),East (Individual 03),865,4,0.35570458085543627,Western,3603.0
Taï,East,Individual 03,Taï (East),East (Individual 03),865,5,0.5485703247185042,Western,3603.0
Taï,East,Individual 03,Taï (East),East (Individual 03),865,6,0.5984860424341522,Western,3603.0
Taï,East,Individual 03,Taï (East),East (Individual 03),865,7,0.38970444126827825,Western,3603.0
Taï,East,Individual 03,Taï (East),East (Individual 03),865,8,0.515529856411416,Western,3603.0
Taï,East,Individual 06,Taï (East),East (Individual 06),866,1,0.48681542063279337,Western,3602.0
Taï,East,Individual 08,Taï (East),East (Individual 08),870,1,0.33333333333333337,Western,3561.0
Taï,East,Individual 08,Taï (East),East (Individual 08),870,2,0.6478857653985716,Western,3561.0
Taï,East,Individual 08,Taï (East),East (Individual 08),870,3,0.2873575328394095,Western,3561.0
Taï,East,Individual 08,Taï (East),East (Individual 08),870,4,0.5849050194099499,Western,3561.0
Taï,East,Individual 08,Taï (East),East (Individual 08),870,5,0.39639668865773847,Western,3561.0
Taï,East,Individual 08,Taï (East),East (Individual 08),870,6,0.626167938370791,Western,3561.0
Taï,East,Individual 08,Taï (East),East (Individual 08),870,7,0.36036062605248953,Western,3561.0
Taï,East,Individual 08,Taï (East),East (Individual 08),870,8,0.5772354910654879,Western,3561.0
Taï,East,Individual 08,Taï (East),East (Individual 08),871,1,0.7199386829134568,Western,3561.0
Taï,East,Individual 08,Taï (East),East (Individual 08),871,2,0.3796288572230269,Western,3561.0
Taï,East,Individual 08,Taï (East),East (Individual 08),871,3,0.5677994336165251,Western,3561.0
Taï,East,Individual 08,Taï (East),East (Individual 08),871,4,0.38931125894062923,Western,3561.0
Taï,East,Individual 08,Taï (East),East (Individual 08),871,5,0.33472809082715627,Western,3561.0
Taï,East,Individual 08,Taï (East),East (Individual 08),871,6,0.49378856709721075,Western,3561.0
Taï,East,Individual 08,Taï (East),East (Individual 08),871,7,0.57192984472844,Western,3561.0
Taï,East,Individual 08,Taï (East),East (Individual 08),871,8,0.6740334491746308,Western,3561.0
Taï,East,Individual 08,Taï (East),East (Individual 08),871,9,0.3567180513120169,Western,3561.0
Taï,East,Individual 08,Taï (East),East (Individual 08),872,1,0.5833333333333334,Western,3561.0
Taï,East,Individual 08,Taï (East),East (Individual 08),872,2,0.46153934108822586,Western,3561.0
Taï,East,Individual 08,Taï (East),East (Individual 08),872,3,0.49295686186935395,Western,3561.0
Taï,East,Individual 08,Taï (East),East (Individual 08),872,4,0.5242718446601942,Western,3561.0
Taï,East,Individual 08,Taï (East),East (Individual 08),872,5,0.1467562243319347,Western,3561.0
Taï,East,Individual 08,Taï (East),East (Individual 08),872,6,0.7391216319793601,Western,3561.0
Taï,East,Individual 08,Taï (East),East (Individual 08),872,7,0.30434777718415207,Western,3561.0
Taï,East,Individual 08,Taï (East),East (Individual 08),872,8,0.8745982207880176,Western,3561.0
Taï,East,Individual 08,Taï (East),East (Individual 08),872,9,0.43333365909912724,Western,3561.0
Taï,East,Individual 08,Taï (East),East (Individual 08),872,10,0.5257726817281231,Western,3561.0
Taï,East,Individual 03,Taï (East),East (Individual 03),874,1,0.6573817564151822,Western,3561.0
Taï,East,Individual 03,Taï (East),East (Individual 03),874,2,0.41414161988642384,Western,3561.0
Taï,East,Individual 03,Taï (East),East (Individual 03),874,3,0.5471690934478809,Western,3561.0
Taï,East,Individual 05,Taï (East),East (Individual 05),876,1,0.7858448753462604,Western,1444.0
Taï,East,Individual 05,Taï (East),East (Individual 05),876,2,0.17838710917971004,Western,1444.0
Taï,East,Individual 05,Taï (East),East (Individual 05),876,3,0.7931570877527759,Western,1444.0
Taï,East,Individual 05,Taï (East),East (Individual 05),876,4,0.21428598900781912,Western,1444.0
Taï,East,Individual 05,Taï (East),East (Individual 05),876,5,0.27966077332183414,Western,1444.0
Taï,East,Individual 05,Taï (East),East (Individual 05),876,6,0.646387603831668,Western,1444.0
Taï,East,Individual 05,Taï (East),East (Individual 05),876,7,0.6404183417169275,Western,1444.0
Taï,East,Individual 05,Taï (East),East (Individual 05),876,8,0.48427139668319574,Western,1444.0
Taï,East,Individual 05,Taï (East),East (Individual 05),877,1,0.8333333333333334,Western,1444.0
Taï,East,Individual 05,Taï (East),East (Individual 05),877,2,0.32467480381278324,Western,1444.0
Taï,East,Individual 05,Taï (East),East (Individual 05),877,3,0.4521753919554583,Western,1444.0
Taï,East,Individual 05,Taï (East),East (Individual 05),877,4,0.4736825810845849,Western,1444.0
Taï,East,Individual 05,Taï (East),East (Individual 05),877,5,0.4242426132960671,Western,1444.0
Taï,East,Individual 05,Taï (East),East (Individual 05),877,6,0.37848678288080084,Western,1444.0
Taï,East,Individual 05,Taï (East),East (Individual 05),877,7,0.6239994235361936,Western,1444.0
Taï,East,Individual 05,Taï (East),East (Individual 05),877,8,0.5875005227416755,Western,1444.0
Taï,East,Individual 05,Taï (East),East (Individual 05),878,1,0.09039592063055497,Western,1444.0
Taï,East,Individual 05,Taï (East),East (Individual 05),878,2,0.7171492514813826,Western,1444.0
Taï,East,Individual 04,Taï (East),East (Individual 04),879,1,0.3380235228440565,Western,1443.0
Taï,East,Individual 04,Taï (East),East (Individual 04),879,2,0.2974680296698347,Western,1443.0
Taï,East,Individual 04,Taï (East),East (Individual 04),879,3,0.3964289161277869,Western,1443.0
Taï,East,Individual 08,Taï (East),East (Individual 08),882,1,0.5955057074172544,Western,1443.0
Taï,East,Individual 08,Taï (East),East (Individual 08),882,2,0.37894776091576865,Western,1443.0
Taï,East,Individual 08,Taï (East),East (Individual 08),882,3,0.49579839437047357,Western,1443.0
Taï,East,Individual 08,Taï (East),East (Individual 08),882,4,0.4511273990188193,Western,1443.0
Taï,East,Individual 08,Taï (East),East (Individual 08),882,5,0.5530306486368991,Western,1443.0
Taï,East,Individual 08,Taï (East),East (Individual 08),882,6,0.475806866290729,Western,1443.0
Taï,East,Individual 08,Taï (East),East (Individual 08),882,7,0.7386365466050525,Western,1443.0
Taï,East,Individual 08,Taï (East),East (Individual 08),882,8,0.30666559611578953,Western,1443.0
Taï,East,Individual 08,Taï (East),East (Individual 08),882,9,0.4642863920147257,Western,1443.0
Taï,East,Individual 08,Taï (East),East (Individual 08),882,10,0.5660383033187075,Western,1443.0
Taï,East,Individual 08,Taï (East),East (Individual 08),882,11,0.45999893731956576,Western,1443.0
Taï,East,Individual 08,Taï (East),East (Individual 08),885,1,0.6554159794446107,Western,1443.0
Taï,East,Individual 08,Taï (East),East (Individual 08),885,2,0.44339608009388753,Western,1443.0
Taï,East,Individual 08,Taï (East),East (Individual 08),885,3,0.6145836603862984,Western,1443.0
Taï,East,Individual 08,Taï (East),East (Individual 08),885,4,0.30833289567725186,Western,1443.0
Taï,East,Individual 08,Taï (East),East (Individual 08),885,5,0.7033903028051273,Western,1443.0
Taï,East,Individual 08,Taï (East),East (Individual 08),885,6,0.33653803086310785,Western,1443.0
Taï,East,Individual 08,Taï (East),East (Individual 08),885,7,0.5750001712567275,Western,1443.0
Taï,East,Individual 08,Taï (East),East (Individual 08),885,8,0.5100000274010889,Western,1443.0
Taï,East,Individual 08,Taï (East),East (Individual 08),885,9,0.3769228175046476,Western,1443.0
Taï,East,Individual 08,Taï (East),East (Individual 08),885,10,0.7431189431742481,Western,1443.0
Taï,East,Individual 08,Taï (East),East (Individual 08),885,11,0.4242424242424242,Western,1443.0
Taï,East,Individual 08,Taï (East),East (Individual 08),885,12,0.41304347826086957,Western,1443.0
Taï,East,Individual 08,Taï (East),East (Individual 08),885,13,0.25233677169548474,Western,1443.0
Taï,East,Individual 08,Taï (East),East (Individual 08),885,14,0.9248561047386444,Western,1443.0
Taï,East,Individual 08,Taï (East),East (Individual 08),885,15,0.1771193053061499,Western,1443.0
Taï,East,Individual 06,Taï (East),East (Individual 06),886,1,0.5652180357513414,Western,1443.0
Taï,East,Individual 06,Taï (East),East (Individual 06),886,2,0.26315883909747456,Western,1443.0
Taï,East,Individual 06,Taï (East),East (Individual 06),886,3,0.658824284379274,Western,1443.0
Taï,East,Individual 06,Taï (East),East (Individual 06),886,4,0.3717940873092187,Western,1443.0
Taï,East,Individual 06,Taï (East),East (Individual 06),887,1,0.5916672552338813,Western,1443.0
Taï,East,Individual 06,Taï (East),East (Individual 06),888,1,0.6486495326720692,Western,1443.0
Taï,East,Individual 06,Taï (East),East (Individual 06),888,2,0.28260697983398886,Western,1443.0
Taï,East,Individual 06,Taï (East),East (Individual 06),888,3,0.3666671148971647,Western,1443.0
Taï,East,Individual 06,Taï (East),East (Individual 06),888,4,0.21755774556154256,Western,1443.0
Taï,East,Individual 06,Taï (East),East (Individual 06),888,5,0.7794673394235779,Western,1443.0
Taï,East,Individual 06,Taï (East),East (Individual 06),888,6,0.6105270533231845,Western,1443.0
Taï,East,Individual 06,Taï (East),East (Individual 06),888,7,0.4404755901654696,Western,1443.0
Taï,East,Individual 08,Taï (East),East (Individual 08),890,1,0.5565211252454078,Western,1429.0
Taï,East,Individual 08,Taï (East),East (Individual 08),890,2,0.4434788747545922,Western,1429.0
Taï,East,Individual 08,Taï (East),East (Individual 08),890,3,0.1893492274821454,Western,1429.0
Taï,East,Individual 08,Taï (East),East (Individual 08),890,4,0.83536535057012,Western,1429.0
Taï,East,Individual 08,Taï (East),East (Individual 08),890,5,0.4186054178142335,Western,1429.0
Taï,East,Individual 08,Taï (East),East (Individual 08),890,6,0.510204188977372,Western,1429.0
Taï,East,Individual 08,Taï (East),East (Individual 08),891,1,0.248863425050176,Western,1429.0
Taï,East,Individual 08,Taï (East),East (Individual 08),891,2,0.572648966801754,Western,1429.0
Taï,East,Individual 08,Taï (East),East (Individual 08),891,3,0.5263162647882237,Western,1429.0
Taï,East,Individual 08,Taï (East),East (Individual 08),891,4,0.4663209210662794,Western,1429.0
Taï,East,Individual 08,Taï (East),East (Individual 08),891,5,0.49282311054188593,Western,1429.0
Taï,East,Individual 08,Taï (East),East (Individual 08),891,6,0.45493531678817783,Western,1429.0
Taï,East,Individual 08,Taï (East),East (Individual 08),891,7,0.4519572881300733,Western,1429.0
Taï,East,Individual 08,Taï (East),East (Individual 08),891,8,0.6174911762075237,Western,1429.0
Taï,East,Individual 08,Taï (East),East (Individual 08),892,1,0.37719270598040966,Western,1429.0
Taï,East,Individual 08,Taï (East),East (Individual 08),892,2,0.31112961663817945,Western,1429.0
Taï,East,Individual 08,Taï (East),East (Individual 08),892,3,0.8486697473123379,Western,1429.0
Taï,East,Individual 08,Taï (East),East (Individual 08),892,4,0.25263108658028904,Western,1429.0
Taï,East,Individual 08,Taï (East),East (Individual 08),892,5,0.537878101265495,Western,1429.0
Taï,East,Individual 08,Taï (East),East (Individual 08),892,6,0.6130652403183862,Western,1429.0
Taï,East,Individual 08,Taï (East),East (Individual 08),892,7,0.43405744322539125,Western,1429.0
Taï,East,Individual 08,Taï (East),East (Individual 08),893,1,0.5899280308788687,Western,1429.0
Taï,East,Individual 08,Taï (East),East (Individual 08),893,2,0.5480774472344876,Western,1429.0
Taï,East,Individual 08,Taï (East),East (Individual 08),893,3,0.32413805360062553,Western,1429.0
Taï,East,Individual 08,Taï (East),East (Individual 08),895,1,0.5607147523070893,Western,1429.0
Taï,East,Individual 08,Taï (East),East (Individual 08),895,2,0.5394744039002192,Western,1429.0
Taï,East,Individual 08,Taï (East),East (Individual 08),895,3,0.5198009614434822,Western,1429.0
Taï,East,Individual 08,Taï (East),East (Individual 08),895,4,0.4273125817190951,Western,1429.0
Taï,East,Individual 08,Taï (East),East (Individual 08),895,5,0.15239830999917156,Western,1429.0
Taï,East,Individual 08,Taï (East),East (Individual 08),895,6,0.7760467233009709,Western,1429.0
Taï,East,Individual 08,Taï (East),East (Individual 08),895,7,0.5541238422220505,Western,1429.0
Taï,East,Individual 08,Taï (East),East (Individual 08),895,8,0.3626835247528309,Western,1429.0
Taï,East,Individual 06,Taï (East),East (Individual 06),896,1,0.4349530840161163,Western,1429.0
Taï,East,Individual 06,Taï (East),East (Individual 06),896,2,0.6148293448411143,Western,1429.0
Taï,East,Individual 08,Taï (East),East (Individual 08),897,1,0.8115947179505405,Western,1428.0
Taï,East,Individual 08,Taï (East),East (Individual 08),897,2,0.19696929487009365,Western,1428.0
Taï,East,Individual 08,Taï (East),East (Individual 08),897,3,0.7066656702335857,Western,1428.0
Taï,East,Individual 08,Taï (East),East (Individual 08),897,4,0.23656019285821905,Western,1428.0
Taï,East,Individual 08,Taï (East),East (Individual 08),897,5,0.5867768355775327,Western,1428.0
Taï,East,Individual 08,Taï (East),East (Individual 08),897,6,0.5494493226726617,Western,1428.0
Taï,East,Individual 08,Taï (East),East (Individual 08),897,7,0.32800116582779376,Western,1428.0
Taï,East,Individual 08,Taï (East),East (Individual 08),897,8,0.5029933588128931,Western,1428.0
Taï,East,Individual 08,Taï (East),East (Individual 08),897,9,0.2881945964881552,Western,1428.0
Taï,East,Individual 05,Taï (East),East (Individual 05),898,1,0.34117589256469044,Western,1428.0
Taï,East,Individual 05,Taï (East),East (Individual 05),898,2,0.5384627740313699,Western,1428.0
Taï,East,Individual 05,Taï (East),East (Individual 05),898,3,0.585364859909549,Western,1428.0
Taï,East,Individual 05,Taï (East),East (Individual 05),898,4,0.31192688670811386,Western,1428.0
Taï,East,Individual 05,Taï (East),East (Individual 05),898,5,0.4854368232217931,Western,1428.0
Taï,East,Individual 08,Taï (East),East (Individual 08),899,1,0.2126663087716886,Western,1428.0
Taï,East,Individual 08,Taï (East),East (Individual 08),899,2,0.534544671071531,Western,1428.0
Taï,East,Individual 08,Taï (East),East (Individual 08),899,3,0.6351430811446492,Western,1428.0
Taï,East,Individual 08,Taï (East),East (Individual 08),899,4,0.44642830377029863,Western,1428.0
Taï,East,Individual 08,Taï (East),East (Individual 08),899,5,0.40789499842064686,Western,1428.0
Taï,East,Individual 08,Taï (East),East (Individual 08),899,6,0.6818178349684216,Western,1428.0
Taï,East,Individual 08,Taï (East),East (Individual 08),901,1,0.44871863933363254,Western,1428.0
Taï,East,Individual 08,Taï (East),East (Individual 08),901,2,0.7500006785715255,Western,1428.0
Taï,East,Individual 08,Taï (East),East (Individual 08),901,3,0.2687494346647526,Western,1428.0
Taï,East,Individual 08,Taï (East),East (Individual 08),901,4,0.49576267833545656,Western,1428.0
Taï,East,Individual 05,Taï (East),East (Individual 05),902,1,0.4363627425073897,Western,1421.0
Taï,East,Individual 05,Taï (East),East (Individual 05),902,2,0.8017254943095401,Western,1421.0
Taï,East,Individual 05,Taï (East),East (Individual 05),902,3,0.37651257365756496,Western,1421.0
Taï,East,Individual 05,Taï (East),East (Individual 05),902,4,0.6681846482255626,Western,1421.0
Taï,East,Individual 05,Taï (East),East (Individual 05),902,5,0.16750480432479029,Western,1421.0
Taï,East,Individual 05,Taï (East),East (Individual 05),902,6,0.6811585683950654,Western,1421.0
Taï,East,Individual 05,Taï (East),East (Individual 05),902,7,0.42718618639312467,Western,1421.0
Taï,East,Individual 05,Taï (East),East (Individual 05),902,8,0.36645841468176493,Western,1421.0
Taï,East,Individual 08,Taï (East),East (Individual 08),903,1,0.49206361528588577,Western,1416.0
Taï,East,Individual 08,Taï (East),East (Individual 08),903,2,0.4528301451522114,Western,1416.0
Taï,East,Individual 08,Taï (East),East (Individual 08),903,3,0.7581695376855188,Western,1416.0
Taï,East,Individual 08,Taï (East),East (Individual 08),903,4,0.44578398444405165,Western,1416.0
Taï,East,Individual 08,Taï (East),East (Individual 08),903,5,0.4,Western,1416.0
Taï,East,Individual 08,Taï (East),East (Individual 08),903,6,0.5847459734575627,Western,1416.0
Taï,East,Individual 08,Taï (East),East (Individual 08),903,7,0.05992533108760379,Western,1416.0
Taï,East,Individual 08,Taï (East),East (Individual 08),903,8,0.9426835331889472,Western,1416.0
Taï,East,Individual 08,Taï (East),East (Individual 08),903,9,0.36274640054964447,Western,1416.0
Taï,East,Individual 08,Taï (East),East (Individual 08),903,10,0.5508470405260412,Western,1416.0
Taï,East,Individual 08,Taï (East),East (Individual 08),903,11,0.4156858100721522,Western,1416.0
Taï,East,Individual 08,Taï (East),East (Individual 08),903,12,0.674208208215223,Western,1416.0
Taï,East,Individual 08,Taï (East),East (Individual 08),905,1,0.38167931830021584,Western,1416.0
Taï,East,Individual 08,Taï (East),East (Individual 08),905,2,0.5744671656496863,Western,1416.0
Taï,East,Individual 08,Taï (East),East (Individual 08),906,1,0.5913041944577541,Western,1416.0
Taï,East,Individual 08,Taï (East),East (Individual 08),906,2,0.5222210536595626,Western,1416.0
Taï,East,Individual 08,Taï (East),East (Individual 08),906,3,0.3644069981636553,Western,1416.0
Taï,East,Individual 08,Taï (East),East (Individual 08),906,4,0.5597021138112933,Western,1416.0
Taï,East,Individual 08,Taï (East),East (Individual 08),906,5,0.5619047925667888,Western,1416.0
Taï,East,Individual 08,Taï (East),East (Individual 08),906,6,0.6764717579565904,Western,1416.0
Taï,East,Individual 08,Taï (East),East (Individual 08),906,7,0.33845953817349694,Western,1416.0
Taï,East,Individual 08,Taï (East),East (Individual 08),906,8,0.4574473058651332,Western,1416.0
Taï,East,Individual 08,Taï (East),East (Individual 08),906,9,0.4618921947426109,Western,1416.0
Taï,East,Individual 08,Taï (East),East (Individual 08),906,10,0.8867989263153645,Western,1416.0
Taï,East,Individual 08,Taï (East),East (Individual 08),906,11,0.04664933984821708,Western,1416.0
Taï,East,Individual 08,Taï (East),East (Individual 08),907,1,0.6666655896920606,Western,1416.0
Taï,East,Individual 08,Taï (East),East (Individual 08),907,2,0.3833349434119299,Western,1416.0
Taï,East,Individual 08,Taï (East),East (Individual 08),907,3,0.36999930890421195,Western,1416.0
Taï,East,Individual 08,Taï (East),East (Individual 08),907,4,0.5999995753643373,Western,1416.0
Taï,East,Individual 08,Taï (East),East (Individual 08),907,5,0.3230772396691664,Western,1416.0
Taï,East,Individual 08,Taï (East),East (Individual 08),907,6,0.3346008635932872,Western,1416.0
Taï,East,Individual 08,Taï (East),East (Individual 08),907,7,0.8027525187448613,Western,1416.0
Taï,East,Individual 08,Taï (East),East (Individual 08),907,8,0.5972226092610654,Western,1416.0
Taï,East,Individual 08,Taï (East),East (Individual 08),907,9,0.4264694793507374,Western,1416.0
Taï,East,Individual 08,Taï (East),East (Individual 08),907,10,0.4105271803536439,Western,1416.0
Taï,East,Individual 08,Taï (East),East (Individual 08),907,11,0.7999993630451537,Western,1416.0
Taï,East,Individual 08,Taï (East),East (Individual 08),907,12,0.12069001966048665,Western,1416.0
Taï,East,Individual 08,Taï (East),East (Individual 08),907,13,0.7611941291754427,Western,1416.0
Taï,East,Individual 08,Taï (East),East (Individual 08),908,1,0.28358208955223885,Western,1416.0
Taï,East,Individual 08,Taï (East),East (Individual 08),908,2,0.5336094572439383,Western,1416.0
Taï,East,Individual 08,Taï (East),East (Individual 08),908,3,0.5378644641257836,Western,1416.0
Taï,East,Individual 08,Taï (East),East (Individual 08),908,4,0.5220617165982799,Western,1416.0
Taï,East,Individual 08,Taï (East),East (Individual 08),908,5,0.4125,Western,1416.0
Taï,East,Individual 08,Taï (East),East (Individual 08),908,6,0.6438356164383562,Western,1416.0
Taï,East,Individual 08,Taï (East),East (Individual 08),908,7,0.3714285714285714,Western,1416.0
Taï,East,Individual 08,Taï (East),East (Individual 08),908,8,0.2167487684729064,Western,1416.0
Taï,East,Individual 08,Taï (East),East (Individual 08),908,9,0.7535545023696683,Western,1416.0
Taï,East,Individual 08,Taï (East),East (Individual 08),908,10,0.6419753086419753,Western,1416.0
Taï,East,Individual 08,Taï (East),East (Individual 08),908,11,0.34117647058823536,Western,1416.0
Taï,East,Individual 08,Taï (East),East (Individual 08),908,12,0.5185185185185186,Western,1416.0
Taï,South,Individual 64,Taï (South),South (Individual 64),917,1,0.7040819524834403,Western,1445.0
Taï,South,Individual 64,Taï (South),South (Individual 64),917,2,0.26851882575452335,Western,1445.0
Taï,South,Individual 64,Taï (South),South (Individual 64),917,3,0.48466213351340315,Western,1445.0
Taï,South,Individual 64,Taï (South),South (Individual 64),917,4,0.62222365482118,Western,1445.0
Taï,South,Individual 64,Taï (South),South (Individual 64),917,5,0.38636213790669444,Western,1445.0
Taï,South,Individual 64,Taï (South),South (Individual 64),919,1,0.6435841597113829,Western,1440.0
Taï,South,Individual 64,Taï (South),South (Individual 64),921,1,0.16901398477606652,Western,1438.0
Taï,South,Individual 64,Taï (South),South (Individual 64),921,2,0.5756088708391884,Western,1438.0
Taï,South,Individual 64,Taï (South),South (Individual 64),921,3,0.5437512175809259,Western,1438.0
Taï,South,Individual 66,Taï (South),South (Individual 66),926,1,0.5121930722970667,Western,1435.0
Taï,South,Individual 66,Taï (South),South (Individual 66),926,2,0.43956023152683715,Western,1435.0
Taï,South,Individual 66,Taï (South),South (Individual 66),926,3,0.4722229976272606,Western,1435.0
Taï,South,Individual 66,Taï (South),South (Individual 66),926,4,0.6063832711744815,Western,1435.0
Taï,South,Individual 66,Taï (South),South (Individual 66),926,5,0.5781253154420226,Western,1435.0
Taï,South,Individual 66,Taï (South),South (Individual 66),926,6,0.43548420708961705,Western,1435.0
Taï,South,Individual 66,Taï (South),South (Individual 66),926,7,0.5,Western,1435.0
Taï,South,Individual 66,Taï (South),South (Individual 66),926,8,0.3465338512905578,Western,1435.0
Taï,South,Individual 66,Taï (South),South (Individual 66),926,9,0.4429532723247062,Western,1435.0
Taï,South,Individual 66,Taï (South),South (Individual 66),926,10,0.7155183616186294,Western,1435.0
Taï,South,Individual 66,Taï (South),South (Individual 66),926,11,0.34736760979059655,Western,1435.0
Taï,South,Individual 66,Taï (South),South (Individual 66),926,12,0.45925890478697096,Western,1435.0
Taï,South,Individual 66,Taï (South),South (Individual 66),927,1,0.3924052945767392,Western,1435.0
Taï,South,Individual 66,Taï (South),South (Individual 66),927,2,0.581818227263411,Western,1435.0
Taï,South,Individual 66,Taï (South),South (Individual 66),927,3,0.7419346255670706,Western,1435.0
Taï,South,Individual 66,Taï (South),South (Individual 66),927,4,0.3846952199004449,Western,1435.0
Taï,South,Individual 66,Taï (South),South (Individual 66),927,5,0.6618480463611477,Western,1435.0
Taï,South,Individual 66,Taï (South),South (Individual 66),927,6,0.34042492268926816,Western,1435.0
Taï,South,Individual 66,Taï (South),South (Individual 66),927,7,0.6333342498144126,Western,1435.0
Taï,South,Individual 66,Taï (South),South (Individual 66),927,8,0.47825853072495467,Western,1435.0
Taï,South,Individual 66,Taï (South),South (Individual 66),927,9,0.3037978648429955,Western,1435.0
Taï,South,Individual 66,Taï (South),South (Individual 66),927,10,0.7971035282444847,Western,1435.0
Taï,South,Individual 66,Taï (South),South (Individual 66),927,11,0.1333322859263856,Western,1435.0
Taï,South,Individual 66,Taï (South),South (Individual 66),927,12,0.7109380537816643,Western,1435.0
Taï,South,Individual 66,Taï (South),South (Individual 66),927,13,0.5138875364444011,Western,1435.0
Taï,South,Individual 66,Taï (South),South (Individual 66),927,14,0.4430372477878416,Western,1435.0
Taï,South,Individual 66,Taï (South),South (Individual 66),927,15,0.698413841410326,Western,1435.0
Taï,South,Individual 66,Taï (South),South (Individual 66),927,16,0.03745997466349446,Western,1435.0
Taï,South,Individual 66,Taï (South),South (Individual 66),927,17,0.9483925549915398,Western,1435.0
Taï,South,Individual 66,Taï (South),South (Individual 66),927,18,0.3432188489039971,Western,1435.0
Taï,South,Individual 66,Taï (South),South (Individual 66),927,19,0.4258245934032528,Western,1435.0
Taï,South,Individual 66,Taï (South),South (Individual 66),927,20,0.6741951316467301,Western,1435.0
Taï,South,Individual 66,Taï (South),South (Individual 66),927,21,0.0747284707090743,Western,1435.0
Taï,South,Individual 66,Taï (South),South (Individual 66),927,22,0.8868554133817016,Western,1435.0
Taï,South,Individual 66,Taï (South),South (Individual 66),927,23,0.5306122448979591,Western,1435.0
Taï,South,Individual 66,Taï (South),South (Individual 66),927,24,0.5275229357798165,Western,1435.0
Taï,South,Individual 66,Taï (South),South (Individual 66),927,25,0.5392670157068064,Western,1435.0
Taï,South,Individual 66,Taï (South),South (Individual 66),931,1,0.2826098443350864,Western,1432.0
Taï,South,Individual 66,Taï (South),South (Individual 66),931,2,0.8148133329599059,Western,1432.0
Taï,South,Individual 66,Taï (South),South (Individual 66),931,3,0.2295939879461296,Western,1432.0
Taï,South,Individual 66,Taï (South),South (Individual 66),931,4,0.790574796896952,Western,1432.0
Taï,South,Individual 66,Taï (South),South (Individual 66),931,5,0.0553075306804754,Western,1432.0
Taï,South,Individual 66,Taï (South),South (Individual 66),931,6,0.873410830649762,Western,1432.0
Taï,South,Individual 66,Taï (South),South (Individual 66),931,7,0.30179085726476484,Western,1432.0
Taï,South,Individual 66,Taï (South),South (Individual 66),931,8,0.8694272568618118,Western,1432.0
Taï,South,Individual 66,Taï (South),South (Individual 66),931,9,0.17446756063892724,Western,1432.0
Taï,South,Individual 66,Taï (South),South (Individual 66),931,10,0.8311584527490855,Western,1432.0
Taï,South,Individual 66,Taï (South),South (Individual 66),931,11,0.08256551161684321,Western,1432.0
Taï,South,Individual 66,Taï (South),South (Individual 66),931,12,0.6382355027067919,Western,1432.0
Taï,South,Individual 66,Taï (South),South (Individual 66),931,13,0.5234044424465705,Western,1432.0
Taï,South,Individual 66,Taï (South),South (Individual 66),931,14,0.583332087421171,Western,1432.0
Taï,South,Individual 66,Taï (South),South (Individual 66),932,1,0.5479448952632572,Western,1431.0
Taï,South,Individual 66,Taï (South),South (Individual 66),932,2,0.6470594591090318,Western,1431.0
Taï,South,Individual 66,Taï (South),South (Individual 66),932,3,0.29508078248576086,Western,1431.0
Taï,South,Individual 66,Taï (South),South (Individual 66),933,1,0.2757021706582866,Western,1431.0
Taï,South,Individual 66,Taï (South),South (Individual 66),933,2,0.6378589798542648,Western,1431.0
Taï,South,Individual 66,Taï (South),South (Individual 66),933,3,0.5714301467750295,Western,1431.0
Taï,South,Individual 66,Taï (South),South (Individual 66),935,1,0.371794696274797,Western,1425.0
Taï,South,Individual 66,Taï (South),South (Individual 66),935,2,0.5505615281244001,Western,1425.0
Taï,South,Individual 66,Taï (South),South (Individual 66),935,3,0.5479466749885412,Western,1425.0
Taï,South,Individual 66,Taï (South),South (Individual 66),935,4,0.5593209090744551,Western,1425.0
Taï,South,Individual 66,Taï (South),South (Individual 66),935,5,0.3768113699089478,Western,1425.0
Taï,South,Individual 66,Taï (South),South (Individual 66),936,1,0.7070691600426794,Western,1422.0
Taï,South,Individual 66,Taï (South),South (Individual 66),936,2,0.27884746223976054,Western,1422.0
Taï,South,Individual 66,Taï (South),South (Individual 66),936,3,0.6756745681215907,Western,1422.0
Taï,South,Individual 66,Taï (South),South (Individual 66),936,4,0.3750019742764935,Western,1422.0
Taï,South,Individual 66,Taï (South),South (Individual 66),936,5,0.6521743907530709,Western,1422.0
Taï,South,Individual 66,Taï (South),South (Individual 66),937,1,0.5090098388793146,Western,1422.0
Taï,South,Individual 66,Taï (South),South (Individual 66),937,2,0.6646347430526838,Western,1422.0
Taï,South,Individual 66,Taï (South),South (Individual 66),937,3,0.5612222257440806,Western,1422.0
Taï,South,Individual 66,Taï (South),South (Individual 66),937,4,0.06974506247480855,Western,1422.0
Taï,South,Individual 66,Taï (South),South (Individual 66),937,5,0.916892064133166,Western,1422.0
Taï,South,Individual 66,Taï (South),South (Individual 66),937,6,0.6181833852518561,Western,1422.0
Taï,South,Individual 66,Taï (South),South (Individual 66),938,1,0.5294106902577279,Western,1422.0
Taï,South,Individual 66,Taï (South),South (Individual 66),938,2,0.8286002208428478,Western,1422.0
Taï,South,Individual 66,Taï (South),South (Individual 66),938,3,0.14855491598024595,Western,1422.0
Taï,South,Individual 66,Taï (South),South (Individual 66),938,4,0.8809538687829569,Western,1422.0
Taï,South,Individual 66,Taï (South),South (Individual 66),938,5,0.10714115758826405,Western,1422.0
Taï,South,Individual 66,Taï (South),South (Individual 66),938,6,0.5081308519360168,Western,1422.0
Taï,South,Individual 66,Taï (South),South (Individual 66),939,1,0.4038453500522466,Western,1422.0
Taï,South,Individual 66,Taï (South),South (Individual 66),939,2,0.4744896261879151,Western,1422.0
Taï,South,Individual 66,Taï (South),South (Individual 66),939,3,0.5099016026554909,Western,1422.0
Taï,South,Individual 66,Taï (South),South (Individual 66),939,4,0.40407987651254396,Western,1422.0
Taï,South,Individual 66,Taï (South),South (Individual 66),939,5,0.6347846629969996,Western,1422.0
Nimba,Tongbongbon,Individual 72,Nimba (Tongbongbon),Tongbongbon (Individual 72),947,1,0.4712227311006772,Western,4036.0
Nimba,Tongbongbon,Individual 72,Nimba (Tongbongbon),Tongbongbon (Individual 72),947,2,0.5268818646318076,Western,4036.0
Nimba,Tongbongbon,Individual 72,Nimba (Tongbongbon),Tongbongbon (Individual 72),947,3,0.5116277624352316,Western,4036.0
Nimba,Tongbongbon,Individual 72,Nimba (Tongbongbon),Tongbongbon (Individual 72),948,1,0.6595747931409575,Western,4350.0
Nimba,Tongbongbon,Individual 72,Nimba (Tongbongbon),Tongbongbon (Individual 72),948,2,0.4173912717709336,Western,4350.0
Nimba,Tongbongbon,Individual 72,Nimba (Tongbongbon),Tongbongbon (Individual 72),948,3,0.4466662454116715,Western,4350.0
Nimba,Tongbongbon,Individual 72,Nimba (Tongbongbon),Tongbongbon (Individual 72),948,4,0.8217820092820093,Western,4350.0
Nimba,Tongbongbon,Individual 72,Nimba (Tongbongbon),Tongbongbon (Individual 72),948,5,0.18947416158363756,Western,4350.0
Nimba,Tongbongbon,Individual 72,Nimba (Tongbongbon),Tongbongbon (Individual 72),948,6,0.45562078890143703,Western,4350.0
Nimba,Tongbongbon,Individual 75,Nimba (Tongbongbon),Tongbongbon (Individual 75),949,1,0.5652168077603186,Western,3751.0
Nimba,Tongbongbon,Individual 72,Nimba (Tongbongbon),Tongbongbon (Individual 72),950,1,0.7148430416350137,Western,3648.0
Nimba,Tongbongbon,Individual 72,Nimba (Tongbongbon),Tongbongbon (Individual 72),950,2,0.5615399834960405,Western,3648.0
Nimba,Tongbongbon,Individual 72,Nimba (Tongbongbon),Tongbongbon (Individual 72),950,3,0.34969306263831423,Western,3648.0
Nimba,Tongbongbon,Individual 72,Nimba (Tongbongbon),Tongbongbon (Individual 72),950,4,0.37192931480796665,Western,3648.0
Nimba,Tongbongbon,Individual 72,Nimba (Tongbongbon),Tongbongbon (Individual 72),950,5,0.5646688633597531,Western,3648.0
Nimba,Tongbongbon,Individual 72,Nimba (Tongbongbon),Tongbongbon (Individual 72),950,6,0.7796605964372549,Western,3648.0
Nimba,Tongbongbon,Individual 72,Nimba (Tongbongbon),Tongbongbon (Individual 72),951,1,0.662068182384694,Western,3646.0
Nimba,Tongbongbon,Individual 72,Nimba (Tongbongbon),Tongbongbon (Individual 72),951,2,0.4900003212748185,Western,3646.0
Nimba,Tongbongbon,Individual 72,Nimba (Tongbongbon),Tongbongbon (Individual 72),951,3,0.2440193226318439,Western,3646.0
Nimba,Tongbongbon,Individual 72,Nimba (Tongbongbon),Tongbongbon (Individual 72),951,4,0.5429554023394589,Western,3646.0
Nimba,Tongbongbon,Individual 75,Nimba (Tongbongbon),Tongbongbon (Individual 75),952,1,0.6551724137931035,Western,1301.0
Nimba,Tongbongbon,Individual 75,Nimba (Tongbongbon),Tongbongbon (Individual 75),952,2,0.06302526689236693,Western,1301.0
Nimba,Tongbongbon,Individual 75,Nimba (Tongbongbon),Tongbongbon (Individual 75),952,3,0.9449154188968358,Western,1301.0
Nimba,Tongbongbon,Individual 75,Nimba (Tongbongbon),Tongbongbon (Individual 75),952,4,0.26262603280265745,Western,1301.0
Nimba,Tongbongbon,Individual 75,Nimba (Tongbongbon),Tongbongbon (Individual 75),952,5,0.629309077392098,Western,1301.0
Nimba,Tongbongbon,Individual 75,Nimba (Tongbongbon),Tongbongbon (Individual 75),952,6,0.5058829764680941,Western,1301.0
Nimba,Tongbongbon,Individual 72,Nimba (Tongbongbon),Tongbongbon (Individual 72),954,1,0.6176478535481473,Western,1301.0
Nimba,Tongbongbon,Individual 72,Nimba (Tongbongbon),Tongbongbon (Individual 72),954,2,0.1947561741404375,Western,1301.0
Nimba,Tongbongbon,Individual 72,Nimba (Tongbongbon),Tongbongbon (Individual 72),954,3,0.5046948660550618,Western,1301.0
Nimba,Tongbongbon,Individual 72,Nimba (Tongbongbon),Tongbongbon (Individual 72),954,4,0.7589928651921176,Western,1301.0
Nimba,Tongbongbon,Individual 74,Nimba (Tongbongbon),Tongbongbon (Individual 74),955,1,0.2679743595190551,Western,1301.0
Nimba,Tongbongbon,Individual 74,Nimba (Tongbongbon),Tongbongbon (Individual 74),955,2,0.5544549477071601,Western,1301.0
Nimba,Tongbongbon,Individual 74,Nimba (Tongbongbon),Tongbongbon (Individual 74),955,3,0.5294119052853961,Western,1301.0
Nimba,Tongbongbon,Individual 74,Nimba (Tongbongbon),Tongbongbon (Individual 74),955,4,0.41237128514855215,Western,1301.0
Nimba,Tongbongbon,Individual 74,Nimba (Tongbongbon),Tongbongbon (Individual 74),955,5,0.7124995556368106,Western,1301.0
Nimba,Tongbongbon,Individual 74,Nimba (Tongbongbon),Tongbongbon (Individual 74),955,6,0.44660247788169116,Western,1301.0
Nimba,Tongbongbon,Individual 74,Nimba (Tongbongbon),Tongbongbon (Individual 74),955,7,0.43181811186723423,Western,1301.0
Nimba,Tongbongbon,Individual 74,Nimba (Tongbongbon),Tongbongbon (Individual 74),955,8,0.7281548419670011,Western,1301.0
Nimba,Tongbongbon,Individual 74,Nimba (Tongbongbon),Tongbongbon (Individual 74),955,9,0.32558260384827975,Western,1301.0
Nimba,Tongbongbon,Individual 74,Nimba (Tongbongbon),Tongbongbon (Individual 74),955,10,0.6516846751847641,Western,1301.0
Nimba,Tongbongbon,Individual 74,Nimba (Tongbongbon),Tongbongbon (Individual 74),955,11,0.2980772235764735,Western,1301.0
Nimba,Tongbongbon,Individual 74,Nimba (Tongbongbon),Tongbongbon (Individual 74),956,1,0.2666680571923201,Western,1301.0
Nimba,Tongbongbon,Individual 74,Nimba (Tongbongbon),Tongbongbon (Individual 74),956,2,0.5714274105074967,Western,1301.0
Nimba,Tongbongbon,Individual 74,Nimba (Tongbongbon),Tongbongbon (Individual 74),956,3,0.1586544246829198,Western,1301.0
Nimba,Tongbongbon,Individual 74,Nimba (Tongbongbon),Tongbongbon (Individual 74),956,4,0.8027520960765122,Western,1301.0
Nimba,Tongbongbon,Individual 74,Nimba (Tongbongbon),Tongbongbon (Individual 74),956,5,0.3282446394367408,Western,1301.0
Nimba,Tongbongbon,Individual 74,Nimba (Tongbongbon),Tongbongbon (Individual 74),956,6,0.5146197546450036,Western,1301.0
Nimba,Tongbongbon,Individual 74,Nimba (Tongbongbon),Tongbongbon (Individual 74),956,7,0.38027708693190365,Western,1301.0
Nimba,Tongbongbon,Individual 74,Nimba (Tongbongbon),Tongbongbon (Individual 74),956,8,0.4768958221645675,Western,1301.0
Nimba,Tongbongbon,Individual 74,Nimba (Tongbongbon),Tongbongbon (Individual 74),956,9,0.7445651320603041,Western,1301.0
Nimba,Tongbongbon,Individual 74,Nimba (Tongbongbon),Tongbongbon (Individual 74),956,10,0.6266654854030485,Western,1301.0
Nimba,Tongbongbon,Individual 74,Nimba (Tongbongbon),Tongbongbon (Individual 74),956,11,0.30769352872453903,Western,1301.0
Nimba,Tongbongbon,Individual 76,Nimba (Tongbongbon),Tongbongbon (Individual 76),957,1,0.2800017362429872,Western,1301.0
Nimba,Tongbongbon,Individual 76,Nimba (Tongbongbon),Tongbongbon (Individual 76),957,2,0.5538466675292262,Western,1301.0
Nimba,Tongbongbon,Individual 76,Nimba (Tongbongbon),Tongbongbon (Individual 76),957,3,0.23199946176350586,Western,1301.0
Nimba,Tongbongbon,Individual 76,Nimba (Tongbongbon),Tongbongbon (Individual 76),957,4,0.623376234449373,Western,1301.0
Nimba,Tongbongbon,Individual 76,Nimba (Tongbongbon),Tongbongbon (Individual 76),957,5,0.6304349749206041,Western,1301.0
Nimba,Tongbongbon,Individual 76,Nimba (Tongbongbon),Tongbongbon (Individual 76),957,6,0.30357155833303057,Western,1301.0
Nimba,Tongbongbon,Individual 76,Nimba (Tongbongbon),Tongbongbon (Individual 76),957,7,0.5234901161806235,Western,1301.0
Nimba,Tongbongbon,Individual 76,Nimba (Tongbongbon),Tongbongbon (Individual 76),957,8,0.3796786323595975,Western,1301.0
Nimba,Tongbongbon,Individual 76,Nimba (Tongbongbon),Tongbongbon (Individual 76),957,9,0.47346968604770906,Western,1301.0
Nimba,Tongbongbon,Individual 76,Nimba (Tongbongbon),Tongbongbon (Individual 76),957,10,0.7371432557706916,Western,1301.0
Nimba,Tongbongbon,Individual 76,Nimba (Tongbongbon),Tongbongbon (Individual 76),957,11,0.6478866243303758,Western,1301.0
Nimba,Tongbongbon,Individual 76,Nimba (Tongbongbon),Tongbongbon (Individual 76),957,12,0.3048778873957031,Western,1301.0
Nimba,Tongbongbon,Individual 74,Nimba (Tongbongbon),Tongbongbon (Individual 74),959,1,0.67567576677914,Western,797.0
Nimba,Tongbongbon,Individual 74,Nimba (Tongbongbon),Tongbongbon (Individual 74),959,2,0.2706766705770816,Western,797.0
Nimba,Tongbongbon,Individual 74,Nimba (Tongbongbon),Tongbongbon (Individual 74),959,3,0.6178349110113345,Western,797.0
Nimba,Tongbongbon,Individual 74,Nimba (Tongbongbon),Tongbongbon (Individual 74),959,4,0.5084741463229023,Western,797.0
Nimba,Tongbongbon,Individual 74,Nimba (Tongbongbon),Tongbongbon (Individual 74),959,5,0.42028989436696096,Western,797.0
Nimba,Tongbongbon,Individual 74,Nimba (Tongbongbon),Tongbongbon (Individual 74),959,6,0.503145083292348,Western,797.0
Nimba,Tongbongbon,Individual 74,Nimba (Tongbongbon),Tongbongbon (Individual 74),959,7,0.5939835875103036,Western,797.0
Nimba,Tongbongbon,Individual 74,Nimba (Tongbongbon),Tongbongbon (Individual 74),959,8,0.3439496669486779,Western,797.0
Nimba,Tongbongbon,Individual 74,Nimba (Tongbongbon),Tongbongbon (Individual 74),959,9,0.6058822623137721,Western,797.0
Nimba,Tongbongbon,Individual 74,Nimba (Tongbongbon),Tongbongbon (Individual 74),960,1,0.6962951461426985,Western,797.0
Nimba,Tongbongbon,Individual 74,Nimba (Tongbongbon),Tongbongbon (Individual 74),960,2,0.20918445060198013,Western,797.0
Nimba,Tongbongbon,Individual 74,Nimba (Tongbongbon),Tongbongbon (Individual 74),960,3,0.6078430884122268,Western,797.0
Nimba,Tongbongbon,Individual 74,Nimba (Tongbongbon),Tongbongbon (Individual 74),960,4,0.543478335916706,Western,797.0
Nimba,Tongbongbon,Individual 74,Nimba (Tongbongbon),Tongbongbon (Individual 74),960,5,0.27361564865832283,Western,797.0
Nimba,Tongbongbon,Individual 72,Nimba (Tongbongbon),Tongbongbon (Individual 72),962,1,0.4716968770473903,Western,797.0
Nimba,Tongbongbon,Individual 72,Nimba (Tongbongbon),Tongbongbon (Individual 72),962,2,0.25925965619239505,Western,797.0
Nimba,Tongbongbon,Individual 72,Nimba (Tongbongbon),Tongbongbon (Individual 72),962,3,0.7766980472140985,Western,797.0
Nimba,Tongbongbon,Individual 72,Nimba (Tongbongbon),Tongbongbon (Individual 72),962,4,0.20909181783745107,Western,797.0
Nimba,Tongbongbon,Individual 72,Nimba (Tongbongbon),Tongbongbon (Individual 72),962,5,0.8529405924022048,Western,797.0
Nimba,Tongbongbon,Individual 76,Nimba (Tongbongbon),Tongbongbon (Individual 76),964,1,0.39716267492581364,Western,796.0
Nimba,Tongbongbon,Individual 76,Nimba (Tongbongbon),Tongbongbon (Individual 76),964,2,0.5629137944740339,Western,796.0
Nimba,Tongbongbon,Individual 76,Nimba (Tongbongbon),Tongbongbon (Individual 76),964,3,0.1929825294448966,Western,796.0
Nimba,Tongbongbon,Individual 76,Nimba (Tongbongbon),Tongbongbon (Individual 76),964,4,0.8093841224396405,Western,796.0
Nimba,Tongbongbon,Individual 76,Nimba (Tongbongbon),Tongbongbon (Individual 76),964,5,0.5241938829603338,Western,796.0
Nimba,Tongbongbon,Individual 76,Nimba (Tongbongbon),Tongbongbon (Individual 76),964,6,0.26696789862260095,Western,796.0
Nimba,Tongbongbon,Individual 76,Nimba (Tongbongbon),Tongbongbon (Individual 76),964,7,0.7534880815020019,Western,796.0
Nimba,Tongbongbon,Individual 76,Nimba (Tongbongbon),Tongbongbon (Individual 76),965,1,0.13440804771678636,Western,795.0
Nimba,Tongbongbon,Individual 76,Nimba (Tongbongbon),Tongbongbon (Individual 76),965,2,0.8049988553184381,Western,795.0
Nimba,Tongbongbon,Individual 76,Nimba (Tongbongbon),Tongbongbon (Individual 76),965,3,0.5909082386470169,Western,795.0
Nimba,Tongbongbon,Individual 76,Nimba (Tongbongbon),Tongbongbon (Individual 76),965,4,0.4736870671500836,Western,795.0
Nimba,Tongbongbon,Individual 76,Nimba (Tongbongbon),Tongbongbon (Individual 76),965,5,0.38960986781309015,Western,795.0
Nimba,Tongbongbon,Individual 76,Nimba (Tongbongbon),Tongbongbon (Individual 76),965,6,0.5595250371985445,Western,795.0
Nimba,Tongbongbon,Individual 76,Nimba (Tongbongbon),Tongbongbon (Individual 76),965,7,0.33333333333333337,Western,795.0
Nimba,Tongbongbon,Individual 76,Nimba (Tongbongbon),Tongbongbon (Individual 76),965,8,0.4900651939633094,Western,795.0
Nimba,Tongbongbon,Individual 76,Nimba (Tongbongbon),Tongbongbon (Individual 76),965,9,0.5238091229369846,Western,795.0
Nimba,Tongbongbon,Individual 76,Nimba (Tongbongbon),Tongbongbon (Individual 76),965,10,0.3783792823195347,Western,795.0
Nimba,Tongbongbon,Individual 74,Nimba (Tongbongbon),Tongbongbon (Individual 74),966,1,0.34693732402321115,Western,794.0
Nimba,Tongbongbon,Individual 74,Nimba (Tongbongbon),Tongbongbon (Individual 74),966,2,0.4705884126304619,Western,794.0
Nimba,Tongbongbon,Individual 74,Nimba (Tongbongbon),Tongbongbon (Individual 74),966,3,0.2868532859842761,Western,794.0
Nimba,Tongbongbon,Individual 74,Nimba (Tongbongbon),Tongbongbon (Individual 74),966,4,0.8689322997004587,Western,794.0
Nimba,Tongbongbon,Individual 74,Nimba (Tongbongbon),Tongbongbon (Individual 74),966,5,0.20454481921049605,Western,794.0
Nimba,Tongbongbon,Individual 76,Nimba (Tongbongbon),Tongbongbon (Individual 76),967,1,0.1134022156182067,Western,793.0
Nimba,Tongbongbon,Individual 76,Nimba (Tongbongbon),Tongbongbon (Individual 76),967,2,0.20093447281890853,Western,793.0
Nimba,Tongbongbon,Individual 76,Nimba (Tongbongbon),Tongbongbon (Individual 76),967,3,0.8952876458112407,Western,793.0
Nimba,Tongbongbon,Individual 72,Nimba (Tongbongbon),Tongbongbon (Individual 72),968,1,0.49029212226689084,Western,792.0
Nimba,Tongbongbon,Individual 72,Nimba (Tongbongbon),Tongbongbon (Individual 72),968,2,0.527637269247857,Western,792.0
Nimba,Tongbongbon,Individual 72,Nimba (Tongbongbon),Tongbongbon (Individual 72),968,3,0.4541069427355585,Western,792.0
Nimba,Tongbongbon,Individual 72,Nimba (Tongbongbon),Tongbongbon (Individual 72),969,1,0.23728774601350383,Western,791.0
Nimba,Tongbongbon,Individual 72,Nimba (Tongbongbon),Tongbongbon (Individual 72),969,2,0.5743618370093425,Western,791.0
Nimba,Tongbongbon,Individual 72,Nimba (Tongbongbon),Tongbongbon (Individual 72),969,3,0.3250014042577094,Western,791.0
Nimba,Tongbongbon,Individual 72,Nimba (Tongbongbon),Tongbongbon (Individual 72),969,4,0.7605639570814812,Western,791.0
Nimba,Tongbongbon,Individual 72,Nimba (Tongbongbon),Tongbongbon (Individual 72),969,5,0.1888881056854694,Western,791.0
Nimba,Tongbongbon,Individual 72,Nimba (Tongbongbon),Tongbongbon (Individual 72),969,6,0.6186442956026971,Western,791.0
Nimba,Tongbongbon,Individual 72,Nimba (Tongbongbon),Tongbongbon (Individual 72),969,7,0.4499992070079352,Western,791.0
Nimba,Tongbongbon,Individual 72,Nimba (Tongbongbon),Tongbongbon (Individual 72),969,8,0.5913987357602493,Western,791.0
Nimba,Tongbongbon,Individual 72,Nimba (Tongbongbon),Tongbongbon (Individual 72),969,9,0.1989526404725296,Western,791.0
Nimba,Tongbongbon,Individual 72,Nimba (Tongbongbon),Tongbongbon (Individual 72),969,10,0.7727274547733763,Western,791.0
Nimba,Tongbongbon,Individual 72,Nimba (Tongbongbon),Tongbongbon (Individual 72),969,11,0.4809230821383776,Western,791.0
Nimba,Tongbongbon,Individual 72,Nimba (Tongbongbon),Tongbongbon (Individual 72),969,12,0.7373682246291028,Western,791.0
Nimba,Tongbongbon,Individual 72,Nimba (Tongbongbon),Tongbongbon (Individual 72),969,13,0.23696692760570925,Western,791.0
Nimba,Tongbongbon,Individual 72,Nimba (Tongbongbon),Tongbongbon (Individual 72),969,14,0.7155551480949519,Western,791.0
Nimba,Tongbongbon,Individual 72,Nimba (Tongbongbon),Tongbongbon (Individual 72),969,15,0.27586286384188047,Western,791.0
Nimba,Tongbongbon,Individual 72,Nimba (Tongbongbon),Tongbongbon (Individual 72),969,16,0.7706417517102164,Western,791.0
Nimba,Tongbongbon,Individual 76,Nimba (Tongbongbon),Tongbongbon (Individual 76),970,1,0.4623112727085187,Western,790.0
Nimba,Tongbongbon,Individual 76,Nimba (Tongbongbon),Tongbongbon (Individual 76),970,2,0.6149429185701183,Western,790.0
Nimba,Tongbongbon,Individual 76,Nimba (Tongbongbon),Tongbongbon (Individual 76),970,3,0.5037580060189829,Western,790.0
Nimba,Tongbongbon,Individual 76,Nimba (Tongbongbon),Tongbongbon (Individual 76),970,4,0.45517314600180486,Western,790.0
Nimba,Tongbongbon,Individual 74,Nimba (Tongbongbon),Tongbongbon (Individual 74),971,1,0.06824899717146778,Western,789.0
Nimba,Tongbongbon,Individual 74,Nimba (Tongbongbon),Tongbongbon (Individual 74),971,2,0.9631903996394399,Western,789.0
Nimba,Tongbongbon,Individual 74,Nimba (Tongbongbon),Tongbongbon (Individual 74),971,3,0.42856864527860755,Western,789.0
Nimba,Tongbongbon,Individual 74,Nimba (Tongbongbon),Tongbongbon (Individual 74),971,4,0.3478279775622907,Western,789.0
Nimba,Tongbongbon,Individual 74,Nimba (Tongbongbon),Tongbongbon (Individual 74),971,5,0.714286332797908,Western,789.0
Nimba,Tongbongbon,Individual 74,Nimba (Tongbongbon),Tongbongbon (Individual 74),971,6,0.4615368475531714,Western,789.0
Nimba,Tongbongbon,Individual 72,Nimba (Tongbongbon),Tongbongbon (Individual 72),972,1,0.6122462242974769,Western,788.0
Nimba,Tongbongbon,Individual 72,Nimba (Tongbongbon),Tongbongbon (Individual 72),973,1,0.5360360056865269,Western,787.0
Nimba,Tongbongbon,Individual 72,Nimba (Tongbongbon),Tongbongbon (Individual 72),973,2,0.5392665373661857,Western,787.0
Nimba,Tongbongbon,Individual 75,Nimba (Tongbongbon),Tongbongbon (Individual 75),975,1,0.41290232714991953,Western,601.0
Nimba,Tongbongbon,Individual 75,Nimba (Tongbongbon),Tongbongbon (Individual 75),975,2,0.4527368903076752,Western,601.0
Nimba,Tongbongbon,Individual 75,Nimba (Tongbongbon),Tongbongbon (Individual 75),975,3,0.533980439711174,Western,601.0
Nimba,Gahtoy,Individual 21,Nimba (Gahtoy),Gahtoy (Individual 21),976,1,0.7219736822931088,Western,1301.0
Nimba,Gahtoy,Individual 21,Nimba (Gahtoy),Gahtoy (Individual 21),976,2,0.3734938579748446,Western,1301.0
Nimba,Gahtoy,Individual 21,Nimba (Gahtoy),Gahtoy (Individual 21),977,1,0.5208355272065349,Western,1300.0
Nimba,Gahtoy,Individual 21,Nimba (Gahtoy),Gahtoy (Individual 21),977,2,0.35937403038457416,Western,1300.0
Nimba,Gahtoy,Individual 21,Nimba (Gahtoy),Gahtoy (Individual 21),977,3,0.21133950588563719,Western,1300.0
Nimba,Gahtoy,Individual 21,Nimba (Gahtoy),Gahtoy (Individual 21),977,4,0.7303104147135058,Western,1300.0
Nimba,Gahtoy,Individual 19,Nimba (Gahtoy),Gahtoy (Individual 19),978,1,0.35483847800169493,Western,1299.0
Nimba,Gahtoy,Individual 19,Nimba (Gahtoy),Gahtoy (Individual 19),978,2,0.5660357147357941,Western,1299.0
Nimba,Gahtoy,Individual 19,Nimba (Gahtoy),Gahtoy (Individual 19),978,3,0.4466023824500197,Western,1299.0
Nimba,Gahtoy,Individual 19,Nimba (Gahtoy),Gahtoy (Individual 19),978,4,0.6263762073926191,Western,1299.0
Nimba,Gahtoy,Individual 19,Nimba (Gahtoy),Gahtoy (Individual 19),978,5,0.34693710640386033,Western,1299.0
Nimba,Gahtoy,Individual 19,Nimba (Gahtoy),Gahtoy (Individual 19),978,6,0.7441867689774616,Western,1299.0
Nimba,Gahtoy,Individual 19,Nimba (Gahtoy),Gahtoy (Individual 19),978,7,0.07432395840854937,Western,1299.0
Nimba,Gahtoy,Individual 19,Nimba (Gahtoy),Gahtoy (Individual 19),978,8,0.9351527433624284,Western,1299.0
Nimba,Gahtoy,Individual 19,Nimba (Gahtoy),Gahtoy (Individual 19),978,9,0.23750166978359605,Western,1299.0
Nimba,Gahtoy,Individual 19,Nimba (Gahtoy),Gahtoy (Individual 19),979,1,0.5149258213706529,Western,1298.0
Nimba,Gahtoy,Individual 19,Nimba (Gahtoy),Gahtoy (Individual 19),979,2,0.5652173913043479,Western,1298.0
Nimba,Gahtoy,Individual 19,Nimba (Gahtoy),Gahtoy (Individual 19),979,3,0.4950501118705367,Western,1298.0
Nimba,Gahtoy,Individual 19,Nimba (Gahtoy),Gahtoy (Individual 19),979,4,0.579544455193035,Western,1298.0
Nimba,Gahtoy,Individual 19,Nimba (Gahtoy),Gahtoy (Individual 19),979,5,0.41111179902041717,Western,1298.0
Nimba,Gahtoy,Individual 19,Nimba (Gahtoy),Gahtoy (Individual 19),979,6,0.4690262577561057,Western,1298.0
Nimba,Gahtoy,Individual 19,Nimba (Gahtoy),Gahtoy (Individual 19),979,7,0.5555558740322687,Western,1298.0
Nimba,Gahtoy,Individual 19,Nimba (Gahtoy),Gahtoy (Individual 19),979,8,0.34042539177933023,Western,1298.0
Nimba,Gahtoy,Individual 19,Nimba (Gahtoy),Gahtoy (Individual 19),979,9,0.60784297856757,Western,1298.0
Nimba,Gahtoy,Individual 19,Nimba (Gahtoy),Gahtoy (Individual 19),979,10,0.5504580902775805,Western,1298.0
Nimba,Gahtoy,Individual 19,Nimba (Gahtoy),Gahtoy (Individual 19),979,11,0.3769240294128853,Western,1298.0
Nimba,Gahtoy,Individual 19,Nimba (Gahtoy),Gahtoy (Individual 19),980,1,0.5069447692091847,Western,1460.0
Nimba,Gahtoy,Individual 19,Nimba (Gahtoy),Gahtoy (Individual 19),980,2,0.4896557256614003,Western,1460.0
Nimba,Gahtoy,Individual 19,Nimba (Gahtoy),Gahtoy (Individual 19),980,3,0.48684146930884487,Western,1460.0
Nimba,Gahtoy,Individual 19,Nimba (Gahtoy),Gahtoy (Individual 19),980,4,0.5492959568175351,Western,1460.0
Nimba,Gahtoy,Individual 19,Nimba (Gahtoy),Gahtoy (Individual 19),980,5,0.4324332150273428,Western,1460.0
Nimba,Gahtoy,Individual 19,Nimba (Gahtoy),Gahtoy (Individual 19),980,6,0.49411735048490896,Western,1460.0
Nimba,Gahtoy,Individual 19,Nimba (Gahtoy),Gahtoy (Individual 19),980,7,0.5548384548542539,Western,1460.0
Nimba,Gahtoy,Individual 19,Nimba (Gahtoy),Gahtoy (Individual 19),980,8,0.46308843408839706,Western,1460.0
Nimba,Gahtoy,Individual 19,Nimba (Gahtoy),Gahtoy (Individual 19),981,1,0.47999714601690985,Western,1460.0
Nimba,Gahtoy,Individual 19,Nimba (Gahtoy),Gahtoy (Individual 19),981,2,0.2321435396944717,Western,1460.0
Nimba,Gahtoy,Individual 19,Nimba (Gahtoy),Gahtoy (Individual 19),981,3,0.6666675884955752,Western,1460.0
Nimba,Gahtoy,Individual 19,Nimba (Gahtoy),Gahtoy (Individual 19),981,4,0.6417918394948005,Western,1460.0
Nimba,Gahtoy,Individual 19,Nimba (Gahtoy),Gahtoy (Individual 19),981,5,0.22429825526537767,Western,1460.0
Nimba,Gahtoy,Individual 19,Nimba (Gahtoy),Gahtoy (Individual 19),981,6,0.5060973487518163,Western,1460.0
Nimba,Gahtoy,Individual 19,Nimba (Gahtoy),Gahtoy (Individual 19),981,7,0.6806717650621011,Western,1460.0
Nimba,Gahtoy,Individual 19,Nimba (Gahtoy),Gahtoy (Individual 19),981,8,0.43181864249431434,Western,1460.0
Nimba,Gahtoy,Individual 19,Nimba (Gahtoy),Gahtoy (Individual 19),981,9,0.45454545454545453,Western,1460.0
Nimba,Gahtoy,Individual 19,Nimba (Gahtoy),Gahtoy (Individual 19),981,10,0.5128200437244446,Western,1460.0
Nimba,Gahtoy,Individual 19,Nimba (Gahtoy),Gahtoy (Individual 19),981,11,0.6867462111769207,Western,1460.0
Nimba,Gahtoy,Individual 19,Nimba (Gahtoy),Gahtoy (Individual 19),981,12,0.3823546385045984,Western,1460.0
Nimba,Gahtoy,Individual 19,Nimba (Gahtoy),Gahtoy (Individual 19),981,13,0.5316444263812685,Western,1460.0
Nimba,Gahtoy,Individual 19,Nimba (Gahtoy),Gahtoy (Individual 19),981,14,0.24342129968643797,Western,1460.0
Nimba,Gahtoy,Individual 19,Nimba (Gahtoy),Gahtoy (Individual 19),981,15,0.54502371270849,Western,1460.0
Nimba,Gahtoy,Individual 19,Nimba (Gahtoy),Gahtoy (Individual 19),983,1,0.3611088486822968,Western,684.0
Nimba,Gahtoy,Individual 19,Nimba (Gahtoy),Gahtoy (Individual 19),983,2,0.3689844603107938,Western,684.0
Nimba,Gahtoy,Individual 19,Nimba (Gahtoy),Gahtoy (Individual 19),983,3,0.6820801690981794,Western,684.0
Nimba,Gahtoy,Individual 19,Nimba (Gahtoy),Gahtoy (Individual 19),983,4,0.4661033193827674,Western,684.0
Nimba,Gahtoy,Individual 19,Nimba (Gahtoy),Gahtoy (Individual 19),983,5,0.33689823401338603,Western,684.0
Nimba,Gahtoy,Individual 19,Nimba (Gahtoy),Gahtoy (Individual 19),983,6,0.6526311264256826,Western,684.0
Nimba,Gahtoy,Individual 19,Nimba (Gahtoy),Gahtoy (Individual 19),983,7,0.545453601341773,Western,684.0
Nimba,Gahtoy,Individual 19,Nimba (Gahtoy),Gahtoy (Individual 19),983,8,0.5188699935390945,Western,684.0
Nimba,Gahtoy,Individual 19,Nimba (Gahtoy),Gahtoy (Individual 19),983,9,0.3953475912387428,Western,684.0
Nimba,Gahtoy,Individual 19,Nimba (Gahtoy),Gahtoy (Individual 19),983,10,0.6240003619054321,Western,684.0
Nimba,Gahtoy,Individual 19,Nimba (Gahtoy),Gahtoy (Individual 19),983,11,0.385246070494201,Western,684.0
Nimba,Gahtoy,Individual 19,Nimba (Gahtoy),Gahtoy (Individual 19),983,12,0.641025916418744,Western,684.0
Nimba,Gahtoy,Individual 19,Nimba (Gahtoy),Gahtoy (Individual 19),983,13,0.42000037698624626,Western,684.0
Nimba,Gahtoy,Individual 21,Nimba (Gahtoy),Gahtoy (Individual 21),984,1,0.630058372323196,Western,640.0
Nimba,Gahtoy,Individual 21,Nimba (Gahtoy),Gahtoy (Individual 21),984,2,0.5765765370962793,Western,640.0
Nimba,Gahtoy,Individual 21,Nimba (Gahtoy),Gahtoy (Individual 21),984,3,0.3821141426644889,Western,640.0
Nimba,Gahtoy,Individual 21,Nimba (Gahtoy),Gahtoy (Individual 21),984,4,0.6551711123877737,Western,640.0
Nimba,Gahtoy,Individual 21,Nimba (Gahtoy),Gahtoy (Individual 21),984,5,0.5063298154009088,Western,640.0
Nimba,Gahtoy,Individual 21,Nimba (Gahtoy),Gahtoy (Individual 21),984,6,0.3899998540692782,Western,640.0
Nimba,Gahtoy,Individual 19,Nimba (Gahtoy),Gahtoy (Individual 19),985,1,0.22377637661046212,Western,640.0
Nimba,Gahtoy,Individual 19,Nimba (Gahtoy),Gahtoy (Individual 19),985,2,0.47622734990303883,Western,640.0
Nimba,Gahtoy,Individual 19,Nimba (Gahtoy),Gahtoy (Individual 19),985,3,0.7139293196288927,Western,640.0
Nimba,Gahtoy,Individual 19,Nimba (Gahtoy),Gahtoy (Individual 19),985,4,0.3947616480505928,Western,640.0
Nimba,Gahtoy,Individual 19,Nimba (Gahtoy),Gahtoy (Individual 19),985,5,0.5681810782894873,Western,640.0
Nimba,Gahtoy,Individual 19,Nimba (Gahtoy),Gahtoy (Individual 19),985,6,0.43846163092605056,Western,640.0
Nimba,Gahtoy,Individual 19,Nimba (Gahtoy),Gahtoy (Individual 19),985,7,0.4424245724608685,Western,640.0
Nimba,Gahtoy,Individual 19,Nimba (Gahtoy),Gahtoy (Individual 19),985,8,0.6865681649883675,Western,640.0
Nimba,Gahtoy,Individual 19,Nimba (Gahtoy),Gahtoy (Individual 19),985,9,0.41176357940052244,Western,640.0
Nimba,Gahtoy,Individual 19,Nimba (Gahtoy),Gahtoy (Individual 19),985,10,0.740739847593325,Western,640.0
Nimba,Gahtoy,Individual 19,Nimba (Gahtoy),Gahtoy (Individual 19),985,11,0.20588291617993446,Western,640.0
Nimba,Gahtoy,Individual 19,Nimba (Gahtoy),Gahtoy (Individual 19),985,12,0.47929024174869045,Western,640.0
Nimba,Gahtoy,Individual 19,Nimba (Gahtoy),Gahtoy (Individual 19),987,1,0.5547437693406063,Western,644.0
Nimba,Gahtoy,Individual 19,Nimba (Gahtoy),Gahtoy (Individual 19),987,2,0.4485312134164602,Western,644.0
Nimba,Gahtoy,Individual 19,Nimba (Gahtoy),Gahtoy (Individual 19),987,3,0.5102031392337045,Western,644.0
Nimba,Gahtoy,Individual 19,Nimba (Gahtoy),Gahtoy (Individual 19),987,4,0.3975772238597448,Western,644.0
Nimba,Gahtoy,Individual 19,Nimba (Gahtoy),Gahtoy (Individual 19),987,5,0.6532752447149335,Western,644.0
Nimba,Gahtoy,Individual 19,Nimba (Gahtoy),Gahtoy (Individual 19),987,6,0.4953072212837838,Western,644.0
Nimba,Gahtoy,Individual 19,Nimba (Gahtoy),Gahtoy (Individual 19),987,7,0.43703774809613927,Western,644.0
Taï,East,Individual 04,Taï (East),East (Individual 04),988,1,0.29587339406792895,Western,3700.0
Taï,East,Individual 04,Taï (East),East (Individual 04),988,2,0.901761930248725,Western,3700.0
Taï,East,Individual 04,Taï (East),East (Individual 04),988,3,0.1521737058778684,Western,3700.0
Taï,East,Individual 04,Taï (East),East (Individual 04),988,4,0.40837661488181437,Western,3700.0
Taï,East,Individual 04,Taï (East),East (Individual 04),989,1,0.34065881472521836,Western,3376.0
Taï,East,Individual 04,Taï (East),East (Individual 04),989,2,0.7894734100191715,Western,3376.0
Taï,East,Individual 04,Taï (East),East (Individual 04),989,3,0.2909086982499838,Western,3376.0
Taï,East,Individual 04,Taï (East),East (Individual 04),989,4,0.3120005321322349,Western,3376.0
Taï,East,Individual 04,Taï (East),East (Individual 04),989,5,0.46739153823973695,Western,3376.0
Taï,East,Individual 04,Taï (East),East (Individual 04),989,6,0.5764708896372792,Western,3376.0
Taï,East,Individual 04,Taï (East),East (Individual 04),989,7,0.8372074821945684,Western,3376.0
Taï,East,Individual 04,Taï (East),East (Individual 04),989,8,0.05405471511208404,Western,3376.0
Taï,East,Individual 04,Taï (East),East (Individual 04),989,9,0.7852560808006974,Western,3376.0
Taï,East,Individual 04,Taï (East),East (Individual 04),990,1,0.5,Western,3309.0
Taï,East,Individual 04,Taï (East),East (Individual 04),990,2,0.5444452723344013,Western,3309.0
Taï,East,Individual 04,Taï (East),East (Individual 04),990,3,0.4361690743713215,Western,3309.0
Taï,East,Individual 04,Taï (East),East (Individual 04),990,4,0.4862383204521859,Western,3309.0
Taï,East,Individual 04,Taï (East),East (Individual 04),990,5,0.5714297933488436,Western,3309.0
Taï,East,Individual 04,Taï (East),East (Individual 04),990,6,0.4772722942980701,Western,3309.0
Taï,East,Individual 04,Taï (East),East (Individual 04),990,7,0.42990544383426427,Western,3309.0
Taï,East,Individual 04,Taï (East),East (Individual 04),990,8,0.47656375346673086,Western,3309.0
Taï,East,Individual 04,Taï (East),East (Individual 04),990,9,0.5537182067259898,Western,3309.0
Taï,East,Individual 04,Taï (East),East (Individual 04),990,10,0.5625010914552154,Western,3309.0
Taï,East,Individual 04,Taï (East),East (Individual 04),990,11,0.34426133767567774,Western,3309.0
Taï,East,Individual 04,Taï (East),East (Individual 04),990,12,0.5633814041073653,Western,3309.0
Taï,East,Individual 04,Taï (East),East (Individual 04),991,1,0.6499991735127362,Western,3309.0
Taï,East,Individual 04,Taï (East),East (Individual 04),991,2,0.5303045481867361,Western,3309.0
Taï,East,Individual 04,Taï (East),East (Individual 04),991,3,0.4558820550426007,Western,3309.0
Taï,East,Individual 04,Taï (East),East (Individual 04),991,4,0.5617163124126913,Western,3309.0
Taï,East,Individual 04,Taï (East),East (Individual 04),991,5,0.2237942795148714,Western,3309.0
Taï,East,Individual 04,Taï (East),East (Individual 04),991,6,0.7196877741233498,Western,3309.0
Taï,East,Individual 04,Taï (East),East (Individual 04),991,7,0.7090913644560208,Western,3309.0
Taï,South,Individual 61,Taï (South),South (Individual 61),992,1,0.7164179104477612,Western,3679.0
Taï,South,Individual 61,Taï (South),South (Individual 61),992,2,0.23312883435582823,Western,3679.0
Taï,South,Individual 61,Taï (South),South (Individual 61),992,3,0.6377551020408163,Western,3679.0
Taï,South,Individual 61,Taï (South),South (Individual 61),992,4,0.3784209218193367,Western,3679.0
Taï,South,Individual 61,Taï (South),South (Individual 61),992,5,0.37378700790670644,Western,3679.0
Taï,South,Individual 61,Taï (South),South (Individual 61),992,6,0.6335675641365508,Western,3679.0
Taï,South,Individual 61,Taï (South),South (Individual 61),993,1,0.41176338458428335,Western,3660.0
Taï,South,Individual 61,Taï (South),South (Individual 61),993,2,0.37974674366587274,Western,3660.0
Taï,South,Individual 61,Taï (South),South (Individual 61),993,3,0.5004094644789565,Western,3660.0
Taï,South,Individual 61,Taï (South),South (Individual 61),993,4,0.6271777643149565,Western,3660.0
Taï,South,Individual 61,Taï (South),South (Individual 61),993,5,0.22184982641354434,Western,3660.0
Taï,South,Individual 61,Taï (South),South (Individual 61),993,6,0.5862068397957739,Western,3660.0
Taï,South,Individual 61,Taï (South),South (Individual 61),993,7,0.8181812264663669,Western,3660.0
Taï,South,Individual 61,Taï (South),South (Individual 61),993,8,0.16842168729180168,Western,3660.0
Taï,South,Individual 61,Taï (South),South (Individual 61),993,9,0.5257533306649894,Western,3660.0
Taï,South,Individual 61,Taï (South),South (Individual 61),993,10,0.4292812446625157,Western,3660.0
Taï,South,Individual 61,Taï (South),South (Individual 61),993,11,0.8185583846781975,Western,3660.0
Taï,South,Individual 61,Taï (South),South (Individual 61),993,12,0.3962261092288489,Western,3660.0
Taï,South,Individual 61,Taï (South),South (Individual 61),993,13,0.3047606319142901,Western,3660.0
Taï,South,Individual 65,Taï (South),South (Individual 65),994,1,0.6666639994238756,Western,3648.0
Taï,South,Individual 65,Taï (South),South (Individual 65),994,2,0.1831000153836011,Western,3648.0
Taï,South,Individual 65,Taï (South),South (Individual 65),994,3,0.7930981510008832,Western,3648.0
Taï,South,Individual 65,Taï (South),South (Individual 65),994,4,0.45850946126131237,Western,3648.0
Taï,South,Individual 65,Taï (South),South (Individual 65),994,5,0.055205692083722994,Western,3648.0
Taï,South,Individual 65,Taï (South),South (Individual 65),994,6,0.8220864711325271,Western,3648.0
Taï,South,Individual 65,Taï (South),South (Individual 65),994,7,0.6540956152444046,Western,3648.0
Taï,South,Individual 65,Taï (South),South (Individual 65),994,8,0.6481486832448177,Western,3648.0
Taï,South,Individual 65,Taï (South),South (Individual 65),994,9,0.3220319260348457,Western,3648.0
Taï,South,Individual 65,Taï (South),South (Individual 65),994,10,0.5970153424810665,Western,3648.0
Taï,South,Individual 65,Taï (South),South (Individual 65),995,1,0.373627442544324,Western,3284.0
Taï,South,Individual 65,Taï (South),South (Individual 65),995,2,0.7037029253530598,Western,3284.0
Taï,South,Individual 65,Taï (South),South (Individual 65),995,3,0.3037975229049413,Western,3284.0
Taï,South,Individual 65,Taï (South),South (Individual 65),995,4,0.733332728089806,Western,3284.0
Taï,South,Individual 65,Taï (South),South (Individual 65),995,5,0.28169189679065154,Western,3284.0
Taï,South,Individual 65,Taï (South),South (Individual 65),995,6,0.645568747441229,Western,3284.0
Taï,South,Individual 65,Taï (South),South (Individual 65),995,7,0.2568808485651104,Western,3284.0
Taï,South,Individual 65,Taï (South),South (Individual 65),995,8,0.4969328100556209,Western,3284.0
Taï,South,Individual 65,Taï (South),South (Individual 65),995,9,0.5985392934534104,Western,3284.0
Taï,South,Individual 65,Taï (South),South (Individual 65),995,10,0.7236845641792917,Western,3284.0
Taï,South,Individual 65,Taï (South),South (Individual 65),995,11,0.26582343941907816,Western,3284.0
Taï,South,Individual 65,Taï (South),South (Individual 65),995,12,0.7160474108944184,Western,3284.0
Taï,South,Individual 65,Taï (South),South (Individual 65),995,13,0.26436934539648754,Western,3284.0
Taï,South,Individual 65,Taï (South),South (Individual 65),995,14,0.6400002723608236,Western,3284.0
Taï,South,Individual 65,Taï (South),South (Individual 65),995,15,0.5217395594852766,Western,3284.0
Taï,South,Individual 65,Taï (South),South (Individual 65),996,1,0.47619086402458555,Western,3282.0
Taï,South,Individual 65,Taï (South),South (Individual 65),996,2,0.4748197366802018,Western,3282.0
Taï,South,Individual 65,Taï (South),South (Individual 65),996,3,0.46794957537271376,Western,3282.0
Taï,South,Individual 65,Taï (South),South (Individual 65),996,4,0.39523773067343854,Western,3282.0
Taï,South,Individual 61,Taï (South),South (Individual 61),997,1,0.6969701701514134,Western,3658.0
Taï,South,Individual 68,Taï (South),South (Individual 68),998,1,0.41304336805819586,Western,3284.0
Taï,South,Individual 68,Taï (South),South (Individual 68),998,2,0.710526638765817,Western,3284.0
Taï,South,Individual 68,Taï (South),South (Individual 68),998,3,0.0990991748037848,Western,3284.0
Taï,South,Individual 68,Taï (South),South (Individual 68),998,4,0.5046512749965578,Western,3284.0
Taï,South,Individual 68,Taï (South),South (Individual 68),998,5,0.8421348516919482,Western,3284.0
Taï,South,Individual 68,Taï (South),South (Individual 68),998,6,0.30232567049808434,Western,3284.0
Taï,South,Individual 68,Taï (South),South (Individual 68),998,7,0.7692304442782855,Western,3284.0
Taï,South,Individual 68,Taï (South),South (Individual 68),998,8,0.41117584187628897,Western,3284.0
Taï,South,Individual 68,Taï (South),South (Individual 68),998,9,0.4833189175830965,Western,3284.0
Taï,South,Individual 68,Taï (South),South (Individual 68),998,10,0.708578690955306,Western,3284.0
Taï,South,Individual 68,Taï (South),South (Individual 68),998,11,0.17346856433895844,Western,3284.0
Taï,South,Individual 68,Taï (South),South (Individual 68),998,12,0.8099987643642654,Western,3284.0
Taï,South,Individual 68,Taï (South),South (Individual 68),998,13,0.20212844268242666,Western,3284.0
Taï,South,Individual 68,Taï (South),South (Individual 68),998,14,0.7812512871205569,Western,3284.0
Taï,South,Individual 68,Taï (South),South (Individual 68),998,15,0.22580542298657538,Western,3284.0
Taï,South,Individual 68,Taï (South),South (Individual 68),998,16,0.6857150926610212,Western,3284.0
Taï,South,Individual 68,Taï (South),South (Individual 68),998,17,0.2920346240820201,Western,3284.0
Taï,South,Individual 68,Taï (South),South (Individual 68),998,18,0.5714285714285715,Western,3284.0
Taï,South,Individual 68,Taï (South),South (Individual 68),999,1,0.45177580905108916,Western,3284.0
Taï,South,Individual 68,Taï (South),South (Individual 68),1000,1,0.6615396982770171,Western,3280.0
Taï,South,Individual 68,Taï (South),South (Individual 68),1000,2,0.12824990811007297,Western,3280.0
Taï,South,Individual 68,Taï (South),South (Individual 68),1000,3,0.24354988414868003,Western,3280.0
Taï,South,Individual 68,Taï (South),South (Individual 68),1000,4,0.9098851214775204,Western,3280.0
