Drumming_bout,Subspecies,Population,Community,Individual,Date,Total_bout_duration,N_hits,With_Ph,Start_Ph,End_Ph,Start_Ph_N,End_Ph_N,Context_Before,Context_After,Context,IBI_i,IBI,IBI_ms,Pop_com_code,Com_indiv_code,Bout_cv,Bout_npvi,IBI_cluster,Bout_entropy,Days_before_2024,Date_year,Date_month,Date_day
3,Eastern,Budongo,Sonso,Individual 48,16.10.18,0.73884,4,With,Build-Up,Build-Up,1,1,Resting,Resting,Resting,1,0.089657,89.657,Budongo (Sonso),Sonso (Individual 48),0.7968064452504103,131.85709833780962,short,1.3082708345352603,1903.0,2018.0,10,16
3,Eastern,Budongo,Sonso,Individual 48,16.10.18,0.73884,4,With,Build-Up,Build-Up,1,1,Resting,Resting,Resting,2,0.523,523.0,Budongo (Sonso),Sonso (Individual 48),0.7968064452504103,131.85709833780962,long,1.3082708345352603,1903.0,2018.0,10,16
3,Eastern,Budongo,Sonso,Individual 48,16.10.18,0.73884,4,With,Build-Up,Build-Up,1,1,Resting,Resting,Resting,3,0.126184,126.184,Budongo (Sonso),Sonso (Individual 48),0.7968064452504103,131.85709833780962,short,1.3082708345352603,1903.0,2018.0,10,16
6,Eastern,Budongo,Sonso,Individual 60,27.10.18,1.47768,5,With,Climax,Climax,2,2,Traveling,Feeding,Traveling,1,0.073054,73.05399999999999,Budongo (Sonso),Sonso (Individual 60),1.1827549695311768,133.42829228752453,short,1.4338343733773984,1892.0,2018.0,10,27
6,Eastern,Budongo,Sonso,Individual 60,27.10.18,1.47768,5,With,Climax,Climax,2,2,Traveling,Feeding,Traveling,2,0.189276,189.276,Budongo (Sonso),Sonso (Individual 60),1.1827549695311768,133.42829228752453,short,1.4338343733773984,1892.0,2018.0,10,27
6,Eastern,Budongo,Sonso,Individual 60,27.10.18,1.47768,5,With,Climax,Climax,2,2,Traveling,Feeding,Traveling,3,1.122375,1122.375,Budongo (Sonso),Sonso (Individual 60),1.1827549695311768,133.42829228752453,long,1.4338343733773984,1892.0,2018.0,10,27
6,Eastern,Budongo,Sonso,Individual 60,27.10.18,1.47768,5,With,Climax,Climax,2,2,Traveling,Feeding,Traveling,4,0.092978,92.97800000000001,Budongo (Sonso),Sonso (Individual 60),1.1827549695311768,133.42829228752453,short,1.4338343733773984,1892.0,2018.0,10,27
7,Eastern,Budongo,Sonso,Individual 60,27.10.18,1.26184,13,With,Climax,Climax,2,2,Traveling,Resting,Traveling,1,0.119543,119.54299999999999,Budongo (Sonso),Sonso (Individual 60),0.3161401503352338,44.81379404532329,short,0.0,1892.0,2018.0,10,27
7,Eastern,Budongo,Sonso,Individual 60,27.10.18,1.26184,13,With,Climax,Climax,2,2,Traveling,Resting,Traveling,2,0.092978,92.97800000000001,Budongo (Sonso),Sonso (Individual 60),0.3161401503352338,44.81379404532329,short,0.0,1892.0,2018.0,10,27
7,Eastern,Budongo,Sonso,Individual 60,27.10.18,1.26184,13,With,Climax,Climax,2,2,Traveling,Resting,Traveling,3,0.076375,76.375,Budongo (Sonso),Sonso (Individual 60),0.3161401503352338,44.81379404532329,short,0.0,1892.0,2018.0,10,27
7,Eastern,Budongo,Sonso,Individual 60,27.10.18,1.26184,13,With,Climax,Climax,2,2,Traveling,Resting,Traveling,4,0.109581,109.581,Budongo (Sonso),Sonso (Individual 60),0.3161401503352338,44.81379404532329,short,0.0,1892.0,2018.0,10,27
7,Eastern,Budongo,Sonso,Individual 60,27.10.18,1.26184,13,With,Climax,Climax,2,2,Traveling,Resting,Traveling,5,0.109581,109.581,Budongo (Sonso),Sonso (Individual 60),0.3161401503352338,44.81379404532329,short,0.0,1892.0,2018.0,10,27
7,Eastern,Budongo,Sonso,Individual 60,27.10.18,1.26184,13,With,Climax,Climax,2,2,Traveling,Resting,Traveling,6,0.109581,109.581,Budongo (Sonso),Sonso (Individual 60),0.3161401503352338,44.81379404532329,short,0.0,1892.0,2018.0,10,27
7,Eastern,Budongo,Sonso,Individual 60,27.10.18,1.26184,13,With,Climax,Climax,2,2,Traveling,Resting,Traveling,7,0.149429,149.429,Budongo (Sonso),Sonso (Individual 60),0.3161401503352338,44.81379404532329,short,0.0,1892.0,2018.0,10,27
7,Eastern,Budongo,Sonso,Individual 60,27.10.18,1.26184,13,With,Climax,Climax,2,2,Traveling,Resting,Traveling,8,0.083016,83.016,Budongo (Sonso),Sonso (Individual 60),0.3161401503352338,44.81379404532329,short,0.0,1892.0,2018.0,10,27
7,Eastern,Budongo,Sonso,Individual 60,27.10.18,1.26184,13,With,Climax,Climax,2,2,Traveling,Resting,Traveling,9,0.149429,149.429,Budongo (Sonso),Sonso (Individual 60),0.3161401503352338,44.81379404532329,short,0.0,1892.0,2018.0,10,27
7,Eastern,Budongo,Sonso,Individual 60,27.10.18,1.26184,13,With,Climax,Climax,2,2,Traveling,Resting,Traveling,10,0.066413,66.413,Budongo (Sonso),Sonso (Individual 60),0.3161401503352338,44.81379404532329,short,0.0,1892.0,2018.0,10,27
7,Eastern,Budongo,Sonso,Individual 60,27.10.18,1.26184,13,With,Climax,Climax,2,2,Traveling,Resting,Traveling,11,0.152749,152.749,Budongo (Sonso),Sonso (Individual 60),0.3161401503352338,44.81379404532329,short,0.0,1892.0,2018.0,10,27
7,Eastern,Budongo,Sonso,Individual 60,27.10.18,1.26184,13,With,Climax,Climax,2,2,Traveling,Resting,Traveling,12,0.043168,43.168,Budongo (Sonso),Sonso (Individual 60),0.3161401503352338,44.81379404532329,short,0.0,1892.0,2018.0,10,27
8,Eastern,Budongo,Sonso,Individual 60,27.10.18,1.49429,15,With,Climax,Let-Down,2,3,Traveling,Traveling,Traveling,1,0.06593,65.93,Budongo (Sonso),Sonso (Individual 60),0.2963023739637251,49.75437194488172,short,0.0,1892.0,2018.0,10,27
8,Eastern,Budongo,Sonso,Individual 60,27.10.18,1.49429,15,With,Climax,Let-Down,2,3,Traveling,Traveling,Traveling,2,0.131165,131.165,Budongo (Sonso),Sonso (Individual 60),0.2963023739637251,49.75437194488172,short,0.0,1892.0,2018.0,10,27
8,Eastern,Budongo,Sonso,Individual 60,27.10.18,1.49429,15,With,Climax,Let-Down,2,3,Traveling,Traveling,Traveling,3,0.059771,59.771,Budongo (Sonso),Sonso (Individual 60),0.2963023739637251,49.75437194488172,short,0.0,1892.0,2018.0,10,27
8,Eastern,Budongo,Sonso,Individual 60,27.10.18,1.49429,15,With,Climax,Let-Down,2,3,Traveling,Traveling,Traveling,4,0.111241,111.241,Budongo (Sonso),Sonso (Individual 60),0.2963023739637251,49.75437194488172,short,0.0,1892.0,2018.0,10,27
8,Eastern,Budongo,Sonso,Individual 60,27.10.18,1.49429,15,With,Climax,Let-Down,2,3,Traveling,Traveling,Traveling,5,0.059771,59.771,Budongo (Sonso),Sonso (Individual 60),0.2963023739637251,49.75437194488172,short,0.0,1892.0,2018.0,10,27
8,Eastern,Budongo,Sonso,Individual 60,27.10.18,1.49429,15,With,Climax,Let-Down,2,3,Traveling,Traveling,Traveling,6,0.164371,164.37099999999998,Budongo (Sonso),Sonso (Individual 60),0.2963023739637251,49.75437194488172,short,0.0,1892.0,2018.0,10,27
8,Eastern,Budongo,Sonso,Individual 60,27.10.18,1.49429,15,With,Climax,Let-Down,2,3,Traveling,Traveling,Traveling,7,0.079695,79.69500000000001,Budongo (Sonso),Sonso (Individual 60),0.2963023739637251,49.75437194488172,short,0.0,1892.0,2018.0,10,27
8,Eastern,Budongo,Sonso,Individual 60,27.10.18,1.49429,15,With,Climax,Let-Down,2,3,Traveling,Traveling,Traveling,8,0.126184,126.184,Budongo (Sonso),Sonso (Individual 60),0.2963023739637251,49.75437194488172,short,0.0,1892.0,2018.0,10,27
8,Eastern,Budongo,Sonso,Individual 60,27.10.18,1.49429,15,With,Climax,Let-Down,2,3,Traveling,Traveling,Traveling,9,0.141127,141.127,Budongo (Sonso),Sonso (Individual 60),0.2963023739637251,49.75437194488172,short,0.0,1892.0,2018.0,10,27
8,Eastern,Budongo,Sonso,Individual 60,27.10.18,1.49429,15,With,Climax,Let-Down,2,3,Traveling,Traveling,Traveling,10,0.086337,86.337,Budongo (Sonso),Sonso (Individual 60),0.2963023739637251,49.75437194488172,short,0.0,1892.0,2018.0,10,27
8,Eastern,Budongo,Sonso,Individual 60,27.10.18,1.49429,15,With,Climax,Let-Down,2,3,Traveling,Traveling,Traveling,11,0.129505,129.505,Budongo (Sonso),Sonso (Individual 60),0.2963023739637251,49.75437194488172,short,0.0,1892.0,2018.0,10,27
8,Eastern,Budongo,Sonso,Individual 60,27.10.18,1.49429,15,With,Climax,Let-Down,2,3,Traveling,Traveling,Traveling,12,0.097959,97.959,Budongo (Sonso),Sonso (Individual 60),0.2963023739637251,49.75437194488172,short,0.0,1892.0,2018.0,10,27
8,Eastern,Budongo,Sonso,Individual 60,27.10.18,1.49429,15,With,Climax,Let-Down,2,3,Traveling,Traveling,Traveling,13,0.132825,132.825,Budongo (Sonso),Sonso (Individual 60),0.2963023739637251,49.75437194488172,short,0.0,1892.0,2018.0,10,27
8,Eastern,Budongo,Sonso,Individual 60,27.10.18,1.49429,15,With,Climax,Let-Down,2,3,Traveling,Traveling,Traveling,14,0.108403,108.403,Budongo (Sonso),Sonso (Individual 60),0.2963023739637251,49.75437194488172,short,0.0,1892.0,2018.0,10,27
9,Eastern,Budongo,Sonso,Individual 60,27.10.18,1.57962,16,With,Climax,Climax,2,2,Traveling,Resting,Traveling,1,0.12186,121.86,Budongo (Sonso),Sonso (Individual 60),0.31509821838034985,41.72997479964582,short,0.0,1892.0,2018.0,10,27
9,Eastern,Budongo,Sonso,Individual 60,27.10.18,1.57962,16,With,Climax,Climax,2,2,Traveling,Resting,Traveling,2,0.10294,102.94,Budongo (Sonso),Sonso (Individual 60),0.31509821838034985,41.72997479964582,short,0.0,1892.0,2018.0,10,27
9,Eastern,Budongo,Sonso,Individual 60,27.10.18,1.57962,16,With,Climax,Climax,2,2,Traveling,Resting,Traveling,3,0.092978,92.97800000000001,Budongo (Sonso),Sonso (Individual 60),0.31509821838034985,41.72997479964582,short,0.0,1892.0,2018.0,10,27
9,Eastern,Budongo,Sonso,Individual 60,27.10.18,1.57962,16,With,Climax,Climax,2,2,Traveling,Resting,Traveling,4,0.069733,69.733,Budongo (Sonso),Sonso (Individual 60),0.31509821838034985,41.72997479964582,short,0.0,1892.0,2018.0,10,27
9,Eastern,Budongo,Sonso,Individual 60,27.10.18,1.57962,16,With,Climax,Climax,2,2,Traveling,Resting,Traveling,5,0.092978,92.97800000000001,Budongo (Sonso),Sonso (Individual 60),0.31509821838034985,41.72997479964582,short,0.0,1892.0,2018.0,10,27
9,Eastern,Budongo,Sonso,Individual 60,27.10.18,1.57962,16,With,Climax,Climax,2,2,Traveling,Resting,Traveling,6,0.142787,142.787,Budongo (Sonso),Sonso (Individual 60),0.31509821838034985,41.72997479964582,short,0.0,1892.0,2018.0,10,27
9,Eastern,Budongo,Sonso,Individual 60,27.10.18,1.57962,16,With,Climax,Climax,2,2,Traveling,Resting,Traveling,7,0.112902,112.902,Budongo (Sonso),Sonso (Individual 60),0.31509821838034985,41.72997479964582,short,0.0,1892.0,2018.0,10,27
9,Eastern,Budongo,Sonso,Individual 60,27.10.18,1.57962,16,With,Climax,Climax,2,2,Traveling,Resting,Traveling,8,0.122864,122.864,Budongo (Sonso),Sonso (Individual 60),0.31509821838034985,41.72997479964582,short,0.0,1892.0,2018.0,10,27
9,Eastern,Budongo,Sonso,Individual 60,27.10.18,1.57962,16,With,Climax,Climax,2,2,Traveling,Resting,Traveling,9,0.109581,109.581,Budongo (Sonso),Sonso (Individual 60),0.31509821838034985,41.72997479964582,short,0.0,1892.0,2018.0,10,27
9,Eastern,Budongo,Sonso,Individual 60,27.10.18,1.57962,16,With,Climax,Climax,2,2,Traveling,Resting,Traveling,10,0.063092,63.092,Budongo (Sonso),Sonso (Individual 60),0.31509821838034985,41.72997479964582,short,0.0,1892.0,2018.0,10,27
9,Eastern,Budongo,Sonso,Individual 60,27.10.18,1.57962,16,With,Climax,Climax,2,2,Traveling,Resting,Traveling,11,0.079695,79.69500000000001,Budongo (Sonso),Sonso (Individual 60),0.31509821838034985,41.72997479964582,short,0.0,1892.0,2018.0,10,27
9,Eastern,Budongo,Sonso,Individual 60,27.10.18,1.57962,16,With,Climax,Climax,2,2,Traveling,Resting,Traveling,12,0.162711,162.71099999999998,Budongo (Sonso),Sonso (Individual 60),0.31509821838034985,41.72997479964582,short,0.0,1892.0,2018.0,10,27
9,Eastern,Budongo,Sonso,Individual 60,27.10.18,1.57962,16,With,Climax,Climax,2,2,Traveling,Resting,Traveling,13,0.056451,56.451,Budongo (Sonso),Sonso (Individual 60),0.31509821838034985,41.72997479964582,short,0.0,1892.0,2018.0,10,27
9,Eastern,Budongo,Sonso,Individual 60,27.10.18,1.57962,16,With,Climax,Climax,2,2,Traveling,Resting,Traveling,14,0.169352,169.352,Budongo (Sonso),Sonso (Individual 60),0.31509821838034985,41.72997479964582,short,0.0,1892.0,2018.0,10,27
9,Eastern,Budongo,Sonso,Individual 60,27.10.18,1.57962,16,With,Climax,Climax,2,2,Traveling,Resting,Traveling,15,0.079695,79.69500000000001,Budongo (Sonso),Sonso (Individual 60),0.31509821838034985,41.72997479964582,short,0.0,1892.0,2018.0,10,27
11,Eastern,Budongo,Sonso,Individual 55,05.11.18,1.28763,5,With,Climax,Climax,2,2,Resting,Resting,Resting,1,0.076215,76.215,Budongo (Sonso),Sonso (Individual 55),0.8960435408603822,148.8986317979857,short,1.4338343733773984,1883.0,2018.0,11,05
11,Eastern,Budongo,Sonso,Individual 55,05.11.18,1.28763,5,With,Climax,Climax,2,2,Resting,Resting,Resting,2,0.786219,786.219,Budongo (Sonso),Sonso (Individual 55),0.8960435408603822,148.8986317979857,medium,1.4338343733773984,1883.0,2018.0,11,05
11,Eastern,Budongo,Sonso,Individual 55,05.11.18,1.28763,5,With,Climax,Climax,2,2,Resting,Resting,Resting,3,0.084238,84.238,Budongo (Sonso),Sonso (Individual 55),0.8960435408603822,148.8986317979857,short,1.4338343733773984,1883.0,2018.0,11,05
11,Eastern,Budongo,Sonso,Individual 55,05.11.18,1.28763,5,With,Climax,Climax,2,2,Resting,Resting,Resting,4,0.340962,340.962,Budongo (Sonso),Sonso (Individual 55),0.8960435408603822,148.8986317979857,short,1.4338343733773984,1883.0,2018.0,11,05
14,Eastern,Budongo,Sonso,Individual 58,13.11.18,1.45361,6,With,Unk,Let-Down,0,3,Traveling,Traveling,Traveling,1,0.078676,78.676,Budongo (Sonso),Sonso (Individual 58),0.9066270770402146,156.77759145704974,short,2.384080545409061,1875.0,2018.0,11,13
14,Eastern,Budongo,Sonso,Individual 58,13.11.18,1.45361,6,With,Unk,Let-Down,0,3,Traveling,Traveling,Traveling,2,0.642543,642.543,Budongo (Sonso),Sonso (Individual 58),0.9066270770402146,156.77759145704974,long,2.384080545409061,1875.0,2018.0,11,13
14,Eastern,Budongo,Sonso,Individual 58,13.11.18,1.45361,6,With,Unk,Let-Down,0,3,Traveling,Traveling,Traveling,3,0.068073,68.073,Budongo (Sonso),Sonso (Individual 58),0.9066270770402146,156.77759145704974,short,2.384080545409061,1875.0,2018.0,11,13
14,Eastern,Budongo,Sonso,Individual 58,13.11.18,1.45361,6,With,Unk,Let-Down,0,3,Traveling,Traveling,Traveling,4,0.582771,582.7710000000001,Budongo (Sonso),Sonso (Individual 58),0.9066270770402146,156.77759145704974,long,2.384080545409061,1875.0,2018.0,11,13
14,Eastern,Budongo,Sonso,Individual 58,13.11.18,1.45361,6,With,Unk,Let-Down,0,3,Traveling,Traveling,Traveling,5,0.081545,81.545,Budongo (Sonso),Sonso (Individual 58),0.9066270770402146,156.77759145704974,short,2.384080545409061,1875.0,2018.0,11,13
16,Eastern,Budongo,Sonso,Individual 58,13.11.18,1.38739,6,With,Climax,Climax,2,2,Traveling,Traveling,Traveling,1,0.06247,62.47,Budongo (Sonso),Sonso (Individual 58),0.903296617792625,145.386159037049,short,2.384080545409061,1875.0,2018.0,11,13
16,Eastern,Budongo,Sonso,Individual 58,13.11.18,1.38739,6,With,Climax,Climax,2,2,Traveling,Traveling,Traveling,2,0.677913,677.913,Budongo (Sonso),Sonso (Individual 58),0.903296617792625,145.386159037049,long,2.384080545409061,1875.0,2018.0,11,13
16,Eastern,Budongo,Sonso,Individual 58,13.11.18,1.38739,6,With,Climax,Climax,2,2,Traveling,Traveling,Traveling,3,0.112317,112.31700000000001,Budongo (Sonso),Sonso (Individual 58),0.903296617792625,145.386159037049,short,2.384080545409061,1875.0,2018.0,11,13
16,Eastern,Budongo,Sonso,Individual 58,13.11.18,1.38739,6,With,Climax,Climax,2,2,Traveling,Traveling,Traveling,4,0.467319,467.31899999999996,Budongo (Sonso),Sonso (Individual 58),0.903296617792625,145.386159037049,long,2.384080545409061,1875.0,2018.0,11,13
16,Eastern,Budongo,Sonso,Individual 58,13.11.18,1.38739,6,With,Climax,Climax,2,2,Traveling,Traveling,Traveling,5,0.067285,67.285,Budongo (Sonso),Sonso (Individual 58),0.903296617792625,145.386159037049,short,2.384080545409061,1875.0,2018.0,11,13
17,Eastern,Budongo,Sonso,Individual 58,13.11.18,0.89854,4,With,Let-Down,Let-Down,3,3,Traveling,Traveling,Traveling,1,0.050142,50.141999999999996,Budongo (Sonso),Sonso (Individual 58),1.130437910638279,171.34490459052367,short,1.3082708345352603,1875.0,2018.0,11,13
17,Eastern,Budongo,Sonso,Individual 58,13.11.18,0.89854,4,With,Let-Down,Let-Down,3,3,Traveling,Traveling,Traveling,2,0.778196,778.196,Budongo (Sonso),Sonso (Individual 58),1.130437910638279,171.34490459052367,long,1.3082708345352603,1875.0,2018.0,11,13
17,Eastern,Budongo,Sonso,Individual 58,13.11.18,0.89854,4,With,Let-Down,Let-Down,3,3,Traveling,Traveling,Traveling,3,0.070198,70.198,Budongo (Sonso),Sonso (Individual 58),1.130437910638279,171.34490459052367,short,1.3082708345352603,1875.0,2018.0,11,13
18,Eastern,Budongo,Sonso,Individual 58,13.11.18,0.84577,3,With,Climax,Climax,2,2,Traveling,Traveling,Traveling,1,0.111705,111.705,Budongo (Sonso),Sonso (Individual 58),0.7358501720325857,147.17003440651712,short,1.0,1875.0,2018.0,11,13
18,Eastern,Budongo,Sonso,Individual 58,13.11.18,0.84577,3,With,Climax,Climax,2,2,Traveling,Traveling,Traveling,2,0.734065,734.0649999999999,Budongo (Sonso),Sonso (Individual 58),0.7358501720325857,147.17003440651712,long,1.0,1875.0,2018.0,11,13
19,Eastern,Budongo,Sonso,Individual 58,13.11.18,0.70614,4,With,Let-Down,Let-Down,3,3,Traveling,Traveling,Traveling,1,0.053567,53.56699999999999,Budongo (Sonso),Sonso (Individual 58),1.019599952698367,159.01005626067646,short,1.3082708345352603,1875.0,2018.0,11,13
19,Eastern,Budongo,Sonso,Individual 58,13.11.18,0.70614,4,With,Let-Down,Let-Down,3,3,Traveling,Traveling,Traveling,2,0.574485,574.485,Budongo (Sonso),Sonso (Individual 58),1.019599952698367,159.01005626067646,long,1.3082708345352603,1875.0,2018.0,11,13
19,Eastern,Budongo,Sonso,Individual 58,13.11.18,0.70614,4,With,Let-Down,Let-Down,3,3,Traveling,Traveling,Traveling,3,0.078086,78.086,Budongo (Sonso),Sonso (Individual 58),1.019599952698367,159.01005626067646,short,1.3082708345352603,1875.0,2018.0,11,13
22,Eastern,Budongo,Sonso,Individual 47,13.11.18,1.44673,4,With,Unk,Unk,0,0,Traveling,Traveling,Traveling,1,0.071511,71.51100000000001,Budongo (Sonso),Sonso (Individual 47),1.1511472473355415,173.58169618388516,short,1.3082708345352603,1875.0,2018.0,11,13
22,Eastern,Budongo,Sonso,Individual 47,13.11.18,1.44673,4,With,Unk,Unk,0,0,Traveling,Traveling,Traveling,2,1.267031,1267.031,Budongo (Sonso),Sonso (Individual 47),1.1511472473355415,173.58169618388516,long,1.3082708345352603,1875.0,2018.0,11,13
22,Eastern,Budongo,Sonso,Individual 47,13.11.18,1.44673,4,With,Unk,Unk,0,0,Traveling,Traveling,Traveling,3,0.108184,108.184,Budongo (Sonso),Sonso (Individual 47),1.1511472473355415,173.58169618388516,short,1.3082708345352603,1875.0,2018.0,11,13
23,Eastern,Budongo,Sonso,Individual 47,13.11.18,2.04176,8,With,Build-Up,Let-Down,1,3,Traveling,Traveling,Traveling,1,0.072204,72.20400000000001,Budongo (Sonso),Sonso (Individual 47),0.885138499938076,158.8878478090556,short,3.417030077849957,1875.0,2018.0,11,13
23,Eastern,Budongo,Sonso,Individual 47,13.11.18,2.04176,8,With,Build-Up,Let-Down,1,3,Traveling,Traveling,Traveling,2,0.581641,581.641,Budongo (Sonso),Sonso (Individual 47),0.885138499938076,158.8878478090556,long,3.417030077849957,1875.0,2018.0,11,13
23,Eastern,Budongo,Sonso,Individual 47,13.11.18,2.04176,8,With,Build-Up,Let-Down,1,3,Traveling,Traveling,Traveling,3,0.068192,68.19200000000001,Budongo (Sonso),Sonso (Individual 47),0.885138499938076,158.8878478090556,short,3.417030077849957,1875.0,2018.0,11,13
23,Eastern,Budongo,Sonso,Individual 47,13.11.18,2.04176,8,With,Build-Up,Let-Down,1,3,Traveling,Traveling,Traveling,4,0.581641,581.641,Budongo (Sonso),Sonso (Individual 47),0.885138499938076,158.8878478090556,long,3.417030077849957,1875.0,2018.0,11,13
23,Eastern,Budongo,Sonso,Individual 47,13.11.18,2.04176,8,With,Build-Up,Let-Down,1,3,Traveling,Traveling,Traveling,5,0.064181,64.181,Budongo (Sonso),Sonso (Individual 47),0.885138499938076,158.8878478090556,short,3.417030077849957,1875.0,2018.0,11,13
23,Eastern,Budongo,Sonso,Individual 47,13.11.18,2.04176,8,With,Build-Up,Let-Down,1,3,Traveling,Traveling,Traveling,6,0.605709,605.7090000000001,Budongo (Sonso),Sonso (Individual 47),0.885138499938076,158.8878478090556,long,3.417030077849957,1875.0,2018.0,11,13
23,Eastern,Budongo,Sonso,Individual 47,13.11.18,2.04176,8,With,Build-Up,Let-Down,1,3,Traveling,Traveling,Traveling,7,0.068192,68.19200000000001,Budongo (Sonso),Sonso (Individual 47),0.885138499938076,158.8878478090556,short,3.417030077849957,1875.0,2018.0,11,13
25,Eastern,Budongo,Sonso,Individual 57,22.11.18,4.39091,8,With,Build-Up,Build-Up,1,1,Traveling,Traveling,Traveling,1,0.104886,104.886,Budongo (Sonso),Sonso (Individual 57),0.5419514855069726,40.08680499425088,medium,2.7664414810694944,1866.0,2018.0,11,22
25,Eastern,Budongo,Sonso,Individual 57,22.11.18,4.39091,8,With,Build-Up,Build-Up,1,1,Traveling,Traveling,Traveling,2,0.161515,161.515,Budongo (Sonso),Sonso (Individual 57),0.5419514855069726,40.08680499425088,medium,2.7664414810694944,1866.0,2018.0,11,22
25,Eastern,Budongo,Sonso,Individual 57,22.11.18,4.39091,8,With,Build-Up,Build-Up,1,1,Traveling,Traveling,Traveling,3,0.550621,550.621,Budongo (Sonso),Sonso (Individual 57),0.5419514855069726,40.08680499425088,long,2.7664414810694944,1866.0,2018.0,11,22
25,Eastern,Budongo,Sonso,Individual 57,22.11.18,4.39091,8,With,Build-Up,Build-Up,1,1,Traveling,Traveling,Traveling,4,0.948826,948.8259999999999,Budongo (Sonso),Sonso (Individual 57),0.5419514855069726,40.08680499425088,long,2.7664414810694944,1866.0,2018.0,11,22
25,Eastern,Budongo,Sonso,Individual 57,22.11.18,4.39091,8,With,Build-Up,Build-Up,1,1,Traveling,Traveling,Traveling,5,0.910359,910.359,Budongo (Sonso),Sonso (Individual 57),0.5419514855069726,40.08680499425088,long,2.7664414810694944,1866.0,2018.0,11,22
25,Eastern,Budongo,Sonso,Individual 57,22.11.18,4.39091,8,With,Build-Up,Build-Up,1,1,Traveling,Traveling,Traveling,6,0.966594,966.5939999999999,Budongo (Sonso),Sonso (Individual 57),0.5419514855069726,40.08680499425088,long,2.7664414810694944,1866.0,2018.0,11,22
25,Eastern,Budongo,Sonso,Individual 57,22.11.18,4.39091,8,With,Build-Up,Build-Up,1,1,Traveling,Traveling,Traveling,7,0.748104,748.104,Budongo (Sonso),Sonso (Individual 57),0.5419514855069726,40.08680499425088,long,2.7664414810694944,1866.0,2018.0,11,22
33,Eastern,Budongo,Sonso,Individual 56,31.03.19,2.22895,13,With,Climax,Climax,2,2,Traveling,Traveling,Traveling,1,0.148619,148.619,Budongo (Sonso),Sonso (Individual 56),0.443794985083831,66.57896420345413,short,0.0,1737.0,2019.0,03,31
33,Eastern,Budongo,Sonso,Individual 56,31.03.19,2.22895,13,With,Climax,Climax,2,2,Traveling,Traveling,Traveling,2,0.208388,208.38799999999998,Budongo (Sonso),Sonso (Individual 56),0.443794985083831,66.57896420345413,short,0.0,1737.0,2019.0,03,31
33,Eastern,Budongo,Sonso,Individual 56,31.03.19,2.22895,13,With,Climax,Climax,2,2,Traveling,Traveling,Traveling,3,0.077477,77.477,Budongo (Sonso),Sonso (Individual 56),0.443794985083831,66.57896420345413,short,0.0,1737.0,2019.0,03,31
33,Eastern,Budongo,Sonso,Individual 56,31.03.19,2.22895,13,With,Climax,Climax,2,2,Traveling,Traveling,Traveling,4,0.199741,199.741,Budongo (Sonso),Sonso (Individual 56),0.443794985083831,66.57896420345413,short,0.0,1737.0,2019.0,03,31
33,Eastern,Budongo,Sonso,Individual 56,31.03.19,2.22895,13,With,Climax,Climax,2,2,Traveling,Traveling,Traveling,5,0.116216,116.216,Budongo (Sonso),Sonso (Individual 56),0.443794985083831,66.57896420345413,short,0.0,1737.0,2019.0,03,31
33,Eastern,Budongo,Sonso,Individual 56,31.03.19,2.22895,13,With,Climax,Climax,2,2,Traveling,Traveling,Traveling,6,0.189686,189.686,Budongo (Sonso),Sonso (Individual 56),0.443794985083831,66.57896420345413,short,0.0,1737.0,2019.0,03,31
33,Eastern,Budongo,Sonso,Individual 56,31.03.19,2.22895,13,With,Climax,Climax,2,2,Traveling,Traveling,Traveling,7,0.092171,92.171,Budongo (Sonso),Sonso (Individual 56),0.443794985083831,66.57896420345413,short,0.0,1737.0,2019.0,03,31
33,Eastern,Budongo,Sonso,Individual 56,31.03.19,2.22895,13,With,Climax,Climax,2,2,Traveling,Traveling,Traveling,8,0.238227,238.227,Budongo (Sonso),Sonso (Individual 56),0.443794985083831,66.57896420345413,short,0.0,1737.0,2019.0,03,31
33,Eastern,Budongo,Sonso,Individual 56,31.03.19,2.22895,13,With,Climax,Climax,2,2,Traveling,Traveling,Traveling,9,0.081485,81.485,Budongo (Sonso),Sonso (Individual 56),0.443794985083831,66.57896420345413,short,0.0,1737.0,2019.0,03,31
33,Eastern,Budongo,Sonso,Individual 56,31.03.19,2.22895,13,With,Climax,Climax,2,2,Traveling,Traveling,Traveling,10,0.354858,354.858,Budongo (Sonso),Sonso (Individual 56),0.443794985083831,66.57896420345413,short,0.0,1737.0,2019.0,03,31
33,Eastern,Budongo,Sonso,Individual 56,31.03.19,2.22895,13,With,Climax,Climax,2,2,Traveling,Traveling,Traveling,11,0.27785,277.84999999999997,Budongo (Sonso),Sonso (Individual 56),0.443794985083831,66.57896420345413,short,0.0,1737.0,2019.0,03,31
33,Eastern,Budongo,Sonso,Individual 56,31.03.19,2.22895,13,With,Climax,Climax,2,2,Traveling,Traveling,Traveling,12,0.244231,244.231,Budongo (Sonso),Sonso (Individual 56),0.443794985083831,66.57896420345413,short,0.0,1737.0,2019.0,03,31
43,Eastern,Budongo,Sonso,Individual 55,16.04.19,1.11407,4,With,Roar,Climax,1,2,Resting,Resting,Resting,1,0.167692,167.692,Budongo (Sonso),Sonso (Individual 55),0.9614517482254707,152.344502399918,short,1.3082708345352603,1721.0,2019.0,04,16
43,Eastern,Budongo,Sonso,Individual 55,16.04.19,1.11407,4,With,Roar,Climax,1,2,Resting,Resting,Resting,2,0.873327,873.327,Budongo (Sonso),Sonso (Individual 55),0.9614517482254707,152.344502399918,medium,1.3082708345352603,1721.0,2019.0,04,16
43,Eastern,Budongo,Sonso,Individual 55,16.04.19,1.11407,4,With,Roar,Climax,1,2,Resting,Resting,Resting,3,0.073054,73.05399999999999,Budongo (Sonso),Sonso (Individual 55),0.9614517482254707,152.344502399918,short,1.3082708345352603,1721.0,2019.0,04,16
44,Eastern,Budongo,Sonso,Individual 58,07.06.19,0.84676,4,With,Climax,Let-Down,2,3,Traveling,Traveling,Traveling,1,0.097129,97.12899999999999,Budongo (Sonso),Sonso (Individual 58),0.9235907877261113,147.69509622212917,short,1.3082708345352603,1669.0,2019.0,06,07
44,Eastern,Budongo,Sonso,Individual 58,07.06.19,0.84676,4,With,Climax,Let-Down,2,3,Traveling,Traveling,Traveling,2,0.650921,650.9209999999999,Budongo (Sonso),Sonso (Individual 58),0.9235907877261113,147.69509622212917,long,1.3082708345352603,1669.0,2019.0,06,07
44,Eastern,Budongo,Sonso,Individual 58,07.06.19,0.84676,4,With,Climax,Let-Down,2,3,Traveling,Traveling,Traveling,3,0.098713,98.713,Budongo (Sonso),Sonso (Individual 58),0.9235907877261113,147.69509622212917,short,1.3082708345352603,1669.0,2019.0,06,07
49,Eastern,Budongo,Sonso,Individual 58,07.06.19,0.78367,3,With,Pause,Climax,1,2,Traveling,Traveling,Traveling,1,0.089657,89.657,Budongo (Sonso),Sonso (Individual 58),0.7711868516084577,154.23737032169151,short,1.0,1669.0,2019.0,06,07
49,Eastern,Budongo,Sonso,Individual 58,07.06.19,0.78367,3,With,Pause,Climax,1,2,Traveling,Traveling,Traveling,2,0.694013,694.013,Budongo (Sonso),Sonso (Individual 58),0.7711868516084577,154.23737032169151,long,1.0,1669.0,2019.0,06,07
50,Eastern,Budongo,Sonso,Individual 56,26.06.19,0.42836,4,With,Let-Down,Let-Down,3,3,Traveling,Resting,Traveling,1,0.087167,87.167,Budongo (Sonso),Sonso (Individual 56),0.67796592894896,115.88433862202882,short,0.0,1650.0,2019.0,06,26
50,Eastern,Budongo,Sonso,Individual 56,26.06.19,0.42836,4,With,Let-Down,Let-Down,3,3,Traveling,Resting,Traveling,2,0.278933,278.933,Budongo (Sonso),Sonso (Individual 56),0.67796592894896,115.88433862202882,short,0.0,1650.0,2019.0,06,26
50,Eastern,Budongo,Sonso,Individual 56,26.06.19,0.42836,4,With,Let-Down,Let-Down,3,3,Traveling,Resting,Traveling,3,0.062262,62.262,Budongo (Sonso),Sonso (Individual 56),0.67796592894896,115.88433862202882,short,0.0,1650.0,2019.0,06,26
51,Eastern,Budongo,Sonso,Individual 48,14.07.19,1.74665,5,With,Build-Up,Build-Up,1,1,Traveling,Traveling,Traveling,1,0.082644,82.64399999999999,Budongo (Sonso),Sonso (Individual 48),0.9122690204044198,162.18473934243482,short,2.0,1632.0,2019.0,07,14
51,Eastern,Budongo,Sonso,Individual 48,14.07.19,1.74665,5,With,Build-Up,Build-Up,1,1,Traveling,Traveling,Traveling,2,0.571149,571.149,Budongo (Sonso),Sonso (Individual 48),0.9122690204044198,162.18473934243482,long,2.0,1632.0,2019.0,07,14
51,Eastern,Budongo,Sonso,Individual 48,14.07.19,1.74665,5,With,Build-Up,Build-Up,1,1,Traveling,Traveling,Traveling,3,0.063092,63.092,Budongo (Sonso),Sonso (Individual 48),0.9122690204044198,162.18473934243482,short,2.0,1632.0,2019.0,07,14
51,Eastern,Budongo,Sonso,Individual 48,14.07.19,1.74665,5,With,Build-Up,Build-Up,1,1,Traveling,Traveling,Traveling,4,1.029768,1029.768,Budongo (Sonso),Sonso (Individual 48),0.9122690204044198,162.18473934243482,long,2.0,1632.0,2019.0,07,14
52,Eastern,Budongo,Sonso,Individual 48,14.07.19,1.04419,6,With,Build-Up,Climax,1,2,Traveling,Resting,Traveling,1,0.101181,101.181,Budongo (Sonso),Sonso (Individual 48),0.588406813838475,81.988962127913,short,1.4945555226170317,1632.0,2019.0,07,14
52,Eastern,Budongo,Sonso,Individual 48,14.07.19,1.04419,6,With,Build-Up,Climax,1,2,Traveling,Resting,Traveling,2,0.210457,210.457,Budongo (Sonso),Sonso (Individual 48),0.588406813838475,81.988962127913,short,1.4945555226170317,1632.0,2019.0,07,14
52,Eastern,Budongo,Sonso,Individual 48,14.07.19,1.04419,6,With,Build-Up,Climax,1,2,Traveling,Resting,Traveling,3,0.437102,437.102,Budongo (Sonso),Sonso (Individual 48),0.588406813838475,81.988962127913,long,1.4945555226170317,1632.0,2019.0,07,14
52,Eastern,Budongo,Sonso,Individual 48,14.07.19,1.04419,6,With,Build-Up,Climax,1,2,Traveling,Resting,Traveling,4,0.101181,101.181,Budongo (Sonso),Sonso (Individual 48),0.588406813838475,81.988962127913,short,1.4945555226170317,1632.0,2019.0,07,14
52,Eastern,Budongo,Sonso,Individual 48,14.07.19,1.04419,6,With,Build-Up,Climax,1,2,Traveling,Resting,Traveling,5,0.194268,194.268,Budongo (Sonso),Sonso (Individual 48),0.588406813838475,81.988962127913,short,1.4945555226170317,1632.0,2019.0,07,14
55,Eastern,Budongo,Sonso,Individual 58,22.07.19,0.92978,4,With,Build-Up,Build-Up,1,1,Traveling,Traveling,Traveling,1,0.081738,81.738,Budongo (Sonso),Sonso (Individual 58),0.9978447503926388,156.48216682013665,short,1.3082708345352603,1624.0,2019.0,07,22
55,Eastern,Budongo,Sonso,Individual 58,22.07.19,0.92978,4,With,Build-Up,Build-Up,1,1,Traveling,Traveling,Traveling,2,0.747143,747.143,Budongo (Sonso),Sonso (Individual 58),0.9978447503926388,156.48216682013665,long,1.3082708345352603,1624.0,2019.0,07,22
55,Eastern,Budongo,Sonso,Individual 58,22.07.19,0.92978,4,With,Build-Up,Build-Up,1,1,Traveling,Traveling,Traveling,3,0.100897,100.897,Budongo (Sonso),Sonso (Individual 58),0.9978447503926388,156.48216682013665,short,1.3082708345352603,1624.0,2019.0,07,22
56,Eastern,Budongo,Sonso,Individual 58,22.07.19,0.93891,4,With,Build-Up,Roar,1,1,Traveling,Traveling,Traveling,1,0.10709,107.09,Budongo (Sonso),Sonso (Individual 58),1.0081839795331529,157.69887773568314,short,1.3082708345352603,1624.0,2019.0,07,22
56,Eastern,Budongo,Sonso,Individual 58,22.07.19,0.93891,4,With,Build-Up,Roar,1,1,Traveling,Traveling,Traveling,2,0.758765,758.765,Budongo (Sonso),Sonso (Individual 58),1.0081839795331529,157.69887773568314,long,1.3082708345352603,1624.0,2019.0,07,22
56,Eastern,Budongo,Sonso,Individual 58,22.07.19,0.93891,4,With,Build-Up,Roar,1,1,Traveling,Traveling,Traveling,3,0.073054,73.05399999999999,Budongo (Sonso),Sonso (Individual 58),1.0081839795331529,157.69887773568314,short,1.3082708345352603,1624.0,2019.0,07,22
59,Eastern,Budongo,Sonso,Individual 47,27.07.19,0.97627,5,With,Roar,Unk,1,0,Traveling,Resting,Traveling,1,0.442772,442.772,Budongo (Sonso),Sonso (Individual 47),0.5662188859857761,57.09792689160161,long,1.4338343733773984,1619.0,2019.0,07,27
59,Eastern,Budongo,Sonso,Individual 47,27.07.19,0.97627,5,With,Roar,Unk,1,0,Traveling,Resting,Traveling,2,0.292216,292.21599999999995,Budongo (Sonso),Sonso (Individual 47),0.5662188859857761,57.09792689160161,short,1.4338343733773984,1619.0,2019.0,07,27
59,Eastern,Budongo,Sonso,Individual 47,27.07.19,0.97627,5,With,Roar,Unk,1,0,Traveling,Resting,Traveling,3,0.166032,166.032,Budongo (Sonso),Sonso (Individual 47),0.5662188859857761,57.09792689160161,short,1.4338343733773984,1619.0,2019.0,07,27
59,Eastern,Budongo,Sonso,Individual 47,27.07.19,0.97627,5,With,Roar,Unk,1,0,Traveling,Resting,Traveling,4,0.075247,75.247,Budongo (Sonso),Sonso (Individual 47),0.5662188859857761,57.09792689160161,short,1.4338343733773984,1619.0,2019.0,07,27
60,Eastern,Budongo,Sonso,Individual 47,27.07.19,1.12071,5,With,Build-Up,Let-Down,1,3,Resting,Resting,Resting,1,0.028225,28.225,Budongo (Sonso),Sonso (Individual 47),1.056555944134687,145.50177417106167,short,1.4338343733773984,1619.0,2019.0,07,27
60,Eastern,Budongo,Sonso,Individual 47,27.07.19,1.12071,5,With,Build-Up,Let-Down,1,3,Resting,Resting,Resting,2,0.777029,777.029,Budongo (Sonso),Sonso (Individual 47),1.056555944134687,145.50177417106167,long,1.4338343733773984,1619.0,2019.0,07,27
60,Eastern,Budongo,Sonso,Individual 47,27.07.19,1.12071,5,With,Build-Up,Let-Down,1,3,Resting,Resting,Resting,3,0.086337,86.337,Budongo (Sonso),Sonso (Individual 47),1.056555944134687,145.50177417106167,short,1.4338343733773984,1619.0,2019.0,07,27
60,Eastern,Budongo,Sonso,Individual 47,27.07.19,1.12071,5,With,Build-Up,Let-Down,1,3,Resting,Resting,Resting,4,0.229124,229.124,Budongo (Sonso),Sonso (Individual 47),1.056555944134687,145.50177417106167,short,1.4338343733773984,1619.0,2019.0,07,27
69,Eastern,Budongo,Sonso,Individual 47,13.10.18,1.65469,7,With,Roar,Let-Down,1,3,Traveling,Resting,Traveling,1,0.060781,60.781,Budongo (Sonso),Sonso (Individual 47),0.7764329729681323,125.38239345507256,short,2.6165416690705205,1906.0,2018.0,10,13
69,Eastern,Budongo,Sonso,Individual 47,13.10.18,1.65469,7,With,Roar,Let-Down,1,3,Traveling,Resting,Traveling,2,0.332064,332.064,Budongo (Sonso),Sonso (Individual 47),0.7764329729681323,125.38239345507256,short,2.6165416690705205,1906.0,2018.0,10,13
69,Eastern,Budongo,Sonso,Individual 47,13.10.18,1.65469,7,With,Roar,Let-Down,1,3,Traveling,Resting,Traveling,3,0.6276,627.6,Budongo (Sonso),Sonso (Individual 47),0.7764329729681323,125.38239345507256,long,2.6165416690705205,1906.0,2018.0,10,13
69,Eastern,Budongo,Sonso,Individual 47,13.10.18,1.65469,7,With,Roar,Let-Down,1,3,Traveling,Resting,Traveling,4,0.073054,73.05399999999999,Budongo (Sonso),Sonso (Individual 47),0.7764329729681323,125.38239345507256,short,2.6165416690705205,1906.0,2018.0,10,13
69,Eastern,Budongo,Sonso,Individual 47,13.10.18,1.65469,7,With,Roar,Let-Down,1,3,Traveling,Resting,Traveling,5,0.454927,454.927,Budongo (Sonso),Sonso (Individual 47),0.7764329729681323,125.38239345507256,long,2.6165416690705205,1906.0,2018.0,10,13
69,Eastern,Budongo,Sonso,Individual 47,13.10.18,1.65469,7,With,Roar,Let-Down,1,3,Traveling,Resting,Traveling,6,0.10626,106.25999999999999,Budongo (Sonso),Sonso (Individual 47),0.7764329729681323,125.38239345507256,short,2.6165416690705205,1906.0,2018.0,10,13
72,Eastern,Budongo,Sonso,Individual 56,31.10.18,1.59557,12,With,Climax,Let-Down,2,3,Traveling,Traveling,Traveling,1,0.158818,158.81799999999998,Budongo (Sonso),Sonso (Individual 56),0.37319252829097993,62.83052389902396,short,0.0,1888.0,2018.0,10,31
72,Eastern,Budongo,Sonso,Individual 56,31.10.18,1.59557,12,With,Climax,Let-Down,2,3,Traveling,Traveling,Traveling,2,0.129505,129.505,Budongo (Sonso),Sonso (Individual 56),0.37319252829097993,62.83052389902396,short,0.0,1888.0,2018.0,10,31
72,Eastern,Budongo,Sonso,Individual 56,31.10.18,1.59557,12,With,Climax,Let-Down,2,3,Traveling,Traveling,Traveling,3,0.162711,162.71099999999998,Budongo (Sonso),Sonso (Individual 56),0.37319252829097993,62.83052389902396,short,0.0,1888.0,2018.0,10,31
72,Eastern,Budongo,Sonso,Individual 56,31.10.18,1.59557,12,With,Climax,Let-Down,2,3,Traveling,Traveling,Traveling,4,0.066413,66.413,Budongo (Sonso),Sonso (Individual 56),0.37319252829097993,62.83052389902396,short,0.0,1888.0,2018.0,10,31
72,Eastern,Budongo,Sonso,Individual 56,31.10.18,1.59557,12,With,Climax,Let-Down,2,3,Traveling,Traveling,Traveling,5,0.149429,149.429,Budongo (Sonso),Sonso (Individual 56),0.37319252829097993,62.83052389902396,short,0.0,1888.0,2018.0,10,31
72,Eastern,Budongo,Sonso,Individual 56,31.10.18,1.59557,12,With,Climax,Let-Down,2,3,Traveling,Traveling,Traveling,6,0.10626,106.25999999999999,Budongo (Sonso),Sonso (Individual 56),0.37319252829097993,62.83052389902396,short,0.0,1888.0,2018.0,10,31
72,Eastern,Budongo,Sonso,Individual 56,31.10.18,1.59557,12,With,Climax,Let-Down,2,3,Traveling,Traveling,Traveling,7,0.259001,259.001,Budongo (Sonso),Sonso (Individual 56),0.37319252829097993,62.83052389902396,short,0.0,1888.0,2018.0,10,31
72,Eastern,Budongo,Sonso,Individual 56,31.10.18,1.59557,12,With,Climax,Let-Down,2,3,Traveling,Traveling,Traveling,8,0.086337,86.337,Budongo (Sonso),Sonso (Individual 56),0.37319252829097993,62.83052389902396,short,0.0,1888.0,2018.0,10,31
72,Eastern,Budongo,Sonso,Individual 56,31.10.18,1.59557,12,With,Climax,Let-Down,2,3,Traveling,Traveling,Traveling,9,0.215841,215.841,Budongo (Sonso),Sonso (Individual 56),0.37319252829097993,62.83052389902396,short,0.0,1888.0,2018.0,10,31
72,Eastern,Budongo,Sonso,Individual 56,31.10.18,1.59557,12,With,Climax,Let-Down,2,3,Traveling,Traveling,Traveling,10,0.099619,99.619,Budongo (Sonso),Sonso (Individual 56),0.37319252829097993,62.83052389902396,short,0.0,1888.0,2018.0,10,31
72,Eastern,Budongo,Sonso,Individual 56,31.10.18,1.59557,12,With,Climax,Let-Down,2,3,Traveling,Traveling,Traveling,11,0.161623,161.623,Budongo (Sonso),Sonso (Individual 56),0.37319252829097993,62.83052389902396,short,0.0,1888.0,2018.0,10,31
73,Eastern,Budongo,Sonso,Individual 49,31.10.18,0.38519,3,With,Build-Up,Build-Up,1,1,Traveling,Traveling,Traveling,1,0.20754,207.54,Budongo (Sonso),Sonso (Individual 49),0.07758687830028504,15.51737566005701,short,0.0,1888.0,2018.0,10,31
73,Eastern,Budongo,Sonso,Individual 49,31.10.18,0.38519,3,With,Build-Up,Build-Up,1,1,Traveling,Traveling,Traveling,2,0.177654,177.654,Budongo (Sonso),Sonso (Individual 49),0.07758687830028504,15.51737566005701,short,0.0,1888.0,2018.0,10,31
76,Eastern,Budongo,Sonso,Individual 60,01.12.18,2.5901,15,With,Build-Up,Let-Down,1,3,Traveling,Traveling,Traveling,1,0.081623,81.623,Budongo (Sonso),Sonso (Individual 60),1.0186378491774615,74.65788615960747,short,3.0895663114770664,1857.0,2018.0,12,01
76,Eastern,Budongo,Sonso,Individual 60,01.12.18,2.5901,15,With,Build-Up,Let-Down,1,3,Traveling,Traveling,Traveling,2,0.132825,132.825,Budongo (Sonso),Sonso (Individual 60),1.0186378491774615,74.65788615960747,short,3.0895663114770664,1857.0,2018.0,12,01
76,Eastern,Budongo,Sonso,Individual 60,01.12.18,2.5901,15,With,Build-Up,Let-Down,1,3,Traveling,Traveling,Traveling,3,0.119543,119.54299999999999,Budongo (Sonso),Sonso (Individual 60),1.0186378491774615,74.65788615960747,short,3.0895663114770664,1857.0,2018.0,12,01
76,Eastern,Budongo,Sonso,Individual 60,01.12.18,2.5901,15,With,Build-Up,Let-Down,1,3,Traveling,Traveling,Traveling,4,0.534622,534.6220000000001,Budongo (Sonso),Sonso (Individual 60),1.0186378491774615,74.65788615960747,long,3.0895663114770664,1857.0,2018.0,12,01
76,Eastern,Budongo,Sonso,Individual 60,01.12.18,2.5901,15,With,Build-Up,Let-Down,1,3,Traveling,Traveling,Traveling,5,0.086337,86.337,Budongo (Sonso),Sonso (Individual 60),1.0186378491774615,74.65788615960747,short,3.0895663114770664,1857.0,2018.0,12,01
76,Eastern,Budongo,Sonso,Individual 60,01.12.18,2.5901,15,With,Build-Up,Let-Down,1,3,Traveling,Traveling,Traveling,6,0.096298,96.298,Budongo (Sonso),Sonso (Individual 60),1.0186378491774615,74.65788615960747,short,3.0895663114770664,1857.0,2018.0,12,01
76,Eastern,Budongo,Sonso,Individual 60,01.12.18,2.5901,15,With,Build-Up,Let-Down,1,3,Traveling,Traveling,Traveling,7,0.146108,146.10799999999998,Budongo (Sonso),Sonso (Individual 60),1.0186378491774615,74.65788615960747,short,3.0895663114770664,1857.0,2018.0,12,01
76,Eastern,Budongo,Sonso,Individual 60,01.12.18,2.5901,15,With,Build-Up,Let-Down,1,3,Traveling,Traveling,Traveling,8,0.063092,63.092,Budongo (Sonso),Sonso (Individual 60),1.0186378491774615,74.65788615960747,short,3.0895663114770664,1857.0,2018.0,12,01
76,Eastern,Budongo,Sonso,Individual 60,01.12.18,2.5901,15,With,Build-Up,Let-Down,1,3,Traveling,Traveling,Traveling,9,0.711993,711.9929999999999,Budongo (Sonso),Sonso (Individual 60),1.0186378491774615,74.65788615960747,long,3.0895663114770664,1857.0,2018.0,12,01
76,Eastern,Budongo,Sonso,Individual 60,01.12.18,2.5901,15,With,Build-Up,Let-Down,1,3,Traveling,Traveling,Traveling,10,0.249048,249.048,Budongo (Sonso),Sonso (Individual 60),1.0186378491774615,74.65788615960747,short,3.0895663114770664,1857.0,2018.0,12,01
76,Eastern,Budongo,Sonso,Individual 60,01.12.18,2.5901,15,With,Build-Up,Let-Down,1,3,Traveling,Traveling,Traveling,11,0.10294,102.94,Budongo (Sonso),Sonso (Individual 60),1.0186378491774615,74.65788615960747,short,3.0895663114770664,1857.0,2018.0,12,01
76,Eastern,Budongo,Sonso,Individual 60,01.12.18,2.5901,15,With,Build-Up,Let-Down,1,3,Traveling,Traveling,Traveling,12,0.056451,56.451,Budongo (Sonso),Sonso (Individual 60),1.0186378491774615,74.65788615960747,short,3.0895663114770664,1857.0,2018.0,12,01
76,Eastern,Budongo,Sonso,Individual 60,01.12.18,2.5901,15,With,Build-Up,Let-Down,1,3,Traveling,Traveling,Traveling,13,0.05313,53.129999999999995,Budongo (Sonso),Sonso (Individual 60),1.0186378491774615,74.65788615960747,short,3.0895663114770664,1857.0,2018.0,12,01
76,Eastern,Budongo,Sonso,Individual 60,01.12.18,2.5901,15,With,Build-Up,Let-Down,1,3,Traveling,Traveling,Traveling,14,0.156086,156.086,Budongo (Sonso),Sonso (Individual 60),1.0186378491774615,74.65788615960747,short,3.0895663114770664,1857.0,2018.0,12,01
92,Eastern,Budongo,Sonso,Individual 60,16.06.19,0.38851,3,With,Build-Up,Build-Up,1,1,Traveling,Traveling,Traveling,1,0.182635,182.635,Budongo (Sonso),Sonso (Individual 60),0.05982795986759815,11.965591973519631,short,0.0,1660.0,2019.0,06,16
92,Eastern,Budongo,Sonso,Individual 60,16.06.19,0.38851,3,With,Build-Up,Build-Up,1,1,Traveling,Traveling,Traveling,2,0.205879,205.87900000000002,Budongo (Sonso),Sonso (Individual 60),0.05982795986759815,11.965591973519631,short,0.0,1660.0,2019.0,06,16
94,Eastern,Budongo,Sonso,Individual 49,18.06.19,0.48184,4,With,Build-Up,Build-Up,1,1,Traveling,Traveling,Traveling,1,0.202902,202.902,Budongo (Sonso),Sonso (Individual 49),0.2044233061266367,36.473777539602125,short,0.0,1658.0,2019.0,06,18
94,Eastern,Budongo,Sonso,Individual 49,18.06.19,0.48184,4,With,Build-Up,Build-Up,1,1,Traveling,Traveling,Traveling,2,0.122864,122.864,Budongo (Sonso),Sonso (Individual 49),0.2044233061266367,36.473777539602125,short,0.0,1658.0,2019.0,06,18
94,Eastern,Budongo,Sonso,Individual 49,18.06.19,0.48184,4,With,Build-Up,Build-Up,1,1,Traveling,Traveling,Traveling,3,0.15607,156.07,Budongo (Sonso),Sonso (Individual 49),0.2044233061266367,36.473777539602125,short,0.0,1658.0,2019.0,06,18
102,Eastern,Budongo,Sonso,Individual 49,02.07.19,1.82465,6,With,Build-Up,Let-Down,1,3,Traveling,Traveling,Traveling,1,0.114517,114.517,Budongo (Sonso),Sonso (Individual 49),1.2610555444429583,106.99826276571301,short,1.4945555226170317,1644.0,2019.0,07,02
102,Eastern,Budongo,Sonso,Individual 49,02.07.19,1.82465,6,With,Build-Up,Let-Down,1,3,Traveling,Traveling,Traveling,2,0.166032,166.032,Budongo (Sonso),Sonso (Individual 49),1.2610555444429583,106.99826276571301,short,1.4945555226170317,1644.0,2019.0,07,02
102,Eastern,Budongo,Sonso,Individual 49,02.07.19,1.82465,6,With,Build-Up,Let-Down,1,3,Traveling,Traveling,Traveling,3,1.281765,1281.765,Budongo (Sonso),Sonso (Individual 49),1.2610555444429583,106.99826276571301,long,1.4945555226170317,1644.0,2019.0,07,02
102,Eastern,Budongo,Sonso,Individual 49,02.07.19,1.82465,6,With,Build-Up,Let-Down,1,3,Traveling,Traveling,Traveling,4,0.189276,189.276,Budongo (Sonso),Sonso (Individual 49),1.2610555444429583,106.99826276571301,short,1.4945555226170317,1644.0,2019.0,07,02
102,Eastern,Budongo,Sonso,Individual 49,02.07.19,1.82465,6,With,Build-Up,Let-Down,1,3,Traveling,Traveling,Traveling,5,0.073054,73.05399999999999,Budongo (Sonso),Sonso (Individual 49),1.2610555444429583,106.99826276571301,short,1.4945555226170317,1644.0,2019.0,07,02
106,Eastern,Budongo,Sonso,Individual 49,04.07.19,0.91982,6,With,Build-Up,Climax,1,2,Traveling,Resting,Traveling,1,0.132825,132.825,Budongo (Sonso),Sonso (Individual 49),0.6911831312104718,62.520574171861256,short,0.0,1642.0,2019.0,07,04
106,Eastern,Budongo,Sonso,Individual 49,04.07.19,0.91982,6,With,Build-Up,Climax,1,2,Traveling,Resting,Traveling,2,0.099619,99.619,Budongo (Sonso),Sonso (Individual 49),0.6911831312104718,62.520574171861256,short,0.0,1642.0,2019.0,07,04
106,Eastern,Budongo,Sonso,Individual 49,04.07.19,0.91982,6,With,Build-Up,Climax,1,2,Traveling,Resting,Traveling,3,0.099619,99.619,Budongo (Sonso),Sonso (Individual 49),0.6911831312104718,62.520574171861256,short,0.0,1642.0,2019.0,07,04
106,Eastern,Budongo,Sonso,Individual 49,04.07.19,0.91982,6,With,Build-Up,Climax,1,2,Traveling,Resting,Traveling,4,0.435003,435.003,Budongo (Sonso),Sonso (Individual 49),0.6911831312104718,62.520574171861256,short,0.0,1642.0,2019.0,07,04
106,Eastern,Budongo,Sonso,Individual 49,04.07.19,0.91982,6,With,Build-Up,Climax,1,2,Traveling,Resting,Traveling,5,0.152749,152.749,Budongo (Sonso),Sonso (Individual 49),0.6911831312104718,62.520574171861256,short,0.0,1642.0,2019.0,07,04
107,Eastern,Budongo,Sonso,Individual 49,04.07.19,0.97209,6,With,Build-Up,Climax,1,2,Resting,Resting,Resting,1,0.112041,112.041,Budongo (Sonso),Sonso (Individual 49),0.800683787795438,83.33926229120051,short,0.0,1642.0,2019.0,07,04
107,Eastern,Budongo,Sonso,Individual 49,04.07.19,0.97209,6,With,Build-Up,Climax,1,2,Resting,Resting,Resting,2,0.073054,73.05399999999999,Budongo (Sonso),Sonso (Individual 49),0.800683787795438,83.33926229120051,short,0.0,1642.0,2019.0,07,04
107,Eastern,Budongo,Sonso,Individual 49,04.07.19,0.97209,6,With,Build-Up,Climax,1,2,Resting,Resting,Resting,3,0.498095,498.095,Budongo (Sonso),Sonso (Individual 49),0.800683787795438,83.33926229120051,short,0.0,1642.0,2019.0,07,04
107,Eastern,Budongo,Sonso,Individual 49,04.07.19,0.97209,6,With,Build-Up,Climax,1,2,Resting,Resting,Resting,4,0.179314,179.314,Budongo (Sonso),Sonso (Individual 49),0.800683787795438,83.33926229120051,short,0.0,1642.0,2019.0,07,04
107,Eastern,Budongo,Sonso,Individual 49,04.07.19,0.97209,6,With,Build-Up,Climax,1,2,Resting,Resting,Resting,5,0.109581,109.581,Budongo (Sonso),Sonso (Individual 49),0.800683787795438,83.33926229120051,short,0.0,1642.0,2019.0,07,04
118,Eastern,Budongo,Sonso,Individual 49,27.07.19,1.1257,8,With,Build-Up,Climax,1,2,Resting,Resting,Resting,1,0.136146,136.146,Budongo (Sonso),Sonso (Individual 49),0.5010587931673737,59.19238798624447,short,0.0,1619.0,2019.0,07,27
118,Eastern,Budongo,Sonso,Individual 49,27.07.19,1.1257,8,With,Build-Up,Climax,1,2,Resting,Resting,Resting,2,0.092978,92.97800000000001,Budongo (Sonso),Sonso (Individual 49),0.5010587931673737,59.19238798624447,short,0.0,1619.0,2019.0,07,27
118,Eastern,Budongo,Sonso,Individual 49,27.07.19,1.1257,8,With,Build-Up,Climax,1,2,Resting,Resting,Resting,3,0.215841,215.841,Budongo (Sonso),Sonso (Individual 49),0.5010587931673737,59.19238798624447,short,0.0,1619.0,2019.0,07,27
118,Eastern,Budongo,Sonso,Individual 49,27.07.19,1.1257,8,With,Build-Up,Climax,1,2,Resting,Resting,Resting,4,0.132825,132.825,Budongo (Sonso),Sonso (Individual 49),0.5010587931673737,59.19238798624447,short,0.0,1619.0,2019.0,07,27
118,Eastern,Budongo,Sonso,Individual 49,27.07.19,1.1257,8,With,Build-Up,Climax,1,2,Resting,Resting,Resting,5,0.335384,335.384,Budongo (Sonso),Sonso (Individual 49),0.5010587931673737,59.19238798624447,short,0.0,1619.0,2019.0,07,27
118,Eastern,Budongo,Sonso,Individual 49,27.07.19,1.1257,8,With,Build-Up,Climax,1,2,Resting,Resting,Resting,6,0.10626,106.25999999999999,Budongo (Sonso),Sonso (Individual 49),0.5010587931673737,59.19238798624447,short,0.0,1619.0,2019.0,07,27
118,Eastern,Budongo,Sonso,Individual 49,27.07.19,1.1257,8,With,Build-Up,Climax,1,2,Resting,Resting,Resting,7,0.10626,106.25999999999999,Budongo (Sonso),Sonso (Individual 49),0.5010587931673737,59.19238798624447,short,0.0,1619.0,2019.0,07,27
119,Eastern,Budongo,Sonso,Individual 47,27.07.19,1.07589,4,With,Build-Up,Build-Up,1,1,Traveling,Resting,Traveling,1,0.059771,59.771,Budongo (Sonso),Sonso (Individual 47),1.1265389611476224,170.92599822912499,short,1.3082708345352603,1619.0,2019.0,07,27
119,Eastern,Budongo,Sonso,Individual 47,27.07.19,1.07589,4,With,Build-Up,Build-Up,1,1,Traveling,Resting,Traveling,2,0.929778,929.778,Budongo (Sonso),Sonso (Individual 47),1.1265389611476224,170.92599822912499,long,1.3082708345352603,1619.0,2019.0,07,27
119,Eastern,Budongo,Sonso,Individual 47,27.07.19,1.07589,4,With,Build-Up,Build-Up,1,1,Traveling,Resting,Traveling,3,0.086337,86.337,Budongo (Sonso),Sonso (Individual 47),1.1265389611476224,170.92599822912499,short,1.3082708345352603,1619.0,2019.0,07,27
128,Eastern,Budongo,Sonso,Individual 48,06.03.19,0.80822,3,With,Build-Up,Build-Up,1,1,Traveling,Traveling,Traveling,1,0.087646,87.646,Budongo (Sonso),Sonso (Individual 48),0.7831145820960526,156.62291641921053,short,1.0,1762.0,2019.0,03,06
128,Eastern,Budongo,Sonso,Individual 48,06.03.19,0.80822,3,With,Build-Up,Build-Up,1,1,Traveling,Traveling,Traveling,2,0.720578,720.5780000000001,Budongo (Sonso),Sonso (Individual 48),0.7831145820960526,156.62291641921053,long,1.0,1762.0,2019.0,03,06
129,Eastern,Budongo,Sonso,Individual 55,06.12.19,0.27229,3,With,Climax,Climax,2,2,Traveling,Traveling,Traveling,1,0.182635,182.635,Budongo (Sonso),Sonso (Individual 55),0.34146431037268815,68.29286207453762,short,0.0,1487.0,2019.0,12,06
129,Eastern,Budongo,Sonso,Individual 55,06.12.19,0.27229,3,With,Climax,Climax,2,2,Traveling,Traveling,Traveling,2,0.089657,89.657,Budongo (Sonso),Sonso (Individual 55),0.34146431037268815,68.29286207453762,short,0.0,1487.0,2019.0,12,06
130,Eastern,Budongo,Sonso,Individual 60,06.12.19,0.73718,5,With,Climax,Climax,2,2,Traveling,Traveling,Traveling,1,0.083016,83.016,Budongo (Sonso),Sonso (Individual 60),0.39526797755065973,55.56940123417424,short,0.0,1487.0,2019.0,12,06
130,Eastern,Budongo,Sonso,Individual 60,06.12.19,0.73718,5,With,Climax,Climax,2,2,Traveling,Traveling,Traveling,2,0.185956,185.95600000000002,Budongo (Sonso),Sonso (Individual 60),0.39526797755065973,55.56940123417424,short,0.0,1487.0,2019.0,12,06
130,Eastern,Budongo,Sonso,Individual 60,06.12.19,0.73718,5,With,Climax,Climax,2,2,Traveling,Traveling,Traveling,3,0.288895,288.89500000000004,Budongo (Sonso),Sonso (Individual 60),0.39526797755065973,55.56940123417424,short,0.0,1487.0,2019.0,12,06
130,Eastern,Budongo,Sonso,Individual 60,06.12.19,0.73718,5,With,Climax,Climax,2,2,Traveling,Traveling,Traveling,4,0.179314,179.314,Budongo (Sonso),Sonso (Individual 60),0.39526797755065973,55.56940123417424,short,0.0,1487.0,2019.0,12,06
131,Eastern,Budongo,Sonso,Individual 60,06.12.19,0.48149,5,With,Build-Up,Climax,1,2,Traveling,Resting,Traveling,1,0.096298,96.298,Budongo (Sonso),Sonso (Individual 60),0.129943058659376,15.885304420975086,short,0.0,1487.0,2019.0,12,06
131,Eastern,Budongo,Sonso,Individual 60,06.12.19,0.48149,5,With,Build-Up,Climax,1,2,Traveling,Resting,Traveling,2,0.126184,126.184,Budongo (Sonso),Sonso (Individual 60),0.129943058659376,15.885304420975086,short,0.0,1487.0,2019.0,12,06
131,Eastern,Budongo,Sonso,Individual 60,06.12.19,0.48149,5,With,Build-Up,Climax,1,2,Traveling,Resting,Traveling,3,0.119543,119.54299999999999,Budongo (Sonso),Sonso (Individual 60),0.129943058659376,15.885304420975086,short,0.0,1487.0,2019.0,12,06
131,Eastern,Budongo,Sonso,Individual 60,06.12.19,0.48149,5,With,Build-Up,Climax,1,2,Traveling,Resting,Traveling,4,0.139467,139.467,Budongo (Sonso),Sonso (Individual 60),0.129943058659376,15.885304420975086,short,0.0,1487.0,2019.0,12,06
132,Eastern,Budongo,Sonso,Individual 57,06.12.19,1.38706,5,With,Unk,Unk,0,0,Resting,Resting,Resting,1,0.1551,155.1,Budongo (Sonso),Sonso (Individual 57),0.6705072317124963,117.16852328388426,medium,1.4338343733773984,1487.0,2019.0,12,06
132,Eastern,Budongo,Sonso,Individual 57,06.12.19,1.38706,5,With,Unk,Unk,0,0,Resting,Resting,Resting,2,0.717257,717.2570000000001,Budongo (Sonso),Sonso (Individual 57),0.6705072317124963,117.16852328388426,long,1.4338343733773984,1487.0,2019.0,12,06
132,Eastern,Budongo,Sonso,Individual 57,06.12.19,1.38706,5,With,Unk,Unk,0,0,Resting,Resting,Resting,3,0.142787,142.787,Budongo (Sonso),Sonso (Individual 57),0.6705072317124963,117.16852328388426,medium,1.4338343733773984,1487.0,2019.0,12,06
132,Eastern,Budongo,Sonso,Individual 57,06.12.19,1.38706,5,With,Unk,Unk,0,0,Resting,Resting,Resting,4,0.371911,371.911,Budongo (Sonso),Sonso (Individual 57),0.6705072317124963,117.16852328388426,medium,1.4338343733773984,1487.0,2019.0,12,06
135,Eastern,Budongo,Sonso,Individual 56,21.11.19,2.38422,8,With,Build-Up,Build-Up,1,1,Traveling,Traveling,Traveling,1,0.245727,245.727,Budongo (Sonso),Sonso (Individual 56),0.4581984129258362,59.32855140134792,short,1.544783155738533,1502.0,2019.0,11,21
135,Eastern,Budongo,Sonso,Individual 56,21.11.19,2.38422,8,With,Build-Up,Build-Up,1,1,Traveling,Traveling,Traveling,2,0.292216,292.21599999999995,Budongo (Sonso),Sonso (Individual 56),0.4581984129258362,59.32855140134792,short,1.544783155738533,1502.0,2019.0,11,21
135,Eastern,Budongo,Sonso,Individual 56,21.11.19,2.38422,8,With,Build-Up,Build-Up,1,1,Traveling,Traveling,Traveling,3,0.67741,677.41,Budongo (Sonso),Sonso (Individual 56),0.4581984129258362,59.32855140134792,long,1.544783155738533,1502.0,2019.0,11,21
135,Eastern,Budongo,Sonso,Individual 56,21.11.19,2.38422,8,With,Build-Up,Build-Up,1,1,Traveling,Traveling,Traveling,4,0.172673,172.673,Budongo (Sonso),Sonso (Individual 56),0.4581984129258362,59.32855140134792,short,1.544783155738533,1502.0,2019.0,11,21
135,Eastern,Budongo,Sonso,Individual 56,21.11.19,2.38422,8,With,Build-Up,Build-Up,1,1,Traveling,Traveling,Traveling,5,0.292216,292.21599999999995,Budongo (Sonso),Sonso (Individual 56),0.4581984129258362,59.32855140134792,short,1.544783155738533,1502.0,2019.0,11,21
135,Eastern,Budongo,Sonso,Individual 56,21.11.19,2.38422,8,With,Build-Up,Build-Up,1,1,Traveling,Traveling,Traveling,6,0.438324,438.324,Budongo (Sonso),Sonso (Individual 56),0.4581984129258362,59.32855140134792,short,1.544783155738533,1502.0,2019.0,11,21
135,Eastern,Budongo,Sonso,Individual 56,21.11.19,2.38422,8,With,Build-Up,Build-Up,1,1,Traveling,Traveling,Traveling,7,0.265651,265.651,Budongo (Sonso),Sonso (Individual 56),0.4581984129258362,59.32855140134792,short,1.544783155738533,1502.0,2019.0,11,21
139,Eastern,Budongo,Sonso,Individual 57,09.12.19,2.47885,6,With,Build-Up,Build-Up,1,1,Resting,Resting,Resting,1,0.064752,64.75200000000001,Budongo (Sonso),Sonso (Individual 57),1.1365206338842715,171.8495235002283,medium,2.255309307454116,1484.0,2019.0,12,09
139,Eastern,Budongo,Sonso,Individual 57,09.12.19,2.47885,6,With,Build-Up,Build-Up,1,1,Resting,Resting,Resting,2,0.737181,737.1809999999999,Budongo (Sonso),Sonso (Individual 57),1.1365206338842715,171.8495235002283,long,2.255309307454116,1484.0,2019.0,12,09
139,Eastern,Budongo,Sonso,Individual 57,09.12.19,2.47885,6,With,Build-Up,Build-Up,1,1,Resting,Resting,Resting,3,0.073054,73.05399999999999,Budongo (Sonso),Sonso (Individual 57),1.1365206338842715,171.8495235002283,medium,2.255309307454116,1484.0,2019.0,12,09
139,Eastern,Budongo,Sonso,Individual 57,09.12.19,2.47885,6,With,Build-Up,Build-Up,1,1,Resting,Resting,Resting,4,1.500927,1500.927,Budongo (Sonso),Sonso (Individual 57),1.1365206338842715,171.8495235002283,short,2.255309307454116,1484.0,2019.0,12,09
139,Eastern,Budongo,Sonso,Individual 57,09.12.19,2.47885,6,With,Build-Up,Build-Up,1,1,Resting,Resting,Resting,5,0.10294,102.94,Budongo (Sonso),Sonso (Individual 57),1.1365206338842715,171.8495235002283,medium,2.255309307454116,1484.0,2019.0,12,09
140,Eastern,Budongo,Sonso,Individual 49,09.12.19,0.38851,3,With,Build-Up,Build-Up,1,1,Traveling,Traveling,Traveling,1,0.219162,219.162,Budongo (Sonso),Sonso (Individual 49),0.1282064481588823,25.64128963177646,short,0.0,1484.0,2019.0,12,09
140,Eastern,Budongo,Sonso,Individual 49,09.12.19,0.38851,3,With,Build-Up,Build-Up,1,1,Traveling,Traveling,Traveling,2,0.169352,169.352,Budongo (Sonso),Sonso (Individual 49),0.1282064481588823,25.64128963177646,short,0.0,1484.0,2019.0,12,09
141,Eastern,Budongo,Sonso,Individual 57,09.12.19,0.99685,4,With,Build-Up,Roar,1,1,Traveling,Resting,Traveling,1,0.046489,46.489000000000004,Budongo (Sonso),Sonso (Individual 57),1.1223111865007755,170.5148870318546,medium,1.3082708345352603,1484.0,2019.0,12,09
141,Eastern,Budongo,Sonso,Individual 57,09.12.19,0.99685,4,With,Build-Up,Roar,1,1,Traveling,Resting,Traveling,2,0.859044,859.044,Budongo (Sonso),Sonso (Individual 57),1.1223111865007755,170.5148870318546,long,1.3082708345352603,1484.0,2019.0,12,09
141,Eastern,Budongo,Sonso,Individual 57,09.12.19,0.99685,4,With,Build-Up,Roar,1,1,Traveling,Resting,Traveling,3,0.0913171,91.3171,Budongo (Sonso),Sonso (Individual 57),1.1223111865007755,170.5148870318546,medium,1.3082708345352603,1484.0,2019.0,12,09
144,Eastern,Budongo,Sonso,Individual 48,10.12.19,1.08585,4,With,Climax,Climax,2,2,Resting,Traveling,Traveling,1,0.109581,109.581,Budongo (Sonso),Sonso (Individual 48),1.0252271193443863,159.63269060615553,short,1.3082708345352603,1483.0,2019.0,12,10
144,Eastern,Budongo,Sonso,Individual 48,10.12.19,1.08585,4,With,Climax,Climax,2,2,Resting,Traveling,Traveling,2,0.88661,886.61,Budongo (Sonso),Sonso (Individual 48),1.0252271193443863,159.63269060615553,long,1.3082708345352603,1483.0,2019.0,12,10
144,Eastern,Budongo,Sonso,Individual 48,10.12.19,1.08585,4,With,Climax,Climax,2,2,Resting,Traveling,Traveling,3,0.089657,89.657,Budongo (Sonso),Sonso (Individual 48),1.0252271193443863,159.63269060615553,short,1.3082708345352603,1483.0,2019.0,12,10
155,Eastern,Budongo,Sonso,Individual 48,19.12.19,0.18596,3,With,Build-Up,Build-Up,1,1,Traveling,Traveling,Traveling,1,0.109581,109.581,Budongo (Sonso),Sonso (Individual 48),0.17856912387876703,35.71382477575341,short,0.0,1474.0,2019.0,12,19
155,Eastern,Budongo,Sonso,Individual 48,19.12.19,0.18596,3,With,Build-Up,Build-Up,1,1,Traveling,Traveling,Traveling,2,0.076375,76.375,Budongo (Sonso),Sonso (Individual 48),0.17856912387876703,35.71382477575341,short,0.0,1474.0,2019.0,12,19
156,Eastern,Budongo,Sonso,Individual 47,23.12.19,1.21867,5,With,Roar,Roar,1,1,Feeding,Resting,Resting,1,0.069733,69.733,Budongo (Sonso),Sonso (Individual 47),0.773243278617858,108.54633004017843,short,1.4338343733773984,1470.0,2019.0,12,23
156,Eastern,Budongo,Sonso,Individual 47,23.12.19,1.21867,5,With,Roar,Roar,1,1,Feeding,Resting,Resting,2,0.650845,650.845,Budongo (Sonso),Sonso (Individual 47),0.773243278617858,108.54633004017843,long,1.4338343733773984,1470.0,2019.0,12,23
156,Eastern,Budongo,Sonso,Individual 47,23.12.19,1.21867,5,With,Roar,Roar,1,1,Feeding,Resting,Resting,3,0.391835,391.835,Budongo (Sonso),Sonso (Individual 47),0.773243278617858,108.54633004017843,short,1.4338343733773984,1470.0,2019.0,12,23
156,Eastern,Budongo,Sonso,Individual 47,23.12.19,1.21867,5,With,Roar,Roar,1,1,Feeding,Resting,Resting,4,0.10626,106.25999999999999,Budongo (Sonso),Sonso (Individual 47),0.773243278617858,108.54633004017843,short,1.4338343733773984,1470.0,2019.0,12,23
164,Eastern,Budongo,Sonso,Individual 49,27.12.19,0.80027,5,With,Build-Up,Climax,1,2,Resting,Traveling,Traveling,1,0.122864,122.864,Budongo (Sonso),Sonso (Individual 49),0.8337950964315101,89.14845663736367,short,0.0,1466.0,2019.0,12,27
164,Eastern,Budongo,Sonso,Individual 49,27.12.19,0.80027,5,With,Build-Up,Climax,1,2,Resting,Traveling,Traveling,2,0.488133,488.133,Budongo (Sonso),Sonso (Individual 49),0.8337950964315101,89.14845663736367,short,0.0,1466.0,2019.0,12,27
164,Eastern,Budongo,Sonso,Individual 49,27.12.19,0.80027,5,With,Build-Up,Climax,1,2,Resting,Traveling,Traveling,3,0.10294,102.94,Budongo (Sonso),Sonso (Individual 49),0.8337950964315101,89.14845663736367,short,0.0,1466.0,2019.0,12,27
164,Eastern,Budongo,Sonso,Individual 49,27.12.19,0.80027,5,With,Build-Up,Climax,1,2,Resting,Traveling,Traveling,4,0.086337,86.337,Budongo (Sonso),Sonso (Individual 49),0.8337950964315101,89.14845663736367,short,0.0,1466.0,2019.0,12,27
173,Eastern,Budongo,Sonso,Individual 48,04.01.20,1.07589,4,With,Unk,Unk,0,0,Resting,Resting,Resting,1,0.282254,282.254,Budongo (Sonso),Sonso (Individual 48),0.7153443849272424,129.1916776763767,short,1.3082708345352603,1458.0,2020.0,01,04
173,Eastern,Budongo,Sonso,Individual 48,04.01.20,1.07589,4,With,Unk,Unk,0,0,Resting,Resting,Resting,2,0.089657,89.657,Budongo (Sonso),Sonso (Individual 48),0.7153443849272424,129.1916776763767,short,1.3082708345352603,1458.0,2020.0,01,04
173,Eastern,Budongo,Sonso,Individual 48,04.01.20,1.07589,4,With,Unk,Unk,0,0,Resting,Resting,Resting,3,0.703975,703.975,Budongo (Sonso),Sonso (Individual 48),0.7153443849272424,129.1916776763767,long,1.3082708345352603,1458.0,2020.0,01,04
175,Eastern,Budongo,Sonso,Individual 48,06.03.19,2.76277,9,With,Build-Up,Build-Up,1,1,Traveling,Traveling,Traveling,1,0.162711,162.71099999999998,Budongo (Sonso),Sonso (Individual 48),0.7375541009133671,81.12704689531417,short,3.7108918901656924,1762.0,2019.0,03,06
175,Eastern,Budongo,Sonso,Individual 48,06.03.19,2.76277,9,With,Build-Up,Build-Up,1,1,Traveling,Traveling,Traveling,2,0.192597,192.59699999999998,Budongo (Sonso),Sonso (Individual 48),0.7375541009133671,81.12704689531417,short,3.7108918901656924,1762.0,2019.0,03,06
175,Eastern,Budongo,Sonso,Individual 48,06.03.19,2.76277,9,With,Build-Up,Build-Up,1,1,Traveling,Traveling,Traveling,3,0.10626,106.25999999999999,Budongo (Sonso),Sonso (Individual 48),0.7375541009133671,81.12704689531417,short,3.7108918901656924,1762.0,2019.0,03,06
175,Eastern,Budongo,Sonso,Individual 48,06.03.19,2.76277,9,With,Build-Up,Build-Up,1,1,Traveling,Traveling,Traveling,4,0.252368,252.368,Budongo (Sonso),Sonso (Individual 48),0.7375541009133671,81.12704689531417,short,3.7108918901656924,1762.0,2019.0,03,06
175,Eastern,Budongo,Sonso,Individual 48,06.03.19,2.76277,9,With,Build-Up,Build-Up,1,1,Traveling,Traveling,Traveling,5,0.47153,471.53000000000003,Budongo (Sonso),Sonso (Individual 48),0.7375541009133671,81.12704689531417,long,3.7108918901656924,1762.0,2019.0,03,06
175,Eastern,Budongo,Sonso,Individual 48,06.03.19,2.76277,9,With,Build-Up,Build-Up,1,1,Traveling,Traveling,Traveling,6,0.710616,710.616,Budongo (Sonso),Sonso (Individual 48),0.7375541009133671,81.12704689531417,long,3.7108918901656924,1762.0,2019.0,03,06
175,Eastern,Budongo,Sonso,Individual 48,06.03.19,2.76277,9,With,Build-Up,Build-Up,1,1,Traveling,Traveling,Traveling,7,0.092978,92.97800000000001,Budongo (Sonso),Sonso (Individual 48),0.7375541009133671,81.12704689531417,short,3.7108918901656924,1762.0,2019.0,03,06
175,Eastern,Budongo,Sonso,Individual 48,06.03.19,2.76277,9,With,Build-Up,Build-Up,1,1,Traveling,Traveling,Traveling,8,0.773708,773.708,Budongo (Sonso),Sonso (Individual 48),0.7375541009133671,81.12704689531417,long,3.7108918901656924,1762.0,2019.0,03,06
177,Eastern,Budongo,Sonso,Individual 55,06.01.20,0.29554,4,With,Climax,Climax,2,2,Traveling,Traveling,Traveling,1,0.072224,72.22399999999999,Budongo (Sonso),Sonso (Individual 55),0.19022418890899284,25.268758220291122,short,0.0,1456.0,2020.0,01,06
177,Eastern,Budongo,Sonso,Individual 55,06.01.20,0.29554,4,With,Climax,Climax,2,2,Traveling,Traveling,Traveling,2,0.114562,114.562,Budongo (Sonso),Sonso (Individual 55),0.19022418890899284,25.268758220291122,short,0.0,1456.0,2020.0,01,06
177,Eastern,Budongo,Sonso,Individual 55,06.01.20,0.29554,4,With,Climax,Climax,2,2,Traveling,Traveling,Traveling,3,0.108751,108.751,Budongo (Sonso),Sonso (Individual 55),0.19022418890899284,25.268758220291122,short,0.0,1456.0,2020.0,01,06
186,Eastern,Budongo,Sonso,Individual 49,10.01.20,1.55406,4,With,Climax,Climax,2,2,Resting,Resting,Resting,1,0.073054,73.05399999999999,Budongo (Sonso),Sonso (Individual 49),0.9477360046189276,150.8735425376754,short,1.3082708345352603,1452.0,2020.0,01,10
186,Eastern,Budongo,Sonso,Individual 49,10.01.20,1.55406,4,With,Climax,Climax,2,2,Resting,Resting,Resting,2,1.20207,1202.07,Budongo (Sonso),Sonso (Individual 49),0.9477360046189276,150.8735425376754,long,1.3082708345352603,1452.0,2020.0,01,10
186,Eastern,Budongo,Sonso,Individual 49,10.01.20,1.55406,4,With,Climax,Climax,2,2,Resting,Resting,Resting,3,0.278933,278.933,Budongo (Sonso),Sonso (Individual 49),0.9477360046189276,150.8735425376754,short,1.3082708345352603,1452.0,2020.0,01,10
187,Eastern,Budongo,Sonso,Individual 49,10.01.20,0.75711,4,Unk,Unk,Unk,0,0,Resting,Resting,Resting,1,0.078035,78.035,Budongo (Sonso),Sonso (Individual 49),0.5325566319791665,87.01313751770056,short,0.0,1452.0,2020.0,01,10
187,Eastern,Budongo,Sonso,Individual 49,10.01.20,0.75711,4,Unk,Unk,Unk,0,0,Resting,Resting,Resting,2,0.405118,405.118,Budongo (Sonso),Sonso (Individual 49),0.5325566319791665,87.01313751770056,short,0.0,1452.0,2020.0,01,10
187,Eastern,Budongo,Sonso,Individual 49,10.01.20,0.75711,4,Unk,Unk,Unk,0,0,Resting,Resting,Resting,3,0.273952,273.952,Budongo (Sonso),Sonso (Individual 49),0.5325566319791665,87.01313751770056,short,0.0,1452.0,2020.0,01,10
190,Eastern,Budongo,Sonso,Individual 49,10.01.20,0.40183,3,With,Build-Up,Build-Up,1,1,Traveling,Traveling,Traveling,1,0.194285,194.28500000000003,Budongo (Sonso),Sonso (Individual 49),0.03298699682697683,6.597399365395367,short,0.0,1452.0,2020.0,01,10
190,Eastern,Budongo,Sonso,Individual 49,10.01.20,0.40183,3,With,Build-Up,Build-Up,1,1,Traveling,Traveling,Traveling,2,0.20754,207.54,Budongo (Sonso),Sonso (Individual 49),0.03298699682697683,6.597399365395367,short,0.0,1452.0,2020.0,01,10
217,Eastern,Budongo,Sonso,Individual 56,20.01.20,0.94188,5,With,Climax,Climax,2,2,Traveling,Traveling,Traveling,1,0.159552,159.552,Budongo (Sonso),Sonso (Individual 56),0.20956656118384423,19.59539465694122,short,0.0,1442.0,2020.0,01,20
217,Eastern,Budongo,Sonso,Individual 56,20.01.20,0.94188,5,With,Climax,Climax,2,2,Traveling,Traveling,Traveling,2,0.22559,225.59,Budongo (Sonso),Sonso (Individual 56),0.20956656118384423,19.59539465694122,short,0.0,1442.0,2020.0,01,20
217,Eastern,Budongo,Sonso,Individual 56,20.01.20,0.94188,5,With,Climax,Climax,2,2,Traveling,Traveling,Traveling,3,0.268403,268.403,Budongo (Sonso),Sonso (Individual 56),0.20956656118384423,19.59539465694122,short,0.0,1442.0,2020.0,01,20
217,Eastern,Budongo,Sonso,Individual 56,20.01.20,0.94188,5,With,Climax,Climax,2,2,Traveling,Traveling,Traveling,4,0.288334,288.334,Budongo (Sonso),Sonso (Individual 56),0.20956656118384423,19.59539465694122,short,0.0,1442.0,2020.0,01,20
218,Eastern,Budongo,Sonso,Individual 57,20.01.20,0.85165,3,With,Build-Up,Unk,1,1,Traveling,Traveling,Traveling,1,0.084585,84.585,Budongo (Sonso),Sonso (Individual 57),0.8013625283566528,160.27250567133052,medium,1.0,1442.0,2020.0,01,20
218,Eastern,Budongo,Sonso,Individual 57,20.01.20,0.85165,3,With,Build-Up,Unk,1,1,Traveling,Traveling,Traveling,2,0.767067,767.067,Budongo (Sonso),Sonso (Individual 57),0.8013625283566528,160.27250567133052,long,1.0,1442.0,2020.0,01,20
220,Eastern,Budongo,Sonso,Individual 48,20.01.20,0.71394,3,With,Build-Up,Build-Up,1,1,Resting,Resting,Resting,1,0.089657,89.657,Budongo (Sonso),Sonso (Individual 48),0.7488374308061225,149.7674861612245,short,1.0,1442.0,2020.0,01,20
220,Eastern,Budongo,Sonso,Individual 48,20.01.20,0.71394,3,With,Build-Up,Build-Up,1,1,Resting,Resting,Resting,2,0.624279,624.279,Budongo (Sonso),Sonso (Individual 48),0.7488374308061225,149.7674861612245,long,1.0,1442.0,2020.0,01,20
226,Eastern,Budongo,Sonso,Individual 57,23.01.20,3.73004,12,With,Build-Up,Climax,1,2,Traveling,Traveling,Traveling,1,0.083981,83.981,Budongo (Sonso),Sonso (Individual 57),1.175297452593059,103.04597417701665,medium,2.760809020915306,1439.0,2020.0,01,23
226,Eastern,Budongo,Sonso,Individual 57,23.01.20,3.73004,12,With,Build-Up,Climax,1,2,Traveling,Traveling,Traveling,2,0.252368,252.368,Budongo (Sonso),Sonso (Individual 57),1.175297452593059,103.04597417701665,medium,2.760809020915306,1439.0,2020.0,01,23
226,Eastern,Budongo,Sonso,Individual 57,23.01.20,3.73004,12,With,Build-Up,Climax,1,2,Traveling,Traveling,Traveling,3,0.059771,59.771,Budongo (Sonso),Sonso (Individual 57),1.175297452593059,103.04597417701665,medium,2.760809020915306,1439.0,2020.0,01,23
226,Eastern,Budongo,Sonso,Individual 57,23.01.20,3.73004,12,With,Build-Up,Climax,1,2,Traveling,Traveling,Traveling,4,0.192597,192.59699999999998,Budongo (Sonso),Sonso (Individual 57),1.175297452593059,103.04597417701665,medium,2.760809020915306,1439.0,2020.0,01,23
226,Eastern,Budongo,Sonso,Individual 57,23.01.20,3.73004,12,With,Build-Up,Climax,1,2,Traveling,Traveling,Traveling,5,0.066413,66.413,Budongo (Sonso),Sonso (Individual 57),1.175297452593059,103.04597417701665,medium,2.760809020915306,1439.0,2020.0,01,23
226,Eastern,Budongo,Sonso,Individual 57,23.01.20,3.73004,12,With,Build-Up,Climax,1,2,Traveling,Traveling,Traveling,6,0.185956,185.95600000000002,Budongo (Sonso),Sonso (Individual 57),1.175297452593059,103.04597417701665,medium,2.760809020915306,1439.0,2020.0,01,23
226,Eastern,Budongo,Sonso,Individual 57,23.01.20,3.73004,12,With,Build-Up,Climax,1,2,Traveling,Traveling,Traveling,7,0.099619,99.619,Budongo (Sonso),Sonso (Individual 57),1.175297452593059,103.04597417701665,medium,2.760809020915306,1439.0,2020.0,01,23
226,Eastern,Budongo,Sonso,Individual 57,23.01.20,3.73004,12,With,Build-Up,Climax,1,2,Traveling,Traveling,Traveling,8,0.36527,365.27,Budongo (Sonso),Sonso (Individual 57),1.175297452593059,103.04597417701665,medium,2.760809020915306,1439.0,2020.0,01,23
226,Eastern,Budongo,Sonso,Individual 57,23.01.20,3.73004,12,With,Build-Up,Climax,1,2,Traveling,Traveling,Traveling,9,1.487645,1487.6450000000002,Budongo (Sonso),Sonso (Individual 57),1.175297452593059,103.04597417701665,short,2.760809020915306,1439.0,2020.0,01,23
226,Eastern,Budongo,Sonso,Individual 57,23.01.20,3.73004,12,With,Build-Up,Climax,1,2,Traveling,Traveling,Traveling,10,0.285575,285.57500000000005,Budongo (Sonso),Sonso (Individual 57),1.175297452593059,103.04597417701665,medium,2.760809020915306,1439.0,2020.0,01,23
226,Eastern,Budongo,Sonso,Individual 57,23.01.20,3.73004,12,With,Build-Up,Climax,1,2,Traveling,Traveling,Traveling,11,0.650845,650.845,Budongo (Sonso),Sonso (Individual 57),1.175297452593059,103.04597417701665,long,2.760809020915306,1439.0,2020.0,01,23
235,Eastern,Budongo,Sonso,Individual 55,29.01.20,2.47455,7,With,Build-Up,Climax,1,2,Resting,Traveling,Traveling,1,0.156742,156.742,Budongo (Sonso),Sonso (Individual 55),0.5654770006649417,65.89905646918113,short,2.6165416690705205,1433.0,2020.0,01,29
235,Eastern,Budongo,Sonso,Individual 55,29.01.20,2.47455,7,With,Build-Up,Climax,1,2,Resting,Traveling,Traveling,2,0.637562,637.562,Budongo (Sonso),Sonso (Individual 55),0.5654770006649417,65.89905646918113,medium,2.6165416690705205,1433.0,2020.0,01,29
235,Eastern,Budongo,Sonso,Individual 55,29.01.20,2.47455,7,With,Build-Up,Climax,1,2,Resting,Traveling,Traveling,3,0.239086,239.08599999999998,Budongo (Sonso),Sonso (Individual 55),0.5654770006649417,65.89905646918113,short,2.6165416690705205,1433.0,2020.0,01,29
235,Eastern,Budongo,Sonso,Individual 55,29.01.20,2.47455,7,With,Build-Up,Climax,1,2,Resting,Traveling,Traveling,4,0.275613,275.613,Budongo (Sonso),Sonso (Individual 55),0.5654770006649417,65.89905646918113,short,2.6165416690705205,1433.0,2020.0,01,29
235,Eastern,Budongo,Sonso,Individual 55,29.01.20,2.47455,7,With,Build-Up,Climax,1,2,Resting,Traveling,Traveling,5,0.355308,355.308,Budongo (Sonso),Sonso (Individual 55),0.5654770006649417,65.89905646918113,short,2.6165416690705205,1433.0,2020.0,01,29
235,Eastern,Budongo,Sonso,Individual 55,29.01.20,2.47455,7,With,Build-Up,Climax,1,2,Resting,Traveling,Traveling,6,0.810235,810.235,Budongo (Sonso),Sonso (Individual 55),0.5654770006649417,65.89905646918113,medium,2.6165416690705205,1433.0,2020.0,01,29
237,Eastern,Budongo,Sonso,Individual 55,29.01.20,3.07491,4,With,Unk,Unk,0,0,Resting,Resting,Resting,1,0.126184,126.184,Budongo (Sonso),Sonso (Individual 55),0.6200774154800378,84.61711708465383,short,1.3082708345352603,1433.0,2020.0,01,29
237,Eastern,Budongo,Sonso,Individual 55,29.01.20,3.07491,4,With,Unk,Unk,0,0,Resting,Resting,Resting,2,1.467721,1467.721,Budongo (Sonso),Sonso (Individual 55),0.6200774154800378,84.61711708465383,long,1.3082708345352603,1433.0,2020.0,01,29
237,Eastern,Budongo,Sonso,Individual 55,29.01.20,3.07491,4,With,Unk,Unk,0,0,Resting,Resting,Resting,3,1.481003,1481.0030000000002,Budongo (Sonso),Sonso (Individual 55),0.6200774154800378,84.61711708465383,long,1.3082708345352603,1433.0,2020.0,01,29
238,Eastern,Budongo,Sonso,Individual 55,29.01.20,2.31521,5,With,Build-Up,Unk,1,0,Resting,Resting,Resting,1,0.110306,110.306,Budongo (Sonso),Sonso (Individual 55),0.8646788815460024,122.58077124944278,short,2.0,1433.0,2020.0,01,29
238,Eastern,Budongo,Sonso,Individual 55,29.01.20,2.31521,5,With,Build-Up,Unk,1,0,Resting,Resting,Resting,2,0.777029,777.029,Budongo (Sonso),Sonso (Individual 55),0.8646788815460024,122.58077124944278,medium,2.0,1433.0,2020.0,01,29
238,Eastern,Budongo,Sonso,Individual 55,29.01.20,2.31521,5,With,Build-Up,Unk,1,0,Resting,Resting,Resting,3,1.30833,1308.33,Budongo (Sonso),Sonso (Individual 55),0.8646788815460024,122.58077124944278,long,2.0,1433.0,2020.0,01,29
238,Eastern,Budongo,Sonso,Individual 55,29.01.20,2.31521,5,With,Build-Up,Unk,1,0,Resting,Resting,Resting,4,0.119543,119.54299999999999,Budongo (Sonso),Sonso (Individual 55),0.8646788815460024,122.58077124944278,short,2.0,1433.0,2020.0,01,29
245,Eastern,Budongo,Sonso,Individual 57,27.02.20,0.80359,3,With,Unk,Unk,0,0,Traveling,Traveling,Traveling,1,0.079695,79.69500000000001,Budongo (Sonso),Sonso (Individual 57),0.8016533245063111,160.33066490126217,medium,1.0,1404.0,2020.0,02,27
245,Eastern,Budongo,Sonso,Individual 57,27.02.20,0.80359,3,With,Unk,Unk,0,0,Traveling,Traveling,Traveling,2,0.723898,723.898,Budongo (Sonso),Sonso (Individual 57),0.8016533245063111,160.33066490126217,long,1.0,1404.0,2020.0,02,27
246,Eastern,Budongo,Sonso,Individual 60,27.02.20,0.25237,3,With,Climax,Climax,2,2,Traveling,Traveling,Traveling,1,0.166032,166.032,Budongo (Sonso),Sonso (Individual 60),0.3157875967333547,63.157519346670945,short,0.0,1404.0,2020.0,02,27
246,Eastern,Budongo,Sonso,Individual 60,27.02.20,0.25237,3,With,Climax,Climax,2,2,Traveling,Traveling,Traveling,2,0.086337,86.337,Budongo (Sonso),Sonso (Individual 60),0.3157875967333547,63.157519346670945,short,0.0,1404.0,2020.0,02,27
249,Eastern,Budongo,Sonso,Individual 56,27.02.20,1.43451,5,With,Build-Up,Build-Up,1,1,Traveling,Resting,Traveling,1,0.152749,152.749,Budongo (Sonso),Sonso (Individual 56),1.179311156700257,138.08958198730318,short,1.4338343733773984,1404.0,2020.0,02,27
249,Eastern,Budongo,Sonso,Individual 56,27.02.20,1.43451,5,With,Build-Up,Build-Up,1,1,Traveling,Resting,Traveling,2,0.066413,66.413,Budongo (Sonso),Sonso (Individual 56),1.179311156700257,138.08958198730318,short,1.4338343733773984,1404.0,2020.0,02,27
249,Eastern,Budongo,Sonso,Individual 56,27.02.20,1.43451,5,With,Build-Up,Build-Up,1,1,Traveling,Resting,Traveling,3,1.089168,1089.168,Budongo (Sonso),Sonso (Individual 56),1.179311156700257,138.08958198730318,long,1.4338343733773984,1404.0,2020.0,02,27
249,Eastern,Budongo,Sonso,Individual 56,27.02.20,1.43451,5,With,Build-Up,Build-Up,1,1,Traveling,Resting,Traveling,4,0.126184,126.184,Budongo (Sonso),Sonso (Individual 56),1.179311156700257,138.08958198730318,short,1.4338343733773984,1404.0,2020.0,02,27
250,Eastern,Budongo,Sonso,Individual 56,27.02.20,1.57624,4,With,Let-Down,Unk,3,0,Resting,Resting,Resting,1,0.098552,98.552,Budongo (Sonso),Sonso (Individual 56),0.9994975879325178,107.8732955404547,short,1.3082708345352603,1404.0,2020.0,02,27
250,Eastern,Budongo,Sonso,Individual 56,27.02.20,1.57624,4,With,Let-Down,Unk,3,0,Resting,Resting,Resting,2,0.212521,212.521,Budongo (Sonso),Sonso (Individual 56),0.9994975879325178,107.8732955404547,short,1.3082708345352603,1404.0,2020.0,02,27
250,Eastern,Budongo,Sonso,Individual 56,27.02.20,1.57624,4,With,Let-Down,Unk,3,0,Resting,Resting,Resting,3,1.265162,1265.1619999999998,Budongo (Sonso),Sonso (Individual 56),0.9994975879325178,107.8732955404547,long,1.3082708345352603,1404.0,2020.0,02,27
251,Eastern,Budongo,Sonso,Individual 56,27.02.20,1.75994,9,Without,0,0,0,0,Resting,Resting,Resting,1,0.073054,73.05399999999999,Budongo (Sonso),Sonso (Individual 56),0.5466093042183912,76.47459394292329,short,0.0,1404.0,2020.0,02,27
251,Eastern,Budongo,Sonso,Individual 56,27.02.20,1.75994,9,Without,0,0,0,0,Resting,Resting,Resting,2,0.305498,305.498,Budongo (Sonso),Sonso (Individual 56),0.5466093042183912,76.47459394292329,short,0.0,1404.0,2020.0,02,27
251,Eastern,Budongo,Sonso,Individual 56,27.02.20,1.75994,9,Without,0,0,0,0,Resting,Resting,Resting,3,0.139467,139.467,Budongo (Sonso),Sonso (Individual 56),0.5466093042183912,76.47459394292329,short,0.0,1404.0,2020.0,02,27
251,Eastern,Budongo,Sonso,Individual 56,27.02.20,1.75994,9,Without,0,0,0,0,Resting,Resting,Resting,4,0.192597,192.59699999999998,Budongo (Sonso),Sonso (Individual 56),0.5466093042183912,76.47459394292329,short,0.0,1404.0,2020.0,02,27
251,Eastern,Budongo,Sonso,Individual 56,27.02.20,1.75994,9,Without,0,0,0,0,Resting,Resting,Resting,5,0.059771,59.771,Budongo (Sonso),Sonso (Individual 56),0.5466093042183912,76.47459394292329,short,0.0,1404.0,2020.0,02,27
251,Eastern,Budongo,Sonso,Individual 56,27.02.20,1.75994,9,Without,0,0,0,0,Resting,Resting,Resting,6,0.438324,438.324,Budongo (Sonso),Sonso (Individual 56),0.5466093042183912,76.47459394292329,short,0.0,1404.0,2020.0,02,27
251,Eastern,Budongo,Sonso,Individual 56,27.02.20,1.75994,9,Without,0,0,0,0,Resting,Resting,Resting,7,0.272771,272.77099999999996,Budongo (Sonso),Sonso (Individual 56),0.5466093042183912,76.47459394292329,short,0.0,1404.0,2020.0,02,27
251,Eastern,Budongo,Sonso,Individual 56,27.02.20,1.75994,9,Without,0,0,0,0,Resting,Resting,Resting,8,0.278454,278.45399999999995,Budongo (Sonso),Sonso (Individual 56),0.5466093042183912,76.47459394292329,short,0.0,1404.0,2020.0,02,27
267,Eastern,Budongo,Sonso,Individual 56,13.03.20,2.14513,11,With,Let-Down,Let-Down,3,3,Traveling,Traveling,Traveling,1,0.166032,166.032,Budongo (Sonso),Sonso (Individual 56),0.41884151446490825,50.93511704659138,short,0.0,1389.0,2020.0,03,13
267,Eastern,Budongo,Sonso,Individual 56,13.03.20,2.14513,11,With,Let-Down,Let-Down,3,3,Traveling,Traveling,Traveling,2,0.15939,159.39000000000001,Budongo (Sonso),Sonso (Individual 56),0.41884151446490825,50.93511704659138,short,0.0,1389.0,2020.0,03,13
267,Eastern,Budongo,Sonso,Individual 56,13.03.20,2.14513,11,With,Let-Down,Let-Down,3,3,Traveling,Traveling,Traveling,3,0.425041,425.041,Budongo (Sonso),Sonso (Individual 56),0.41884151446490825,50.93511704659138,short,0.0,1389.0,2020.0,03,13
267,Eastern,Budongo,Sonso,Individual 56,13.03.20,2.14513,11,With,Let-Down,Let-Down,3,3,Traveling,Traveling,Traveling,4,0.192597,192.59699999999998,Budongo (Sonso),Sonso (Individual 56),0.41884151446490825,50.93511704659138,short,0.0,1389.0,2020.0,03,13
267,Eastern,Budongo,Sonso,Individual 56,13.03.20,2.14513,11,With,Let-Down,Let-Down,3,3,Traveling,Traveling,Traveling,5,0.179314,179.314,Budongo (Sonso),Sonso (Individual 56),0.41884151446490825,50.93511704659138,short,0.0,1389.0,2020.0,03,13
267,Eastern,Budongo,Sonso,Individual 56,13.03.20,2.14513,11,With,Let-Down,Let-Down,3,3,Traveling,Traveling,Traveling,6,0.197578,197.578,Budongo (Sonso),Sonso (Individual 56),0.41884151446490825,50.93511704659138,short,0.0,1389.0,2020.0,03,13
267,Eastern,Budongo,Sonso,Individual 56,13.03.20,2.14513,11,With,Let-Down,Let-Down,3,3,Traveling,Traveling,Traveling,7,0.307159,307.159,Budongo (Sonso),Sonso (Individual 56),0.41884151446490825,50.93511704659138,short,0.0,1389.0,2020.0,03,13
267,Eastern,Budongo,Sonso,Individual 56,13.03.20,2.14513,11,With,Let-Down,Let-Down,3,3,Traveling,Traveling,Traveling,8,0.079695,79.69500000000001,Budongo (Sonso),Sonso (Individual 56),0.41884151446490825,50.93511704659138,short,0.0,1389.0,2020.0,03,13
267,Eastern,Budongo,Sonso,Individual 56,13.03.20,2.14513,11,With,Let-Down,Let-Down,3,3,Traveling,Traveling,Traveling,9,0.185956,185.95600000000002,Budongo (Sonso),Sonso (Individual 56),0.41884151446490825,50.93511704659138,short,0.0,1389.0,2020.0,03,13
267,Eastern,Budongo,Sonso,Individual 56,13.03.20,2.14513,11,With,Let-Down,Let-Down,3,3,Traveling,Traveling,Traveling,10,0.252368,252.368,Budongo (Sonso),Sonso (Individual 56),0.41884151446490825,50.93511704659138,short,0.0,1389.0,2020.0,03,13
271,Eastern,Budongo,Sonso,Individual 60,05.07.11,0.57718,7,With,Build-Up,Build-Up,1,1,Resting,Traveling,Traveling,1,0.099203,99.203,Budongo (Sonso),Sonso (Individual 60),0.43066250966823916,76.03367861195018,short,0.0,4563.0,2011.0,07,05
271,Eastern,Budongo,Sonso,Individual 60,05.07.11,0.57718,7,With,Build-Up,Build-Up,1,1,Resting,Traveling,Traveling,2,0.128062,128.062,Budongo (Sonso),Sonso (Individual 60),0.43066250966823916,76.03367861195018,short,0.0,4563.0,2011.0,07,05
271,Eastern,Budongo,Sonso,Individual 60,05.07.11,0.57718,7,With,Build-Up,Build-Up,1,1,Resting,Traveling,Traveling,3,0.11724,117.24,Budongo (Sonso),Sonso (Individual 60),0.43066250966823916,76.03367861195018,short,0.0,4563.0,2011.0,07,05
271,Eastern,Budongo,Sonso,Individual 60,05.07.11,0.57718,7,With,Build-Up,Build-Up,1,1,Resting,Traveling,Traveling,4,0.028859,28.858999999999998,Budongo (Sonso),Sonso (Individual 60),0.43066250966823916,76.03367861195018,short,0.0,4563.0,2011.0,07,05
271,Eastern,Budongo,Sonso,Individual 60,05.07.11,0.57718,7,With,Build-Up,Build-Up,1,1,Resting,Traveling,Traveling,5,0.147903,147.90300000000002,Budongo (Sonso),Sonso (Individual 60),0.43066250966823916,76.03367861195018,short,0.0,4563.0,2011.0,07,05
271,Eastern,Budongo,Sonso,Individual 60,05.07.11,0.57718,7,With,Build-Up,Build-Up,1,1,Resting,Traveling,Traveling,6,0.055914,55.914,Budongo (Sonso),Sonso (Individual 60),0.43066250966823916,76.03367861195018,short,0.0,4563.0,2011.0,07,05
272,Eastern,Budongo,Sonso,Individual 60,05.07.11,0.54699,4,With,Let-Down,Let-Down,3,3,Traveling,Traveling,Traveling,1,0.212311,212.311,Budongo (Sonso),Sonso (Individual 60),0.21659490337915566,25.376402121850745,short,0.0,4563.0,2011.0,07,05
272,Eastern,Budongo,Sonso,Individual 60,05.07.11,0.54699,4,With,Let-Down,Let-Down,3,3,Traveling,Traveling,Traveling,2,0.208147,208.147,Budongo (Sonso),Sonso (Individual 60),0.21659490337915566,25.376402121850745,short,0.0,4563.0,2011.0,07,05
272,Eastern,Budongo,Sonso,Individual 60,05.07.11,0.54699,4,With,Let-Down,Let-Down,3,3,Traveling,Traveling,Traveling,3,0.126532,126.53200000000001,Budongo (Sonso),Sonso (Individual 60),0.21659490337915566,25.376402121850745,short,0.0,4563.0,2011.0,07,05
273,Eastern,Budongo,Sonso,Individual 47,02.08.11,1.12917,5,With,Build-Up,Build-Up,1,1,Resting,Resting,Resting,1,0.332563,332.563,Budongo (Sonso),Sonso (Individual 47),0.9233627832356668,165.4957187112575,short,1.4338343733773984,4535.0,2011.0,08,02
273,Eastern,Budongo,Sonso,Individual 47,02.08.11,1.12917,5,With,Build-Up,Build-Up,1,1,Resting,Resting,Resting,2,0.042537,42.537,Budongo (Sonso),Sonso (Individual 47),0.9233627832356668,165.4957187112575,short,1.4338343733773984,4535.0,2011.0,08,02
273,Eastern,Budongo,Sonso,Individual 47,02.08.11,1.12917,5,With,Build-Up,Build-Up,1,1,Resting,Resting,Resting,3,0.688327,688.327,Budongo (Sonso),Sonso (Individual 47),0.9233627832356668,165.4957187112575,long,1.4338343733773984,4535.0,2011.0,08,02
273,Eastern,Budongo,Sonso,Individual 47,02.08.11,1.12917,5,With,Build-Up,Build-Up,1,1,Resting,Resting,Resting,4,0.065739,65.739,Budongo (Sonso),Sonso (Individual 47),0.9233627832356668,165.4957187112575,short,1.4338343733773984,4535.0,2011.0,08,02
274,Eastern,Budongo,Sonso,Individual 60,31.08.11,0.52978,5,With,Climax,Climax,2,2,Traveling,Traveling,Traveling,1,0.166281,166.281,Budongo (Sonso),Sonso (Individual 60),0.3712595613439276,69.71830540425991,short,0.0,4506.0,2011.0,08,31
274,Eastern,Budongo,Sonso,Individual 60,31.08.11,0.52978,5,With,Climax,Climax,2,2,Traveling,Traveling,Traveling,2,0.058005,58.005,Budongo (Sonso),Sonso (Individual 60),0.3712595613439276,69.71830540425991,short,0.0,4506.0,2011.0,08,31
274,Eastern,Budongo,Sonso,Individual 60,31.08.11,0.52978,5,With,Climax,Climax,2,2,Traveling,Traveling,Traveling,3,0.119877,119.877,Budongo (Sonso),Sonso (Individual 60),0.3712595613439276,69.71830540425991,short,0.0,4506.0,2011.0,08,31
274,Eastern,Budongo,Sonso,Individual 60,31.08.11,0.52978,5,With,Climax,Climax,2,2,Traveling,Traveling,Traveling,4,0.185616,185.616,Budongo (Sonso),Sonso (Individual 60),0.3712595613439276,69.71830540425991,short,0.0,4506.0,2011.0,08,31
276,Eastern,Budongo,Sonso,Individual 60,21.06.21,0.86038,5,With,Build-Up,Climax,1,2,Traveling,Traveling,Traveling,1,0.366407,366.407,Budongo (Sonso),Sonso (Individual 60),0.43330444559960934,46.89866077209026,short,0.0,924.0,2021.0,06,21
276,Eastern,Budongo,Sonso,Individual 60,21.06.21,0.86038,5,With,Build-Up,Climax,1,2,Traveling,Traveling,Traveling,2,0.176418,176.41799999999998,Budongo (Sonso),Sonso (Individual 60),0.43330444559960934,46.89866077209026,short,0.0,924.0,2021.0,06,21
276,Eastern,Budongo,Sonso,Individual 60,21.06.21,0.86038,5,With,Build-Up,Climax,1,2,Traveling,Traveling,Traveling,3,0.203559,203.559,Budongo (Sonso),Sonso (Individual 60),0.43330444559960934,46.89866077209026,short,0.0,924.0,2021.0,06,21
276,Eastern,Budongo,Sonso,Individual 60,21.06.21,0.86038,5,With,Build-Up,Climax,1,2,Traveling,Traveling,Traveling,4,0.113993,113.993,Budongo (Sonso),Sonso (Individual 60),0.43330444559960934,46.89866077209026,short,0.0,924.0,2021.0,06,21
282,Eastern,Budongo,Waibira,Individual 92,27.04.17,1.49196,7,With,Build-Up,Climax,1,2,NV,NV,Traveling,1,0.087762,87.762,Budongo (Waibira),Waibira (Individual 92),0.9676578475775508,70.24897952784477,short,0.0,2440.0,2017.0,04,27
282,Eastern,Budongo,Waibira,Individual 92,27.04.17,1.49196,7,With,Build-Up,Climax,1,2,NV,NV,Traveling,2,0.109038,109.038,Budongo (Waibira),Waibira (Individual 92),0.9676578475775508,70.24897952784477,short,0.0,2440.0,2017.0,04,27
282,Eastern,Budongo,Waibira,Individual 92,27.04.17,1.49196,7,With,Build-Up,Climax,1,2,NV,NV,Traveling,3,0.194141,194.14100000000002,Budongo (Waibira),Waibira (Individual 92),0.9676578475775508,70.24897952784477,short,0.0,2440.0,2017.0,04,27
282,Eastern,Budongo,Waibira,Individual 92,27.04.17,1.49196,7,With,Build-Up,Climax,1,2,NV,NV,Traveling,4,0.087762,87.762,Budongo (Waibira),Waibira (Individual 92),0.9676578475775508,70.24897952784477,short,0.0,2440.0,2017.0,04,27
282,Eastern,Budongo,Waibira,Individual 92,27.04.17,1.49196,7,With,Build-Up,Climax,1,2,NV,NV,Traveling,5,0.242011,242.011,Budongo (Waibira),Waibira (Individual 92),0.9676578475775508,70.24897952784477,short,0.0,2440.0,2017.0,04,27
282,Eastern,Budongo,Waibira,Individual 92,27.04.17,1.49196,7,With,Build-Up,Climax,1,2,NV,NV,Traveling,6,0.771243,771.243,Budongo (Waibira),Waibira (Individual 92),0.9676578475775508,70.24897952784477,short,0.0,2440.0,2017.0,04,27
283,Eastern,Budongo,Waibira,Individual 92,27.04.17,1.08445,7,With,Build-Up,Climax,1,2,NV,NV,Traveling,1,0.224404,224.404,Budongo (Waibira),Waibira (Individual 92),0.5396305373775104,56.56565810972475,short,0.0,2440.0,2017.0,04,27
283,Eastern,Budongo,Waibira,Individual 92,27.04.17,1.08445,7,With,Build-Up,Climax,1,2,NV,NV,Traveling,2,0.132825,132.825,Budongo (Waibira),Waibira (Individual 92),0.5396305373775104,56.56565810972475,short,0.0,2440.0,2017.0,04,27
283,Eastern,Budongo,Waibira,Individual 92,27.04.17,1.08445,7,With,Build-Up,Climax,1,2,NV,NV,Traveling,3,0.172673,172.673,Budongo (Waibira),Waibira (Individual 92),0.5396305373775104,56.56565810972475,short,0.0,2440.0,2017.0,04,27
283,Eastern,Budongo,Waibira,Individual 92,27.04.17,1.08445,7,With,Build-Up,Climax,1,2,NV,NV,Traveling,4,0.10294,102.94,Budongo (Waibira),Waibira (Individual 92),0.5396305373775104,56.56565810972475,short,0.0,2440.0,2017.0,04,27
283,Eastern,Budongo,Waibira,Individual 92,27.04.17,1.08445,7,With,Build-Up,Climax,1,2,NV,NV,Traveling,5,0.079695,79.69500000000001,Budongo (Waibira),Waibira (Individual 92),0.5396305373775104,56.56565810972475,short,0.0,2440.0,2017.0,04,27
283,Eastern,Budongo,Waibira,Individual 92,27.04.17,1.08445,7,With,Build-Up,Climax,1,2,NV,NV,Traveling,6,0.371911,371.911,Budongo (Waibira),Waibira (Individual 92),0.5396305373775104,56.56565810972475,short,0.0,2440.0,2017.0,04,27
300,Eastern,Budongo,Waibira,Individual 83,15.06.19,0.91296,4,With,Climax,Climax,2,2,NV,NV,Traveling,1,0.05313,53.129999999999995,Budongo (Waibira),Waibira (Individual 83),1.1213359657201336,170.35595773196906,medium,1.3082708345352603,1661.0,2019.0,06,15
300,Eastern,Budongo,Waibira,Individual 83,15.06.19,0.91296,4,With,Climax,Climax,2,2,NV,NV,Traveling,2,0.786777,786.7769999999999,Budongo (Waibira),Waibira (Individual 83),1.1213359657201336,170.35595773196906,short,1.3082708345352603,1661.0,2019.0,06,15
300,Eastern,Budongo,Waibira,Individual 83,15.06.19,0.91296,4,With,Climax,Climax,2,2,NV,NV,Traveling,3,0.073054,73.05399999999999,Budongo (Waibira),Waibira (Individual 83),1.1213359657201336,170.35595773196906,medium,1.3082708345352603,1661.0,2019.0,06,15
309,Eastern,Budongo,Waibira,Individual 79,20.06.19,0.7488,4,With,Climax,Climax,2,2,NV,NV,Traveling,1,0.097959,97.959,Budongo (Waibira),Waibira (Individual 79),0.43467870231891476,62.06625046313344,medium,1.3082708345352603,1656.0,2019.0,06,20
309,Eastern,Budongo,Waibira,Individual 79,20.06.19,0.7488,4,With,Climax,Climax,2,2,NV,NV,Traveling,2,0.345687,345.687,Budongo (Waibira),Waibira (Individual 79),0.43467870231891476,62.06625046313344,short,1.3082708345352603,1656.0,2019.0,06,20
309,Eastern,Budongo,Waibira,Individual 79,20.06.19,0.7488,4,With,Climax,Climax,2,2,NV,NV,Traveling,3,0.305158,305.15799999999996,Budongo (Waibira),Waibira (Individual 79),0.43467870231891476,62.06625046313344,short,1.3082708345352603,1656.0,2019.0,06,20
310,Eastern,Budongo,Waibira,Individual 79,20.06.19,0.42772,3,With,Climax,Climax,2,2,NV,NV,Traveling,1,0.09566,95.66,Budongo (Waibira),Waibira (Individual 79),0.5527022098362495,110.5404419672499,medium,1.0,1656.0,2019.0,06,20
310,Eastern,Budongo,Waibira,Individual 79,20.06.19,0.42772,3,With,Climax,Climax,2,2,NV,NV,Traveling,2,0.332064,332.064,Budongo (Waibira),Waibira (Individual 79),0.5527022098362495,110.5404419672499,short,1.0,1656.0,2019.0,06,20
313,Eastern,Budongo,Waibira,Individual 87,23.06.19,1.04268,5,With,Climax,Let-Down,2,3,NV,NV,Resting,1,0.074714,74.714,Budongo (Waibira),Waibira (Individual 87),0.418956657455497,48.70040887362152,short,1.4338343733773984,1653.0,2019.0,06,23
313,Eastern,Budongo,Waibira,Individual 87,23.06.19,1.04268,5,With,Climax,Let-Down,2,3,NV,NV,Resting,2,0.295537,295.537,Budongo (Waibira),Waibira (Individual 87),0.418956657455497,48.70040887362152,long,1.4338343733773984,1653.0,2019.0,06,23
313,Eastern,Budongo,Waibira,Individual 87,23.06.19,1.04268,5,With,Climax,Let-Down,2,3,NV,NV,Resting,3,0.351987,351.98699999999997,Budongo (Waibira),Waibira (Individual 87),0.418956657455497,48.70040887362152,long,1.4338343733773984,1653.0,2019.0,06,23
313,Eastern,Budongo,Waibira,Individual 87,23.06.19,1.04268,5,With,Climax,Let-Down,2,3,NV,NV,Resting,4,0.320441,320.441,Budongo (Waibira),Waibira (Individual 87),0.418956657455497,48.70040887362152,long,1.4338343733773984,1653.0,2019.0,06,23
314,Eastern,Budongo,Waibira,Individual 80,23.06.19,0.56678,4,With,Build-Up,Build-Up,1,1,NV,NV,Traveling,1,0.075441,75.44099999999999,Budongo (Waibira),Waibira (Individual 80),0.8614000090823788,140.0717253848618,short,1.3082708345352603,1653.0,2019.0,06,23
314,Eastern,Budongo,Waibira,Individual 80,23.06.19,0.56678,4,With,Build-Up,Build-Up,1,1,NV,NV,Traveling,2,0.419072,419.072,Budongo (Waibira),Waibira (Individual 80),0.8614000090823788,140.0717253848618,long,1.3082708345352603,1653.0,2019.0,06,23
314,Eastern,Budongo,Waibira,Individual 80,23.06.19,0.56678,4,With,Build-Up,Build-Up,1,1,NV,NV,Traveling,3,0.072269,72.269,Budongo (Waibira),Waibira (Individual 80),0.8614000090823788,140.0717253848618,short,1.3082708345352603,1653.0,2019.0,06,23
323,Eastern,Budongo,Waibira,Individual 80,03.07.19,0.32439,3,With,Build-Up,Unk,1,0,NV,NV,Traveling,1,0.042131,42.131,Budongo (Waibira),Waibira (Individual 80),0.7402407632905345,148.0481526581069,short,1.0,1643.0,2019.0,07,03
323,Eastern,Budongo,Waibira,Individual 80,03.07.19,0.32439,3,With,Build-Up,Unk,1,0,NV,NV,Traveling,2,0.282254,282.254,Budongo (Waibira),Waibira (Individual 80),0.7402407632905345,148.0481526581069,medium,1.0,1643.0,2019.0,07,03
325,Eastern,Budongo,Waibira,Individual 83,08.07.19,0.46087,4,With,Roar,Roar,1,1,NV,NV,Traveling,1,0.067715,67.715,Budongo (Waibira),Waibira (Individual 83),0.8377949184102642,137.11025298204424,medium,0.0,1638.0,2019.0,07,08
325,Eastern,Budongo,Waibira,Individual 83,08.07.19,0.46087,4,With,Roar,Roar,1,1,NV,NV,Traveling,2,0.335543,335.543,Budongo (Waibira),Waibira (Individual 83),0.8377949184102642,137.11025298204424,medium,0.0,1638.0,2019.0,07,08
325,Eastern,Budongo,Waibira,Individual 83,08.07.19,0.46087,4,With,Roar,Roar,1,1,NV,NV,Traveling,3,0.057608,57.608,Budongo (Waibira),Waibira (Individual 83),0.8377949184102642,137.11025298204424,medium,0.0,1638.0,2019.0,07,08
329,Eastern,Budongo,Waibira,Individual 92,16.07.19,0.84633,6,With,Unk,Unk,0,0,NV,NV,Traveling,1,0.140699,140.69899999999998,Budongo (Waibira),Waibira (Individual 92),0.3132189033331786,27.472619582906066,short,0.0,1630.0,2019.0,07,16
329,Eastern,Budongo,Waibira,Individual 92,16.07.19,0.84633,6,With,Unk,Unk,0,0,NV,NV,Traveling,2,0.126184,126.184,Budongo (Waibira),Waibira (Individual 92),0.3132189033331786,27.472619582906066,short,0.0,1630.0,2019.0,07,16
329,Eastern,Budongo,Waibira,Individual 92,16.07.19,0.84633,6,With,Unk,Unk,0,0,NV,NV,Traveling,3,0.116222,116.22200000000001,Budongo (Waibira),Waibira (Individual 92),0.3132189033331786,27.472619582906066,short,0.0,1630.0,2019.0,07,16
329,Eastern,Budongo,Waibira,Individual 92,16.07.19,0.84633,6,With,Unk,Unk,0,0,NV,NV,Traveling,4,0.251538,251.53799999999998,Budongo (Waibira),Waibira (Individual 92),0.3132189033331786,27.472619582906066,short,0.0,1630.0,2019.0,07,16
329,Eastern,Budongo,Waibira,Individual 92,16.07.19,0.84633,6,With,Unk,Unk,0,0,NV,NV,Traveling,5,0.21169,211.69,Budongo (Waibira),Waibira (Individual 92),0.3132189033331786,27.472619582906066,short,0.0,1630.0,2019.0,07,16
330,Eastern,Budongo,Waibira,Individual 92,16.07.19,0.37067,4,With,Build-Up,Build-Up,1,1,NV,NV,Traveling,1,0.078035,78.035,Budongo (Waibira),Waibira (Individual 92),0.4059467053949438,44.14233045275854,short,0.0,1630.0,2019.0,07,16
330,Eastern,Budongo,Waibira,Individual 92,16.07.19,0.37067,4,With,Build-Up,Build-Up,1,1,NV,NV,Traveling,2,0.099204,99.204,Budongo (Waibira),Waibira (Individual 92),0.4059467053949438,44.14233045275854,short,0.0,1630.0,2019.0,07,16
330,Eastern,Budongo,Waibira,Individual 92,16.07.19,0.37067,4,With,Build-Up,Build-Up,1,1,NV,NV,Traveling,3,0.193427,193.427,Budongo (Waibira),Waibira (Individual 92),0.4059467053949438,44.14233045275854,short,0.0,1630.0,2019.0,07,16
333,Eastern,Budongo,Waibira,Individual 79,20.07.19,0.75711,4,With,Climax,Let-Down,2,3,NV,NV,Traveling,1,0.105724,105.724,Budongo (Waibira),Waibira (Individual 79),0.4109095802326927,51.279427447681734,medium,1.3082708345352603,1626.0,2019.0,07,20
333,Eastern,Budongo,Waibira,Individual 79,20.07.19,0.75711,4,With,Climax,Let-Down,2,3,NV,NV,Traveling,2,0.324177,324.177,Budongo (Waibira),Waibira (Individual 79),0.4109095802326927,51.279427447681734,short,1.3082708345352603,1626.0,2019.0,07,20
333,Eastern,Budongo,Waibira,Individual 79,20.07.19,0.75711,4,With,Climax,Let-Down,2,3,NV,NV,Traveling,3,0.327204,327.204,Budongo (Waibira),Waibira (Individual 79),0.4109095802326927,51.279427447681734,short,1.3082708345352603,1626.0,2019.0,07,20
334,Eastern,Budongo,Waibira,Individual 79,20.07.19,1.16515,4,With,Roar,Roar,1,1,NV,NV,Traveling,1,0.101279,101.279,Budongo (Waibira),Waibira (Individual 79),0.6811738485073292,91.44746137168733,medium,1.584962500721156,1626.0,2019.0,07,20
334,Eastern,Budongo,Waibira,Individual 79,20.07.19,1.16515,4,With,Roar,Roar,1,1,NV,NV,Traveling,2,0.324177,324.177,Budongo (Waibira),Waibira (Individual 79),0.6811738485073292,91.44746137168733,short,1.584962500721156,1626.0,2019.0,07,20
334,Eastern,Budongo,Waibira,Individual 79,20.07.19,1.16515,4,With,Roar,Roar,1,1,NV,NV,Traveling,3,0.739694,739.694,Budongo (Waibira),Waibira (Individual 79),0.6811738485073292,91.44746137168733,long,1.584962500721156,1626.0,2019.0,07,20
335,Eastern,Budongo,Waibira,Individual 79,20.07.19,0.39652,3,With,Climax,Climax,2,2,NV,NV,Traveling,1,0.101587,101.587,Budongo (Waibira),Waibira (Individual 79),0.48760201353791527,97.52040270758306,medium,1.0,1626.0,2019.0,07,20
335,Eastern,Budongo,Waibira,Individual 79,20.07.19,0.39652,3,With,Climax,Climax,2,2,NV,NV,Traveling,2,0.294929,294.929,Budongo (Waibira),Waibira (Individual 79),0.48760201353791527,97.52040270758306,short,1.0,1626.0,2019.0,07,20
336,Eastern,Budongo,Waibira,Individual 79,20.07.19,0.43617,3,With,Climax,Climax,2,2,NV,NV,Traveling,1,0.073698,73.698,Budongo (Waibira),Waibira (Individual 79),0.6620698667730466,132.4139733546093,medium,1.0,1626.0,2019.0,07,20
336,Eastern,Budongo,Waibira,Individual 79,20.07.19,0.43617,3,With,Climax,Climax,2,2,NV,NV,Traveling,2,0.362475,362.47499999999997,Budongo (Waibira),Waibira (Individual 79),0.6620698667730466,132.4139733546093,short,1.0,1626.0,2019.0,07,20
337,Eastern,Budongo,Waibira,Individual 79,20.07.19,0.415,3,With,Build-Up,Let-Down,1,1,NV,NV,Traveling,1,0.076402,76.402,Budongo (Waibira),Waibira (Individual 79),0.6317975903614459,126.35951807228918,medium,1.0,1626.0,2019.0,07,20
337,Eastern,Budongo,Waibira,Individual 79,20.07.19,0.415,3,With,Build-Up,Let-Down,1,1,NV,NV,Traveling,2,0.338598,338.598,Budongo (Waibira),Waibira (Individual 79),0.6317975903614459,126.35951807228918,short,1.0,1626.0,2019.0,07,20
338,Eastern,Budongo,Waibira,Individual 79,20.07.19,0.88823,3,With,Climax,Let-Down,2,3,NV,NV,Traveling,1,0.377914,377.91400000000004,Budongo (Waibira),Waibira (Individual 79),0.14906178474244805,29.81235694848961,short,1.0,1626.0,2019.0,07,20
338,Eastern,Budongo,Waibira,Individual 79,20.07.19,0.88823,3,With,Climax,Let-Down,2,3,NV,NV,Traveling,2,0.510315,510.31499999999994,Budongo (Waibira),Waibira (Individual 79),0.14906178474244805,29.81235694848961,long,1.0,1626.0,2019.0,07,20
352,Eastern,Budongo,Waibira,Individual 87,27.11.19,1.04435,5,With,Climax,Climax,2,2,NV,NV,Resting,1,0.096414,96.414,Budongo (Waibira),Waibira (Individual 87),0.3741910688418332,44.28257683005454,short,1.4338343733773984,1496.0,2019.0,11,27
352,Eastern,Budongo,Waibira,Individual 87,27.11.19,1.04435,5,With,Climax,Climax,2,2,NV,NV,Resting,2,0.345266,345.266,Budongo (Waibira),Waibira (Individual 87),0.3741910688418332,44.28257683005454,long,1.4338343733773984,1496.0,2019.0,11,27
352,Eastern,Budongo,Waibira,Individual 87,27.11.19,1.04435,5,With,Climax,Climax,2,2,NV,NV,Resting,3,0.320511,320.51099999999997,Budongo (Waibira),Waibira (Individual 87),0.3741910688418332,44.28257683005454,long,1.4338343733773984,1496.0,2019.0,11,27
352,Eastern,Budongo,Waibira,Individual 87,27.11.19,1.04435,5,With,Climax,Climax,2,2,NV,NV,Resting,4,0.28216,282.16,Budongo (Waibira),Waibira (Individual 87),0.3741910688418332,44.28257683005454,long,1.4338343733773984,1496.0,2019.0,11,27
356,Eastern,Budongo,Waibira,Individual 77,23.12.19,0.24931,3,With,Climax,Climax,2,2,NV,NV,Resting,1,0.173589,173.589,Budongo (Waibira),Waibira (Individual 77),0.3925498674346499,78.50997348692998,long,0.0,1470.0,2019.0,12,23
356,Eastern,Budongo,Waibira,Individual 77,23.12.19,0.24931,3,With,Climax,Climax,2,2,NV,NV,Resting,2,0.075722,75.722,Budongo (Waibira),Waibira (Individual 77),0.3925498674346499,78.50997348692998,long,0.0,1470.0,2019.0,12,23
362,Eastern,Budongo,Waibira,Individual 77,31.12.19,1.75302,4,With,Climax,Climax,2,2,NV,NV,Traveling,1,0.094987,94.98700000000001,Budongo (Waibira),Waibira (Individual 77),0.6231933696994041,98.89274553177171,long,1.3082708345352603,1462.0,2019.0,12,31
362,Eastern,Budongo,Waibira,Individual 77,31.12.19,1.75302,4,With,Climax,Climax,2,2,NV,NV,Traveling,2,0.967995,967.995,Budongo (Waibira),Waibira (Individual 77),0.6231933696994041,98.89274553177171,short,1.3082708345352603,1462.0,2019.0,12,31
362,Eastern,Budongo,Waibira,Individual 77,31.12.19,1.75302,4,With,Climax,Climax,2,2,NV,NV,Traveling,3,0.690034,690.034,Budongo (Waibira),Waibira (Individual 77),0.6231933696994041,98.89274553177171,short,1.3082708345352603,1462.0,2019.0,12,31
369,Eastern,Budongo,Waibira,Individual 87,18.01.20,0.25626,3,Without,0,0,0,0,NV,NV,Resting,1,0.166722,166.722,Budongo (Waibira),Waibira (Individual 87),0.3012042550866704,60.24085101733409,short,0.0,1444.0,2020.0,01,18
369,Eastern,Budongo,Waibira,Individual 87,18.01.20,0.25626,3,Without,0,0,0,0,NV,NV,Resting,2,0.089536,89.536,Budongo (Waibira),Waibira (Individual 87),0.3012042550866704,60.24085101733409,short,0.0,1444.0,2020.0,01,18
375,Eastern,Budongo,Waibira,Individual 87,19.01.20,1.92265,9,With,Build-Up,Build-Up,1,1,NV,NV,Traveling,1,0.10294,102.94,Budongo (Waibira),Waibira (Individual 87),0.42748372955738745,68.28092572010078,short,2.8676687467547968,1443.0,2020.0,01,19
375,Eastern,Budongo,Waibira,Individual 87,19.01.20,1.92265,9,With,Build-Up,Build-Up,1,1,NV,NV,Traveling,2,0.249048,249.048,Budongo (Waibira),Waibira (Individual 87),0.42748372955738745,68.28092572010078,long,2.8676687467547968,1443.0,2020.0,01,19
375,Eastern,Budongo,Waibira,Individual 87,19.01.20,1.92265,9,With,Build-Up,Build-Up,1,1,NV,NV,Traveling,3,0.295537,295.537,Budongo (Waibira),Waibira (Individual 87),0.42748372955738745,68.28092572010078,long,2.8676687467547968,1443.0,2020.0,01,19
375,Eastern,Budongo,Waibira,Individual 87,19.01.20,1.92265,9,With,Build-Up,Build-Up,1,1,NV,NV,Traveling,4,0.361949,361.949,Budongo (Waibira),Waibira (Individual 87),0.42748372955738745,68.28092572010078,long,2.8676687467547968,1443.0,2020.0,01,19
375,Eastern,Budongo,Waibira,Individual 87,19.01.20,1.92265,9,With,Build-Up,Build-Up,1,1,NV,NV,Traveling,5,0.04981,49.81,Budongo (Waibira),Waibira (Individual 87),0.42748372955738745,68.28092572010078,short,2.8676687467547968,1443.0,2020.0,01,19
375,Eastern,Budongo,Waibira,Individual 87,19.01.20,1.92265,9,With,Build-Up,Build-Up,1,1,NV,NV,Traveling,6,0.31546,315.46000000000004,Budongo (Waibira),Waibira (Individual 87),0.42748372955738745,68.28092572010078,long,2.8676687467547968,1443.0,2020.0,01,19
375,Eastern,Budongo,Waibira,Individual 87,19.01.20,1.92265,9,With,Build-Up,Build-Up,1,1,NV,NV,Traveling,7,0.232444,232.44400000000002,Budongo (Waibira),Waibira (Individual 87),0.42748372955738745,68.28092572010078,long,2.8676687467547968,1443.0,2020.0,01,19
375,Eastern,Budongo,Waibira,Individual 87,19.01.20,1.92265,9,With,Build-Up,Build-Up,1,1,NV,NV,Traveling,8,0.31546,315.46000000000004,Budongo (Waibira),Waibira (Individual 87),0.42748372955738745,68.28092572010078,long,2.8676687467547968,1443.0,2020.0,01,19
377,Eastern,Budongo,Waibira,Individual 79,19.01.20,0.61764,3,With,Build-Up,Build-Up,1,1,NV,NV,Traveling,1,0.31546,315.46000000000004,Budongo (Waibira),Waibira (Individual 79),0.021504505875610046,4.300901175122009,short,0.0,1443.0,2020.0,01,19
377,Eastern,Budongo,Waibira,Individual 79,19.01.20,0.61764,3,With,Build-Up,Build-Up,1,1,NV,NV,Traveling,2,0.302178,302.178,Budongo (Waibira),Waibira (Individual 79),0.021504505875610046,4.300901175122009,short,0.0,1443.0,2020.0,01,19
381,Eastern,Budongo,Waibira,Individual 77,23.01.20,0.4139,3,With,Climax,Climax,2,2,NV,NV,Traveling,1,0.075587,75.587,Budongo (Waibira),Waibira (Individual 77),0.6347598350338124,126.95196700676247,long,0.0,1439.0,2020.0,01,23
381,Eastern,Budongo,Waibira,Individual 77,23.01.20,0.4139,3,With,Climax,Climax,2,2,NV,NV,Traveling,2,0.338316,338.31600000000003,Budongo (Waibira),Waibira (Individual 77),0.6347598350338124,126.95196700676247,long,0.0,1439.0,2020.0,01,23
413,Eastern,Budongo,Waibira,Individual 92,29.01.20,1.38814,10,With,Unk,Unk,0,0,NV,NV,Traveling,1,0.193146,193.14600000000002,Budongo (Waibira),Waibira (Individual 92),0.16505664487187646,24.464234289711403,short,0.0,1433.0,2020.0,01,29
413,Eastern,Budongo,Waibira,Individual 92,29.01.20,1.38814,10,With,Unk,Unk,0,0,NV,NV,Traveling,2,0.16017,160.17000000000002,Budongo (Waibira),Waibira (Individual 92),0.16505664487187646,24.464234289711403,short,0.0,1433.0,2020.0,01,29
413,Eastern,Budongo,Waibira,Individual 92,29.01.20,1.38814,10,With,Unk,Unk,0,0,NV,NV,Traveling,3,0.116202,116.202,Budongo (Waibira),Waibira (Individual 92),0.16505664487187646,24.464234289711403,short,0.0,1433.0,2020.0,01,29
413,Eastern,Budongo,Waibira,Individual 92,29.01.20,1.38814,10,With,Unk,Unk,0,0,NV,NV,Traveling,4,0.16331,163.31,Budongo (Waibira),Waibira (Individual 92),0.16505664487187646,24.464234289711403,short,0.0,1433.0,2020.0,01,29
413,Eastern,Budongo,Waibira,Individual 92,29.01.20,1.38814,10,With,Unk,Unk,0,0,NV,NV,Traveling,5,0.169591,169.59099999999998,Budongo (Waibira),Waibira (Individual 92),0.16505664487187646,24.464234289711403,short,0.0,1433.0,2020.0,01,29
413,Eastern,Budongo,Waibira,Individual 92,29.01.20,1.38814,10,With,Unk,Unk,0,0,NV,NV,Traveling,6,0.10678,106.78,Budongo (Waibira),Waibira (Individual 92),0.16505664487187646,24.464234289711403,short,0.0,1433.0,2020.0,01,29
413,Eastern,Budongo,Waibira,Individual 92,29.01.20,1.38814,10,With,Unk,Unk,0,0,NV,NV,Traveling,7,0.169591,169.59099999999998,Budongo (Waibira),Waibira (Individual 92),0.16505664487187646,24.464234289711403,short,0.0,1433.0,2020.0,01,29
413,Eastern,Budongo,Waibira,Individual 92,29.01.20,1.38814,10,With,Unk,Unk,0,0,NV,NV,Traveling,8,0.150748,150.748,Budongo (Waibira),Waibira (Individual 92),0.16505664487187646,24.464234289711403,short,0.0,1433.0,2020.0,01,29
413,Eastern,Budongo,Waibira,Individual 92,29.01.20,1.38814,10,With,Unk,Unk,0,0,NV,NV,Traveling,9,0.158599,158.599,Budongo (Waibira),Waibira (Individual 92),0.16505664487187646,24.464234289711403,short,0.0,1433.0,2020.0,01,29
426,Eastern,Budongo,Waibira,Individual 79,04.02.20,1.00159,6,With,Climax,Let-Down,2,3,NV,NV,Traveling,1,0.070651,70.65100000000001,Budongo (Waibira),Waibira (Individual 79),0.60321819131267,48.92118705548776,medium,2.384080545409061,1427.0,2020.0,02,04
426,Eastern,Budongo,Waibira,Individual 79,04.02.20,1.00159,6,With,Climax,Let-Down,2,3,NV,NV,Traveling,2,0.062339,62.339,Budongo (Waibira),Waibira (Individual 79),0.60321819131267,48.92118705548776,medium,2.384080545409061,1427.0,2020.0,02,04
426,Eastern,Budongo,Waibira,Individual 79,04.02.20,1.00159,6,With,Climax,Let-Down,2,3,NV,NV,Traveling,3,0.203642,203.642,Budongo (Waibira),Waibira (Individual 79),0.60321819131267,48.92118705548776,medium,2.384080545409061,1427.0,2020.0,02,04
426,Eastern,Budongo,Waibira,Individual 79,04.02.20,1.00159,6,With,Climax,Let-Down,2,3,NV,NV,Traveling,4,0.365724,365.724,Budongo (Waibira),Waibira (Individual 79),0.60321819131267,48.92118705548776,short,2.384080545409061,1427.0,2020.0,02,04
426,Eastern,Budongo,Waibira,Individual 79,04.02.20,1.00159,6,With,Climax,Let-Down,2,3,NV,NV,Traveling,5,0.299229,299.22900000000004,Budongo (Waibira),Waibira (Individual 79),0.60321819131267,48.92118705548776,short,2.384080545409061,1427.0,2020.0,02,04
441,Eastern,Budongo,Waibira,Individual 77,05.02.20,0.71238,3,With,Climax,Climax,2,2,NV,NV,Traveling,1,0.582855,582.855,Budongo (Waibira),Waibira (Individual 77),0.6363644020449817,127.27288040899634,short,1.0,1426.0,2020.0,02,05
441,Eastern,Budongo,Waibira,Individual 77,05.02.20,0.71238,3,With,Climax,Climax,2,2,NV,NV,Traveling,2,0.129523,129.523,Budongo (Waibira),Waibira (Individual 77),0.6363644020449817,127.27288040899634,long,1.0,1426.0,2020.0,02,05
442,Eastern,Budongo,Waibira,Individual 83,05.02.20,0.69619,3,With,Unk,Unk,0,0,NV,NV,Traveling,1,0.051809,51.809,Budongo (Waibira),Waibira (Individual 83),0.8511637661091546,170.2327532218309,medium,1.0,1426.0,2020.0,02,05
442,Eastern,Budongo,Waibira,Individual 83,05.02.20,0.69619,3,With,Unk,Unk,0,0,NV,NV,Traveling,2,0.644379,644.379,Budongo (Waibira),Waibira (Individual 83),0.8511637661091546,170.2327532218309,short,1.0,1426.0,2020.0,02,05
449,Eastern,Budongo,Waibira,Individual 92,06.02.20,0.78604,7,With,Climax,Climax,2,2,NV,NV,Resting,1,0.091756,91.756,Budongo (Waibira),Waibira (Individual 92),0.345602147384754,44.52661211912647,short,0.0,1425.0,2020.0,02,06
449,Eastern,Budongo,Waibira,Individual 92,06.02.20,0.78604,7,With,Climax,Climax,2,2,NV,NV,Resting,2,0.088697,88.697,Budongo (Waibira),Waibira (Individual 92),0.345602147384754,44.52661211912647,short,0.0,1425.0,2020.0,02,06
449,Eastern,Budongo,Waibira,Individual 92,06.02.20,0.78604,7,With,Climax,Climax,2,2,NV,NV,Resting,3,0.177394,177.394,Budongo (Waibira),Waibira (Individual 92),0.345602147384754,44.52661211912647,short,0.0,1425.0,2020.0,02,06
449,Eastern,Budongo,Waibira,Individual 92,06.02.20,0.78604,7,With,Climax,Climax,2,2,NV,NV,Resting,4,0.085639,85.63900000000001,Budongo (Waibira),Waibira (Individual 92),0.345602147384754,44.52661211912647,short,0.0,1425.0,2020.0,02,06
449,Eastern,Budongo,Waibira,Individual 92,06.02.20,0.78604,7,With,Climax,Climax,2,2,NV,NV,Resting,5,0.143751,143.75099999999998,Budongo (Waibira),Waibira (Individual 92),0.345602147384754,44.52661211912647,short,0.0,1425.0,2020.0,02,06
449,Eastern,Budongo,Waibira,Individual 92,06.02.20,0.78604,7,With,Climax,Climax,2,2,NV,NV,Resting,6,0.198804,198.804,Budongo (Waibira),Waibira (Individual 92),0.345602147384754,44.52661211912647,short,0.0,1425.0,2020.0,02,06
451,Eastern,Budongo,Waibira,Individual 92,06.02.20,0.69096,6,With,Climax,Climax,2,2,NV,NV,Resting,1,0.116222,116.22200000000001,Budongo (Waibira),Waibira (Individual 92),0.6045600953314545,64.79428062911772,short,0.0,1425.0,2020.0,02,06
451,Eastern,Budongo,Waibira,Individual 92,06.02.20,0.69096,6,With,Climax,Climax,2,2,NV,NV,Resting,2,0.056451,56.451,Budongo (Waibira),Waibira (Individual 92),0.6045600953314545,64.79428062911772,short,0.0,1425.0,2020.0,02,06
451,Eastern,Budongo,Waibira,Individual 92,06.02.20,0.69096,6,With,Climax,Climax,2,2,NV,NV,Resting,3,0.119543,119.54299999999999,Budongo (Waibira),Waibira (Individual 92),0.6045600953314545,64.79428062911772,short,0.0,1425.0,2020.0,02,06
451,Eastern,Budongo,Waibira,Individual 92,06.02.20,0.69096,6,With,Climax,Climax,2,2,NV,NV,Resting,4,0.099619,99.619,Budongo (Waibira),Waibira (Individual 92),0.6045600953314545,64.79428062911772,short,0.0,1425.0,2020.0,02,06
451,Eastern,Budongo,Waibira,Individual 92,06.02.20,0.69096,6,With,Climax,Climax,2,2,NV,NV,Resting,5,0.299124,299.124,Budongo (Waibira),Waibira (Individual 92),0.6045600953314545,64.79428062911772,short,0.0,1425.0,2020.0,02,06
454,Eastern,Budongo,Waibira,Individual 85,08.02.20,0.868,3,With,Build-Up,Climax,1,2,NV,NV,Traveling,1,0.570199,570.199,Budongo (Waibira),Waibira (Individual 85),0.31383014879117965,62.76602975823593,short,1.0,1423.0,2020.0,02,08
454,Eastern,Budongo,Waibira,Individual 85,08.02.20,0.868,3,With,Build-Up,Climax,1,2,NV,NV,Traveling,2,0.297796,297.796,Budongo (Waibira),Waibira (Individual 85),0.31383014879117965,62.76602975823593,medium,1.0,1423.0,2020.0,02,08
455,Eastern,Budongo,Waibira,Individual 85,08.02.20,0.46416,3,With,Climax,Climax,2,2,NV,NV,Traveling,1,0.059717,59.717,Budongo (Waibira),Waibira (Individual 85),0.742690083677321,148.5380167354642,long,1.0,1423.0,2020.0,02,08
455,Eastern,Budongo,Waibira,Individual 85,08.02.20,0.46416,3,With,Climax,Climax,2,2,NV,NV,Traveling,2,0.404447,404.447,Budongo (Waibira),Waibira (Individual 85),0.742690083677321,148.5380167354642,medium,1.0,1423.0,2020.0,02,08
461,Eastern,Budongo,Waibira,Individual 83,10.02.20,0.49149,3,With,Build-Up,Build-Up,1,1,NV,NV,Traveling,1,0.053058,53.058,Budongo (Waibira),Waibira (Individual 83),0.7840915102363039,156.81830204726077,medium,1.0,1421.0,2020.0,02,10
461,Eastern,Budongo,Waibira,Individual 83,10.02.20,0.49149,3,With,Build-Up,Build-Up,1,1,NV,NV,Traveling,2,0.438428,438.428,Budongo (Waibira),Waibira (Individual 83),0.7840915102363039,156.81830204726077,short,1.0,1421.0,2020.0,02,10
466,Eastern,Budongo,Waibira,Individual 92,11.02.20,1.04517,7,With,Build-Up,Build-Up,1,1,NV,NV,Traveling,1,0.178484,178.484,Budongo (Waibira),Waibira (Individual 92),0.14471720169366317,12.692759572006068,short,0.0,1420.0,2020.0,02,11
466,Eastern,Budongo,Waibira,Individual 92,11.02.20,1.04517,7,With,Build-Up,Build-Up,1,1,NV,NV,Traveling,2,0.144448,144.44799999999998,Budongo (Waibira),Waibira (Individual 92),0.14471720169366317,12.692759572006068,short,0.0,1420.0,2020.0,02,11
466,Eastern,Budongo,Waibira,Individual 92,11.02.20,1.04517,7,With,Build-Up,Build-Up,1,1,NV,NV,Traveling,3,0.141127,141.127,Budongo (Waibira),Waibira (Individual 92),0.14471720169366317,12.692759572006068,short,0.0,1420.0,2020.0,02,11
466,Eastern,Budongo,Waibira,Individual 92,11.02.20,1.04517,7,With,Build-Up,Build-Up,1,1,NV,NV,Traveling,4,0.174333,174.333,Budongo (Waibira),Waibira (Individual 92),0.14471720169366317,12.692759572006068,short,0.0,1420.0,2020.0,02,11
466,Eastern,Budongo,Waibira,Individual 92,11.02.20,1.04517,7,With,Build-Up,Build-Up,1,1,NV,NV,Traveling,5,0.195917,195.917,Budongo (Waibira),Waibira (Individual 92),0.14471720169366317,12.692759572006068,short,0.0,1420.0,2020.0,02,11
466,Eastern,Budongo,Waibira,Individual 92,11.02.20,1.04517,7,With,Build-Up,Build-Up,1,1,NV,NV,Traveling,6,0.21086,210.85999999999999,Budongo (Waibira),Waibira (Individual 92),0.14471720169366317,12.692759572006068,short,0.0,1420.0,2020.0,02,11
475,Eastern,Budongo,Waibira,Individual 83,17.02.20,0.37191,3,With,Roar,Roar,1,1,NV,NV,Resting,1,0.089657,89.657,Budongo (Waibira),Waibira (Individual 83),0.5178577670464171,103.57155340928341,medium,0.0,1414.0,2020.0,02,17
475,Eastern,Budongo,Waibira,Individual 83,17.02.20,0.37191,3,With,Roar,Roar,1,1,NV,NV,Resting,2,0.282254,282.254,Budongo (Waibira),Waibira (Individual 83),0.5178577670464171,103.57155340928341,medium,0.0,1414.0,2020.0,02,17
476,Eastern,Budongo,Waibira,Individual 83,17.02.20,0.35623,3,With,Roar,Roar,1,1,NV,NV,Resting,1,0.099604,99.604,Budongo (Waibira),Waibira (Individual 83),0.44079139437220693,88.1582788744414,medium,0.0,1414.0,2020.0,02,17
476,Eastern,Budongo,Waibira,Individual 83,17.02.20,0.35623,3,With,Roar,Roar,1,1,NV,NV,Resting,2,0.256628,256.62800000000004,Budongo (Waibira),Waibira (Individual 83),0.44079139437220693,88.1582788744414,medium,0.0,1414.0,2020.0,02,17
482,Eastern,Budongo,Waibira,Individual 85,18.02.20,0.78815,3,With,Climax,Climax,2,2,NV,NV,Traveling,1,0.106066,106.06599999999999,Budongo (Waibira),Waibira (Individual 85),0.730848188796549,146.16963775930975,long,1.0,1413.0,2020.0,02,18
482,Eastern,Budongo,Waibira,Individual 85,18.02.20,0.78815,3,With,Climax,Climax,2,2,NV,NV,Traveling,2,0.682084,682.0840000000001,Budongo (Waibira),Waibira (Individual 85),0.730848188796549,146.16963775930975,short,1.0,1413.0,2020.0,02,18
495,Eastern,Budongo,Waibira,Individual 92,21.02.20,1.00626,8,With,Pause,Climax,1,2,NV,NV,Traveling,1,0.10295,102.95,Budongo (Waibira),Waibira (Individual 92),0.34548139006203954,60.2103557852718,short,0.0,1410.0,2020.0,02,21
495,Eastern,Budongo,Waibira,Individual 92,21.02.20,1.00626,8,With,Pause,Climax,1,2,NV,NV,Traveling,2,0.149444,149.444,Budongo (Waibira),Waibira (Individual 92),0.34548139006203954,60.2103557852718,short,0.0,1410.0,2020.0,02,21
495,Eastern,Budongo,Waibira,Individual 92,21.02.20,1.00626,8,With,Pause,Climax,1,2,NV,NV,Traveling,3,0.073061,73.061,Budongo (Waibira),Waibira (Individual 92),0.34548139006203954,60.2103557852718,short,0.0,1410.0,2020.0,02,21
495,Eastern,Budongo,Waibira,Individual 92,21.02.20,1.00626,8,With,Pause,Climax,1,2,NV,NV,Traveling,4,0.215863,215.863,Budongo (Waibira),Waibira (Individual 92),0.34548139006203954,60.2103557852718,short,0.0,1410.0,2020.0,02,21
495,Eastern,Budongo,Waibira,Individual 92,21.02.20,1.00626,8,With,Pause,Climax,1,2,NV,NV,Traveling,5,0.122876,122.876,Budongo (Waibira),Waibira (Individual 92),0.34548139006203954,60.2103557852718,short,0.0,1410.0,2020.0,02,21
495,Eastern,Budongo,Waibira,Individual 92,21.02.20,1.00626,8,With,Pause,Climax,1,2,NV,NV,Traveling,6,0.212543,212.543,Budongo (Waibira),Waibira (Individual 92),0.34548139006203954,60.2103557852718,short,0.0,1410.0,2020.0,02,21
495,Eastern,Budongo,Waibira,Individual 92,21.02.20,1.00626,8,With,Pause,Climax,1,2,NV,NV,Traveling,7,0.129518,129.518,Budongo (Waibira),Waibira (Individual 92),0.34548139006203954,60.2103557852718,short,0.0,1410.0,2020.0,02,21
513,Eastern,Budongo,Waibira,Individual 83,28.02.20,1.47104,6,With,Roar,Climax,1,2,NV,NV,Traveling,1,0.056451,56.451,Budongo (Waibira),Waibira (Individual 83),0.9891220977644013,167.39433554628835,medium,2.384080545409061,1403.0,2020.0,02,28
513,Eastern,Budongo,Waibira,Individual 83,28.02.20,1.47104,6,With,Roar,Climax,1,2,NV,NV,Traveling,2,0.635902,635.9019999999999,Budongo (Waibira),Waibira (Individual 83),0.9891220977644013,167.39433554628835,short,2.384080545409061,1403.0,2020.0,02,28
513,Eastern,Budongo,Waibira,Individual 83,28.02.20,1.47104,6,With,Roar,Climax,1,2,NV,NV,Traveling,3,0.060602,60.602000000000004,Budongo (Waibira),Waibira (Individual 83),0.9891220977644013,167.39433554628835,medium,2.384080545409061,1403.0,2020.0,02,28
513,Eastern,Budongo,Waibira,Individual 83,28.02.20,1.47104,6,With,Roar,Climax,1,2,NV,NV,Traveling,4,0.664957,664.957,Budongo (Waibira),Waibira (Individual 83),0.9891220977644013,167.39433554628835,short,2.384080545409061,1403.0,2020.0,02,28
513,Eastern,Budongo,Waibira,Individual 83,28.02.20,1.47104,6,With,Roar,Climax,1,2,NV,NV,Traveling,5,0.05313,53.129999999999995,Budongo (Waibira),Waibira (Individual 83),0.9891220977644013,167.39433554628835,medium,2.384080545409061,1403.0,2020.0,02,28
514,Eastern,Budongo,Waibira,Individual 83,28.02.20,1.30833,5,With,Build-Up,Unk,1,0,NV,NV,Resting,1,0.086337,86.337,Budongo (Waibira),Waibira (Individual 83),1.0790462483467103,117.83623055719079,medium,1.4338343733773984,1403.0,2020.0,02,28
514,Eastern,Budongo,Waibira,Individual 83,28.02.20,1.30833,5,With,Build-Up,Unk,1,0,NV,NV,Resting,2,0.936419,936.419,Budongo (Waibira),Waibira (Individual 83),1.0790462483467103,117.83623055719079,short,1.4338343733773984,1403.0,2020.0,02,28
514,Eastern,Budongo,Waibira,Individual 83,28.02.20,1.30833,5,With,Build-Up,Unk,1,0,NV,NV,Resting,3,0.119543,119.54299999999999,Budongo (Waibira),Waibira (Individual 83),1.0790462483467103,117.83623055719079,medium,1.4338343733773984,1403.0,2020.0,02,28
514,Eastern,Budongo,Waibira,Individual 83,28.02.20,1.30833,5,With,Build-Up,Unk,1,0,NV,NV,Resting,4,0.166032,166.032,Budongo (Waibira),Waibira (Individual 83),1.0790462483467103,117.83623055719079,medium,1.4338343733773984,1403.0,2020.0,02,28
515,Eastern,Budongo,Waibira,Individual 83,28.02.20,0.74716,4,With,Roar,Roar,1,1,NV,NV,Traveling,1,0.086449,86.449,Budongo (Waibira),Waibira (Individual 83),0.9497485149829359,150.82909542795684,medium,1.3082708345352603,1403.0,2020.0,02,28
515,Eastern,Budongo,Waibira,Individual 83,28.02.20,0.74716,4,With,Roar,Roar,1,1,NV,NV,Traveling,2,0.583529,583.529,Budongo (Waibira),Waibira (Individual 83),0.9497485149829359,150.82909542795684,short,1.3082708345352603,1403.0,2020.0,02,28
515,Eastern,Budongo,Waibira,Individual 83,28.02.20,0.74716,4,With,Roar,Roar,1,1,NV,NV,Traveling,3,0.077186,77.186,Budongo (Waibira),Waibira (Individual 83),0.9497485149829359,150.82909542795684,medium,1.3082708345352603,1403.0,2020.0,02,28
519,Eastern,Budongo,Waibira,Individual 77,29.02.20,2.09743,9,With,Climax,Let-Down,2,3,NV,NV,Traveling,1,0.18474,184.73999999999998,Budongo (Waibira),Waibira (Individual 77),0.8050975745217233,95.07800146382611,long,1.5549511023971747,1402.0,2020.0,02,29
519,Eastern,Budongo,Waibira,Individual 77,29.02.20,2.09743,9,With,Climax,Let-Down,2,3,NV,NV,Traveling,2,0.10294,102.94,Budongo (Waibira),Waibira (Individual 77),0.8050975745217233,95.07800146382611,long,1.5549511023971747,1402.0,2020.0,02,29
519,Eastern,Budongo,Waibira,Individual 77,29.02.20,2.09743,9,With,Climax,Let-Down,2,3,NV,NV,Traveling,3,0.308819,308.819,Budongo (Waibira),Waibira (Individual 77),0.8050975745217233,95.07800146382611,long,1.5549511023971747,1402.0,2020.0,02,29
519,Eastern,Budongo,Waibira,Individual 77,29.02.20,2.09743,9,With,Climax,Let-Down,2,3,NV,NV,Traveling,4,0.05313,53.129999999999995,Budongo (Waibira),Waibira (Individual 77),0.8050975745217233,95.07800146382611,long,1.5549511023971747,1402.0,2020.0,02,29
519,Eastern,Budongo,Waibira,Individual 77,29.02.20,2.09743,9,With,Climax,Let-Down,2,3,NV,NV,Traveling,5,0.239086,239.08599999999998,Budongo (Waibira),Waibira (Individual 77),0.8050975745217233,95.07800146382611,long,1.5549511023971747,1402.0,2020.0,02,29
519,Eastern,Budongo,Waibira,Individual 77,29.02.20,2.09743,9,With,Climax,Let-Down,2,3,NV,NV,Traveling,6,0.78367,783.67,Budongo (Waibira),Waibira (Individual 77),0.8050975745217233,95.07800146382611,short,1.5549511023971747,1402.0,2020.0,02,29
519,Eastern,Budongo,Waibira,Individual 77,29.02.20,2.09743,9,With,Climax,Let-Down,2,3,NV,NV,Traveling,7,0.242406,242.406,Budongo (Waibira),Waibira (Individual 77),0.8050975745217233,95.07800146382611,long,1.5549511023971747,1402.0,2020.0,02,29
519,Eastern,Budongo,Waibira,Individual 77,29.02.20,2.09743,9,With,Climax,Let-Down,2,3,NV,NV,Traveling,8,0.182635,182.635,Budongo (Waibira),Waibira (Individual 77),0.8050975745217233,95.07800146382611,long,1.5549511023971747,1402.0,2020.0,02,29
523,Eastern,Budongo,Waibira,Individual 92,04.03.20,1.99238,12,With,Climax,Climax,2,2,NV,NV,Traveling,1,0.132825,132.825,Budongo (Waibira),Waibira (Individual 92),0.27506834992042845,21.84043503580795,short,0.0,1398.0,2020.0,03,04
523,Eastern,Budongo,Waibira,Individual 92,04.03.20,1.99238,12,With,Climax,Climax,2,2,NV,NV,Traveling,2,0.174333,174.333,Budongo (Waibira),Waibira (Individual 92),0.27506834992042845,21.84043503580795,short,0.0,1398.0,2020.0,03,04
523,Eastern,Budongo,Waibira,Individual 92,04.03.20,1.99238,12,With,Climax,Climax,2,2,NV,NV,Traveling,3,0.112902,112.902,Budongo (Waibira),Waibira (Individual 92),0.27506834992042845,21.84043503580795,short,0.0,1398.0,2020.0,03,04
523,Eastern,Budongo,Waibira,Individual 92,04.03.20,1.99238,12,With,Climax,Climax,2,2,NV,NV,Traveling,4,0.15939,159.39000000000001,Budongo (Waibira),Waibira (Individual 92),0.27506834992042845,21.84043503580795,short,0.0,1398.0,2020.0,03,04
523,Eastern,Budongo,Waibira,Individual 92,04.03.20,1.99238,12,With,Climax,Climax,2,2,NV,NV,Traveling,5,0.185956,185.95600000000002,Budongo (Waibira),Waibira (Individual 92),0.27506834992042845,21.84043503580795,short,0.0,1398.0,2020.0,03,04
523,Eastern,Budongo,Waibira,Individual 92,04.03.20,1.99238,12,With,Climax,Climax,2,2,NV,NV,Traveling,6,0.15607,156.07,Budongo (Waibira),Waibira (Individual 92),0.27506834992042845,21.84043503580795,short,0.0,1398.0,2020.0,03,04
523,Eastern,Budongo,Waibira,Individual 92,04.03.20,1.99238,12,With,Climax,Climax,2,2,NV,NV,Traveling,7,0.169352,169.352,Budongo (Waibira),Waibira (Individual 92),0.27506834992042845,21.84043503580795,short,0.0,1398.0,2020.0,03,04
523,Eastern,Budongo,Waibira,Individual 92,04.03.20,1.99238,12,With,Climax,Climax,2,2,NV,NV,Traveling,8,0.182635,182.635,Budongo (Waibira),Waibira (Individual 92),0.27506834992042845,21.84043503580795,short,0.0,1398.0,2020.0,03,04
523,Eastern,Budongo,Waibira,Individual 92,04.03.20,1.99238,12,With,Climax,Climax,2,2,NV,NV,Traveling,9,0.166032,166.032,Budongo (Waibira),Waibira (Individual 92),0.27506834992042845,21.84043503580795,short,0.0,1398.0,2020.0,03,04
523,Eastern,Budongo,Waibira,Individual 92,04.03.20,1.99238,12,With,Climax,Climax,2,2,NV,NV,Traveling,10,0.25901,259.01,Budongo (Waibira),Waibira (Individual 92),0.27506834992042845,21.84043503580795,short,0.0,1398.0,2020.0,03,04
523,Eastern,Budongo,Waibira,Individual 92,04.03.20,1.99238,12,With,Climax,Climax,2,2,NV,NV,Traveling,11,0.293876,293.87600000000003,Budongo (Waibira),Waibira (Individual 92),0.27506834992042845,21.84043503580795,short,0.0,1398.0,2020.0,03,04
524,Eastern,Budongo,Waibira,Individual 83,04.03.20,2.03812,5,With,Roar,Climax,1,2,NV,NV,Traveling,1,0.174105,174.10500000000002,Budongo (Waibira),Waibira (Individual 83),1.4208313114348574,161.77770748849548,medium,1.4338343733773984,1398.0,2020.0,03,04
524,Eastern,Budongo,Waibira,Individual 83,04.03.20,2.03812,5,With,Roar,Climax,1,2,NV,NV,Traveling,2,0.051868,51.867999999999995,Budongo (Waibira),Waibira (Individual 83),1.4208313114348574,161.77770748849548,medium,1.4338343733773984,1398.0,2020.0,03,04
524,Eastern,Budongo,Waibira,Individual 83,04.03.20,2.03812,5,With,Roar,Climax,1,2,NV,NV,Traveling,3,1.760469,1760.469,Budongo (Waibira),Waibira (Individual 83),1.4208313114348574,161.77770748849548,long,1.4338343733773984,1398.0,2020.0,03,04
524,Eastern,Budongo,Waibira,Individual 83,04.03.20,2.03812,5,With,Roar,Climax,1,2,NV,NV,Traveling,4,0.051675,51.675,Budongo (Waibira),Waibira (Individual 83),1.4208313114348574,161.77770748849548,medium,1.4338343733773984,1398.0,2020.0,03,04
526,Eastern,Budongo,Waibira,Individual 92,04.03.20,0.21916,3,With,Unk,Unk,0,0,NV,NV,Traveling,1,0.15441,154.41,Budongo (Waibira),Waibira (Individual 92),0.4090946423193801,81.81892846387602,short,0.0,1398.0,2020.0,03,04
526,Eastern,Budongo,Waibira,Individual 92,04.03.20,0.21916,3,With,Unk,Unk,0,0,NV,NV,Traveling,2,0.064752,64.75200000000001,Budongo (Waibira),Waibira (Individual 92),0.4090946423193801,81.81892846387602,short,0.0,1398.0,2020.0,03,04
532,Eastern,Budongo,Waibira,Individual 85,05.03.20,0.81088,4,With,Build-Up,Build-Up,1,1,NV,NV,Traveling,1,0.258331,258.33099999999996,Budongo (Waibira),Waibira (Individual 85),0.5981235768008736,101.0211862065456,medium,1.584962500721156,1397.0,2020.0,03,05
532,Eastern,Budongo,Waibira,Individual 85,05.03.20,0.81088,4,With,Build-Up,Build-Up,1,1,NV,NV,Traveling,2,0.47401,474.01,Budongo (Waibira),Waibira (Individual 85),0.5981235768008736,101.0211862065456,short,1.584962500721156,1397.0,2020.0,03,05
532,Eastern,Budongo,Waibira,Individual 85,05.03.20,0.81088,4,With,Build-Up,Build-Up,1,1,NV,NV,Traveling,3,0.078544,78.544,Budongo (Waibira),Waibira (Individual 85),0.5981235768008736,101.0211862065456,long,1.584962500721156,1397.0,2020.0,03,05
534,Eastern,Budongo,Waibira,Individual 92,06.03.20,3.60074,14,With,Build-Up,Let-Down,1,3,NV,NV,Resting,1,0.120782,120.782,Budongo (Waibira),Waibira (Individual 92),1.0975982824893507,88.15148678957563,short,1.5637814635855283,1396.0,2020.0,03,06
534,Eastern,Budongo,Waibira,Individual 92,06.03.20,3.60074,14,With,Build-Up,Let-Down,1,3,NV,NV,Resting,2,0.175994,175.994,Budongo (Waibira),Waibira (Individual 92),1.0975982824893507,88.15148678957563,short,1.5637814635855283,1396.0,2020.0,03,06
534,Eastern,Budongo,Waibira,Individual 92,06.03.20,3.60074,14,With,Build-Up,Let-Down,1,3,NV,NV,Resting,3,0.043168,43.168,Budongo (Waibira),Waibira (Individual 92),1.0975982824893507,88.15148678957563,short,1.5637814635855283,1396.0,2020.0,03,06
534,Eastern,Budongo,Waibira,Individual 92,06.03.20,3.60074,14,With,Build-Up,Let-Down,1,3,NV,NV,Resting,4,0.205879,205.87900000000002,Budongo (Waibira),Waibira (Individual 92),1.0975982824893507,88.15148678957563,short,1.5637814635855283,1396.0,2020.0,03,06
534,Eastern,Budongo,Waibira,Individual 92,06.03.20,3.60074,14,With,Build-Up,Let-Down,1,3,NV,NV,Resting,5,0.139393,139.393,Budongo (Waibira),Waibira (Individual 92),1.0975982824893507,88.15148678957563,short,1.5637814635855283,1396.0,2020.0,03,06
534,Eastern,Budongo,Waibira,Individual 92,06.03.20,3.60074,14,With,Build-Up,Let-Down,1,3,NV,NV,Resting,6,1.269976,1269.9759999999999,Budongo (Waibira),Waibira (Individual 92),1.0975982824893507,88.15148678957563,long,1.5637814635855283,1396.0,2020.0,03,06
534,Eastern,Budongo,Waibira,Individual 92,06.03.20,3.60074,14,With,Build-Up,Let-Down,1,3,NV,NV,Resting,7,0.063092,63.092,Budongo (Waibira),Waibira (Individual 92),1.0975982824893507,88.15148678957563,short,1.5637814635855283,1396.0,2020.0,03,06
534,Eastern,Budongo,Waibira,Individual 92,06.03.20,3.60074,14,With,Build-Up,Let-Down,1,3,NV,NV,Resting,8,0.245727,245.727,Budongo (Waibira),Waibira (Individual 92),1.0975982824893507,88.15148678957563,short,1.5637814635855283,1396.0,2020.0,03,06
534,Eastern,Budongo,Waibira,Individual 92,06.03.20,3.60074,14,With,Build-Up,Let-Down,1,3,NV,NV,Resting,9,0.249048,249.048,Budongo (Waibira),Waibira (Individual 92),1.0975982824893507,88.15148678957563,short,1.5637814635855283,1396.0,2020.0,03,06
534,Eastern,Budongo,Waibira,Individual 92,06.03.20,3.60074,14,With,Build-Up,Let-Down,1,3,NV,NV,Resting,10,0.395156,395.156,Budongo (Waibira),Waibira (Individual 92),1.0975982824893507,88.15148678957563,short,1.5637814635855283,1396.0,2020.0,03,06
534,Eastern,Budongo,Waibira,Individual 92,06.03.20,3.60074,14,With,Build-Up,Let-Down,1,3,NV,NV,Resting,11,0.202559,202.559,Budongo (Waibira),Waibira (Individual 92),1.0975982824893507,88.15148678957563,short,1.5637814635855283,1396.0,2020.0,03,06
534,Eastern,Budongo,Waibira,Individual 92,06.03.20,3.60074,14,With,Build-Up,Let-Down,1,3,NV,NV,Resting,12,0.116222,116.22200000000001,Budongo (Waibira),Waibira (Individual 92),1.0975982824893507,88.15148678957563,short,1.5637814635855283,1396.0,2020.0,03,06
534,Eastern,Budongo,Waibira,Individual 92,06.03.20,3.60074,14,With,Build-Up,Let-Down,1,3,NV,NV,Resting,13,0.373738,373.738,Budongo (Waibira),Waibira (Individual 92),1.0975982824893507,88.15148678957563,short,1.5637814635855283,1396.0,2020.0,03,06
535,Eastern,Budongo,Waibira,Individual 92,06.03.20,1.58062,9,With,Build-Up,Climax,1,2,NV,NV,Traveling,1,0.10294,102.94,Budongo (Waibira),Waibira (Individual 92),1.0662006121312424,65.56844735139,short,0.0,1396.0,2020.0,03,06
535,Eastern,Budongo,Waibira,Individual 92,06.03.20,1.58062,9,With,Build-Up,Climax,1,2,NV,NV,Traveling,2,0.073054,73.05399999999999,Budongo (Waibira),Waibira (Individual 92),1.0662006121312424,65.56844735139,short,0.0,1396.0,2020.0,03,06
535,Eastern,Budongo,Waibira,Individual 92,06.03.20,1.58062,9,With,Build-Up,Climax,1,2,NV,NV,Traveling,3,0.119543,119.54299999999999,Budongo (Waibira),Waibira (Individual 92),1.0662006121312424,65.56844735139,short,0.0,1396.0,2020.0,03,06
535,Eastern,Budongo,Waibira,Individual 92,06.03.20,1.58062,9,With,Build-Up,Climax,1,2,NV,NV,Traveling,4,0.063092,63.092,Budongo (Waibira),Waibira (Individual 92),1.0662006121312424,65.56844735139,short,0.0,1396.0,2020.0,03,06
535,Eastern,Budongo,Waibira,Individual 92,06.03.20,1.58062,9,With,Build-Up,Climax,1,2,NV,NV,Traveling,5,0.099619,99.619,Budongo (Waibira),Waibira (Individual 92),1.0662006121312424,65.56844735139,short,0.0,1396.0,2020.0,03,06
535,Eastern,Budongo,Waibira,Individual 92,06.03.20,1.58062,9,With,Build-Up,Climax,1,2,NV,NV,Traveling,6,0.05313,53.129999999999995,Budongo (Waibira),Waibira (Individual 92),1.0662006121312424,65.56844735139,short,0.0,1396.0,2020.0,03,06
535,Eastern,Budongo,Waibira,Individual 92,06.03.20,1.58062,9,With,Build-Up,Climax,1,2,NV,NV,Traveling,7,0.378552,378.552,Budongo (Waibira),Waibira (Individual 92),1.0662006121312424,65.56844735139,short,0.0,1396.0,2020.0,03,06
535,Eastern,Budongo,Waibira,Individual 92,06.03.20,1.58062,9,With,Build-Up,Climax,1,2,NV,NV,Traveling,8,0.690692,690.692,Budongo (Waibira),Waibira (Individual 92),1.0662006121312424,65.56844735139,short,0.0,1396.0,2020.0,03,06
536,Eastern,Budongo,Waibira,Individual 92,06.03.20,3.1268,5,With,Build-Up,Climax,1,2,NV,NV,Traveling,1,0.264416,264.416,Budongo (Waibira),Waibira (Individual 92),1.0130269778890246,100.62063978445545,short,1.4338343733773984,1396.0,2020.0,03,06
536,Eastern,Budongo,Waibira,Individual 92,06.03.20,3.1268,5,With,Build-Up,Climax,1,2,NV,NV,Traveling,2,2.151772,2151.772,Budongo (Waibira),Waibira (Individual 92),1.0130269778890246,100.62063978445545,long,1.4338343733773984,1396.0,2020.0,03,06
536,Eastern,Budongo,Waibira,Individual 92,06.03.20,3.1268,5,With,Build-Up,Climax,1,2,NV,NV,Traveling,3,0.351987,351.98699999999997,Budongo (Waibira),Waibira (Individual 92),1.0130269778890246,100.62063978445545,short,1.4338343733773984,1396.0,2020.0,03,06
536,Eastern,Budongo,Waibira,Individual 92,06.03.20,3.1268,5,With,Build-Up,Climax,1,2,NV,NV,Traveling,4,0.358629,358.62899999999996,Budongo (Waibira),Waibira (Individual 92),1.0130269778890246,100.62063978445545,short,1.4338343733773984,1396.0,2020.0,03,06
537,Eastern,Budongo,Waibira,Individual 79,06.03.20,0.82553,4,With,Build-Up,Climax,1,2,NV,NV,Resting,1,0.157501,157.501,Budongo (Waibira),Waibira (Individual 79),0.3024892650079945,37.07682560919347,medium,1.3082708345352603,1396.0,2020.0,03,06
537,Eastern,Budongo,Waibira,Individual 79,06.03.20,0.82553,4,With,Build-Up,Climax,1,2,NV,NV,Resting,2,0.336727,336.727,Budongo (Waibira),Waibira (Individual 79),0.3024892650079945,37.07682560919347,short,1.3082708345352603,1396.0,2020.0,03,06
537,Eastern,Budongo,Waibira,Individual 79,06.03.20,0.82553,4,With,Build-Up,Climax,1,2,NV,NV,Resting,3,0.331296,331.296,Budongo (Waibira),Waibira (Individual 79),0.3024892650079945,37.07682560919347,short,1.3082708345352603,1396.0,2020.0,03,06
538,Eastern,Budongo,Waibira,Individual 83,06.03.20,0.87665,4,With,Unk,Unk,0,0,NV,NV,Traveling,1,0.073054,73.05399999999999,Budongo (Waibira),Waibira (Individual 83),1.002476535999184,157.02649970722547,medium,1.3082708345352603,1396.0,2020.0,03,06
538,Eastern,Budongo,Waibira,Individual 83,06.03.20,0.87665,4,With,Unk,Unk,0,0,NV,NV,Traveling,2,0.706258,706.258,Budongo (Waibira),Waibira (Individual 83),1.002476535999184,157.02649970722547,short,1.3082708345352603,1396.0,2020.0,03,06
538,Eastern,Budongo,Waibira,Individual 83,06.03.20,0.87665,4,With,Unk,Unk,0,0,NV,NV,Traveling,3,0.097336,97.33600000000001,Budongo (Waibira),Waibira (Individual 83),1.002476535999184,157.02649970722547,medium,1.3082708345352603,1396.0,2020.0,03,06
539,Eastern,Budongo,Waibira,Individual 83,06.03.20,0.78985,4,With,Climax,Climax,2,2,NV,NV,Traveling,1,0.051529,51.528999999999996,Budongo (Waibira),Waibira (Individual 83),1.1499288383647885,173.4289987759401,medium,1.3082708345352603,1396.0,2020.0,03,06
539,Eastern,Budongo,Waibira,Individual 83,06.03.20,0.78985,4,With,Climax,Climax,2,2,NV,NV,Traveling,2,0.691439,691.4390000000001,Budongo (Waibira),Waibira (Individual 83),1.1499288383647885,173.4289987759401,short,1.3082708345352603,1396.0,2020.0,03,06
539,Eastern,Budongo,Waibira,Individual 83,06.03.20,0.78985,4,With,Climax,Climax,2,2,NV,NV,Traveling,3,0.046883,46.883,Budongo (Waibira),Waibira (Individual 83),1.1499288383647885,173.4289987759401,medium,1.3082708345352603,1396.0,2020.0,03,06
540,Eastern,Budongo,Waibira,Individual 92,06.03.20,0.69069,3,With,Build-Up,Unk,1,0,NV,NV,Traveling,1,0.31297,312.97,Budongo (Waibira),Waibira (Individual 92),0.5547588491655217,146.16600709820827,short,0.0,1396.0,2020.0,03,06
540,Eastern,Budongo,Waibira,Individual 92,06.03.20,0.69069,3,With,Build-Up,Unk,1,0,NV,NV,Traveling,2,0.04981,49.81,Budongo (Waibira),Waibira (Individual 92),0.5547588491655217,146.16600709820827,short,0.0,1396.0,2020.0,03,06
540,Eastern,Budongo,Waibira,Individual 92,06.03.20,0.69069,3,With,Build-Up,Unk,1,0,NV,NV,Traveling,3,0.327913,327.913,Budongo (Waibira),Waibira (Individual 92),0.5547588491655217,146.16600709820827,short,0.0,1396.0,2020.0,03,06
542,Eastern,Budongo,Waibira,Individual 79,06.03.20,0.43654,3,With,Climax,Climax,2,2,NV,NV,Traveling,1,0.081655,81.655,Budongo (Waibira),Waibira (Individual 79),0.6258999727402467,125.17999454804934,medium,1.0,1396.0,2020.0,03,06
542,Eastern,Budongo,Waibira,Individual 79,06.03.20,0.43654,3,With,Climax,Climax,2,2,NV,NV,Traveling,2,0.354886,354.88599999999997,Budongo (Waibira),Waibira (Individual 79),0.6258999727402467,125.17999454804934,short,1.0,1396.0,2020.0,03,06
543,Eastern,Budongo,Waibira,Individual 79,06.03.20,0.61764,3,With,Build-Up,Build-Up,1,1,NV,NV,Resting,1,0.375232,375.232,Budongo (Waibira),Waibira (Individual 79),0.21505477318429245,43.010954636858486,short,0.0,1396.0,2020.0,03,06
543,Eastern,Budongo,Waibira,Individual 79,06.03.20,0.61764,3,With,Build-Up,Build-Up,1,1,NV,NV,Resting,2,0.242406,242.406,Budongo (Waibira),Waibira (Individual 79),0.21505477318429245,43.010954636858486,short,0.0,1396.0,2020.0,03,06
548,Eastern,Budongo,Waibira,Individual 83,16.03.20,2.24143,4,With,Climax,Unk,2,0,NV,NV,Resting,1,0.215841,215.841,Budongo (Waibira),Waibira (Individual 83),1.0916159233259766,167.1328522501512,medium,1.3082708345352603,1386.0,2020.0,03,16
548,Eastern,Budongo,Waibira,Individual 83,16.03.20,2.24143,4,With,Climax,Unk,2,0,NV,NV,Resting,2,1.899403,1899.403,Budongo (Waibira),Waibira (Individual 83),1.0916159233259766,167.1328522501512,long,1.3082708345352603,1386.0,2020.0,03,16
548,Eastern,Budongo,Waibira,Individual 83,16.03.20,2.24143,4,With,Climax,Unk,2,0,NV,NV,Resting,3,0.126184,126.184,Budongo (Waibira),Waibira (Individual 83),1.0916159233259766,167.1328522501512,medium,1.3082708345352603,1386.0,2020.0,03,16
552,Eastern,Budongo,Waibira,Individual 85,07.06.23,0.45634,3,With,Climax,Climax,2,2,NV,NV,Traveling,1,0.080187,80.187,Budongo (Waibira),Waibira (Individual 85),0.648563126454514,129.7126252909028,long,1.0,208.0,2023.0,06,07
552,Eastern,Budongo,Waibira,Individual 85,07.06.23,0.45634,3,With,Climax,Climax,2,2,NV,NV,Traveling,2,0.376151,376.151,Budongo (Waibira),Waibira (Individual 85),0.648563126454514,129.7126252909028,medium,1.0,208.0,2023.0,06,07
555,Eastern,Budongo,Waibira,Individual 87,12.06.23,0.65509,5,With,Climax,Climax,2,2,NV,NV,Traveling,1,0.244758,244.758,Budongo (Waibira),Waibira (Individual 87),0.3237351451532074,34.37454456187901,long,1.4338343733773984,203.0,2023.0,06,12
555,Eastern,Budongo,Waibira,Individual 87,12.06.23,0.65509,5,With,Climax,Climax,2,2,NV,NV,Traveling,2,0.17517,175.17,Budongo (Waibira),Waibira (Individual 87),0.3237351451532074,34.37454456187901,short,1.4338343733773984,203.0,2023.0,06,12
555,Eastern,Budongo,Waibira,Individual 87,12.06.23,0.65509,5,With,Climax,Climax,2,2,NV,NV,Traveling,3,0.105582,105.582,Budongo (Waibira),Waibira (Individual 87),0.3237351451532074,34.37454456187901,short,1.4338343733773984,203.0,2023.0,06,12
555,Eastern,Budongo,Waibira,Individual 87,12.06.23,0.65509,5,With,Climax,Climax,2,2,NV,NV,Traveling,4,0.129578,129.578,Budongo (Waibira),Waibira (Individual 87),0.3237351451532074,34.37454456187901,short,1.4338343733773984,203.0,2023.0,06,12
556,Eastern,Budongo,Waibira,Individual 87,12.06.23,0.57419,3,With,Climax,Climax,2,2,NV,NV,Traveling,1,0.11448,114.48,Budongo (Waibira),Waibira (Individual 87),0.6012448906018422,120.24897812036843,short,1.0,203.0,2023.0,06,12
556,Eastern,Budongo,Waibira,Individual 87,12.06.23,0.57419,3,With,Climax,Climax,2,2,NV,NV,Traveling,2,0.459707,459.707,Budongo (Waibira),Waibira (Individual 87),0.6012448906018422,120.24897812036843,long,1.0,203.0,2023.0,06,12
557,Eastern,Budongo,Waibira,Individual 79,12.06.23,0.41541,3,With,Let-Down,Let-Down,3,3,NV,NV,Traveling,1,0.099337,99.33699999999999,Budongo (Waibira),Waibira (Individual 79),0.5217388164435532,104.34776328871065,medium,1.0,203.0,2023.0,06,12
557,Eastern,Budongo,Waibira,Individual 79,12.06.23,0.41541,3,With,Let-Down,Let-Down,3,3,NV,NV,Traveling,2,0.316072,316.072,Budongo (Waibira),Waibira (Individual 79),0.5217388164435532,104.34776328871065,short,1.0,203.0,2023.0,06,12
567,Eastern,Budongo,Waibira,Individual 83,06.07.23,0.19028,3,With,Climax,Climax,2,2,NV,NV,Traveling,1,0.116283,116.283,Budongo (Waibira),Waibira (Individual 83),0.22222397401737434,44.44479480347487,medium,0.0,179.0,2023.0,07,06
567,Eastern,Budongo,Waibira,Individual 83,06.07.23,0.19028,3,With,Climax,Climax,2,2,NV,NV,Traveling,2,0.073998,73.99799999999999,Budongo (Waibira),Waibira (Individual 83),0.22222397401737434,44.44479480347487,medium,0.0,179.0,2023.0,07,06
576,Eastern,Budongo,Waibira,Individual 80,19.07.23,0.08854,3,With,Climax,Climax,2,2,NV,NV,Traveling,1,0.044272,44.272,Budongo (Waibira),Waibira (Individual 80),0.0,0.0,short,0.0,166.0,2023.0,07,19
576,Eastern,Budongo,Waibira,Individual 80,19.07.23,0.08854,3,With,Climax,Climax,2,2,NV,NV,Traveling,2,0.044272,44.272,Budongo (Waibira),Waibira (Individual 80),0.0,0.0,short,0.0,166.0,2023.0,07,19
577,Eastern,Budongo,Waibira,Individual 77,19.07.23,0.28576,3,With,Climax,Climax,2,2,NV,NV,Traveling,1,0.161101,161.101,Budongo (Waibira),Waibira (Individual 77),0.1275187043763692,25.503740875273838,long,0.0,166.0,2023.0,07,19
577,Eastern,Budongo,Waibira,Individual 77,19.07.23,0.28576,3,With,Climax,Climax,2,2,NV,NV,Traveling,2,0.124661,124.66099999999999,Budongo (Waibira),Waibira (Individual 77),0.1275187043763692,25.503740875273838,long,0.0,166.0,2023.0,07,19
585,Eastern,Budongo,Waibira,Individual 80,26.07.23,1.0886,7,With,Build-Up,Climax,1,2,NV,NV,Traveling,1,0.073682,73.682,Budongo (Waibira),Waibira (Individual 80),0.6383811842562003,92.83783600286537,short,2.987468750600964,159.0,2023.0,07,26
585,Eastern,Budongo,Waibira,Individual 80,26.07.23,1.0886,7,With,Build-Up,Climax,1,2,NV,NV,Traveling,2,0.240061,240.061,Budongo (Waibira),Waibira (Individual 80),0.6383811842562003,92.83783600286537,medium,2.987468750600964,159.0,2023.0,07,26
585,Eastern,Budongo,Waibira,Individual 80,26.07.23,1.0886,7,With,Build-Up,Climax,1,2,NV,NV,Traveling,3,0.172917,172.91699999999997,Budongo (Waibira),Waibira (Individual 80),0.6383811842562003,92.83783600286537,medium,2.987468750600964,159.0,2023.0,07,26
585,Eastern,Budongo,Waibira,Individual 80,26.07.23,1.0886,7,With,Build-Up,Climax,1,2,NV,NV,Traveling,4,0.040999,40.999,Budongo (Waibira),Waibira (Individual 80),0.6383811842562003,92.83783600286537,short,2.987468750600964,159.0,2023.0,07,26
585,Eastern,Budongo,Waibira,Individual 80,26.07.23,1.0886,7,With,Build-Up,Climax,1,2,NV,NV,Traveling,5,0.166379,166.379,Budongo (Waibira),Waibira (Individual 80),0.6383811842562003,92.83783600286537,medium,2.987468750600964,159.0,2023.0,07,26
585,Eastern,Budongo,Waibira,Individual 80,26.07.23,1.0886,7,With,Build-Up,Climax,1,2,NV,NV,Traveling,6,0.394556,394.55600000000004,Budongo (Waibira),Waibira (Individual 80),0.6383811842562003,92.83783600286537,long,2.987468750600964,159.0,2023.0,07,26
588,Western,Fongoli,Fongoli,Individual 13,25.06.23,0.92585,5,With,Build-Up,Build-Up,1,1,NV,NV,Traveling,1,0.135088,135.08800000000002,Fongoli (Fongoli),Fongoli (Individual 13),0.25885815658650657,30.982079511492092,long,2.0,190.0,2023.0,06,25
588,Western,Fongoli,Fongoli,Individual 13,25.06.23,0.92585,5,With,Build-Up,Build-Up,1,1,NV,NV,Traveling,2,0.28006,280.06,Fongoli (Fongoli),Fongoli (Individual 13),0.25885815658650657,30.982079511492092,short,2.0,190.0,2023.0,06,25
588,Western,Fongoli,Fongoli,Individual 13,25.06.23,0.92585,5,With,Build-Up,Build-Up,1,1,NV,NV,Traveling,3,0.283355,283.355,Fongoli (Fongoli),Fongoli (Individual 13),0.25885815658650657,30.982079511492092,short,2.0,190.0,2023.0,06,25
588,Western,Fongoli,Fongoli,Individual 13,25.06.23,0.92585,5,With,Build-Up,Build-Up,1,1,NV,NV,Traveling,4,0.227343,227.343,Fongoli (Fongoli),Fongoli (Individual 13),0.25885815658650657,30.982079511492092,long,2.0,190.0,2023.0,06,25
589,Western,Fongoli,Fongoli,Individual 13,23.06.23,0.49757,4,With,Build-Up,Build-Up,1,1,NV,NV,Traveling,1,0.172885,172.88500000000002,Fongoli (Fongoli),Fongoli (Individual 13),0.07858972278421263,10.295810987265236,long,0.0,192.0,2023.0,06,23
589,Western,Fongoli,Fongoli,Individual 13,23.06.23,0.49757,4,With,Build-Up,Build-Up,1,1,NV,NV,Traveling,2,0.177102,177.102,Fongoli (Fongoli),Fongoli (Individual 13),0.07858972278421263,10.295810987265236,long,0.0,192.0,2023.0,06,23
589,Western,Fongoli,Fongoli,Individual 13,23.06.23,0.49757,4,With,Build-Up,Build-Up,1,1,NV,NV,Traveling,3,0.147585,147.585,Fongoli (Fongoli),Fongoli (Individual 13),0.07858972278421263,10.295810987265236,long,0.0,192.0,2023.0,06,23
592,Western,Fongoli,Fongoli,Individual 15,21.06.23,4.74128,17,With,Climax,Climax,2,2,NV,NV,Resting,1,0.231947,231.94699999999997,Fongoli (Fongoli),Fongoli (Individual 15),0.39000835979375087,26.812427962858525,short,0.0,194.0,2023.0,06,21
592,Western,Fongoli,Fongoli,Individual 15,21.06.23,4.74128,17,With,Climax,Climax,2,2,NV,NV,Resting,2,0.218303,218.303,Fongoli (Fongoli),Fongoli (Individual 15),0.39000835979375087,26.812427962858525,short,0.0,194.0,2023.0,06,21
592,Western,Fongoli,Fongoli,Individual 15,21.06.23,4.74128,17,With,Climax,Climax,2,2,NV,NV,Resting,3,0.231947,231.94699999999997,Fongoli (Fongoli),Fongoli (Individual 15),0.39000835979375087,26.812427962858525,short,0.0,194.0,2023.0,06,21
592,Western,Fongoli,Fongoli,Individual 15,21.06.23,4.74128,17,With,Climax,Climax,2,2,NV,NV,Resting,4,0.218303,218.303,Fongoli (Fongoli),Fongoli (Individual 15),0.39000835979375087,26.812427962858525,short,0.0,194.0,2023.0,06,21
592,Western,Fongoli,Fongoli,Individual 15,21.06.23,4.74128,17,With,Climax,Climax,2,2,NV,NV,Resting,5,0.259235,259.235,Fongoli (Fongoli),Fongoli (Individual 15),0.39000835979375087,26.812427962858525,short,0.0,194.0,2023.0,06,21
592,Western,Fongoli,Fongoli,Individual 15,21.06.23,4.74128,17,With,Climax,Climax,2,2,NV,NV,Resting,6,0.286523,286.523,Fongoli (Fongoli),Fongoli (Individual 15),0.39000835979375087,26.812427962858525,short,0.0,194.0,2023.0,06,21
592,Western,Fongoli,Fongoli,Individual 15,21.06.23,4.74128,17,With,Climax,Climax,2,2,NV,NV,Resting,7,0.443429,443.42900000000003,Fongoli (Fongoli),Fongoli (Individual 15),0.39000835979375087,26.812427962858525,short,0.0,194.0,2023.0,06,21
592,Western,Fongoli,Fongoli,Individual 15,21.06.23,4.74128,17,With,Climax,Climax,2,2,NV,NV,Resting,8,0.238769,238.769,Fongoli (Fongoli),Fongoli (Individual 15),0.39000835979375087,26.812427962858525,short,0.0,194.0,2023.0,06,21
592,Western,Fongoli,Fongoli,Individual 15,21.06.23,4.74128,17,With,Climax,Climax,2,2,NV,NV,Resting,9,0.313811,313.811,Fongoli (Fongoli),Fongoli (Individual 15),0.39000835979375087,26.812427962858525,short,0.0,194.0,2023.0,06,21
592,Western,Fongoli,Fongoli,Individual 15,21.06.23,4.74128,17,With,Climax,Climax,2,2,NV,NV,Resting,10,0.272879,272.87899999999996,Fongoli (Fongoli),Fongoli (Individual 15),0.39000835979375087,26.812427962858525,short,0.0,194.0,2023.0,06,21
592,Western,Fongoli,Fongoli,Individual 15,21.06.23,4.74128,17,With,Climax,Climax,2,2,NV,NV,Resting,11,0.293345,293.345,Fongoli (Fongoli),Fongoli (Individual 15),0.39000835979375087,26.812427962858525,short,0.0,194.0,2023.0,06,21
592,Western,Fongoli,Fongoli,Individual 15,21.06.23,4.74128,17,With,Climax,Climax,2,2,NV,NV,Resting,12,0.259235,259.235,Fongoli (Fongoli),Fongoli (Individual 15),0.39000835979375087,26.812427962858525,short,0.0,194.0,2023.0,06,21
592,Western,Fongoli,Fongoli,Individual 15,21.06.23,4.74128,17,With,Climax,Climax,2,2,NV,NV,Resting,13,0.238769,238.769,Fongoli (Fongoli),Fongoli (Individual 15),0.39000835979375087,26.812427962858525,short,0.0,194.0,2023.0,06,21
592,Western,Fongoli,Fongoli,Individual 15,21.06.23,4.74128,17,With,Climax,Climax,2,2,NV,NV,Resting,14,0.259235,259.235,Fongoli (Fongoli),Fongoli (Individual 15),0.39000835979375087,26.812427962858525,short,0.0,194.0,2023.0,06,21
592,Western,Fongoli,Fongoli,Individual 15,21.06.23,4.74128,17,With,Climax,Climax,2,2,NV,NV,Resting,15,0.695842,695.842,Fongoli (Fongoli),Fongoli (Individual 15),0.39000835979375087,26.812427962858525,short,0.0,194.0,2023.0,06,21
592,Western,Fongoli,Fongoli,Individual 15,21.06.23,4.74128,17,With,Climax,Climax,2,2,NV,NV,Resting,16,0.279701,279.70099999999996,Fongoli (Fongoli),Fongoli (Individual 15),0.39000835979375087,26.812427962858525,short,0.0,194.0,2023.0,06,21
593,Western,Fongoli,Fongoli,Individual 15,21.06.23,5.46734,14,With,Build-Up,after,1,0,NV,NV,Resting,1,0.176129,176.12900000000002,Fongoli (Fongoli),Fongoli (Individual 15),0.8036874415718853,60.762410921598736,short,1.563781463585528,194.0,2023.0,06,21
593,Western,Fongoli,Fongoli,Individual 15,21.06.23,5.46734,14,With,Build-Up,after,1,0,NV,NV,Resting,2,0.403629,403.629,Fongoli (Fongoli),Fongoli (Individual 15),0.8036874415718853,60.762410921598736,short,1.563781463585528,194.0,2023.0,06,21
593,Western,Fongoli,Fongoli,Individual 15,21.06.23,5.46734,14,With,Build-Up,after,1,0,NV,NV,Resting,3,0.198145,198.14499999999998,Fongoli (Fongoli),Fongoli (Individual 15),0.8036874415718853,60.762410921598736,short,1.563781463585528,194.0,2023.0,06,21
593,Western,Fongoli,Fongoli,Individual 15,21.06.23,5.46734,14,With,Build-Up,after,1,0,NV,NV,Resting,4,0.242177,242.177,Fongoli (Fongoli),Fongoli (Individual 15),0.8036874415718853,60.762410921598736,short,1.563781463585528,194.0,2023.0,06,21
593,Western,Fongoli,Fongoli,Individual 15,21.06.23,5.46734,14,With,Build-Up,after,1,0,NV,NV,Resting,5,0.249516,249.516,Fongoli (Fongoli),Fongoli (Individual 15),0.8036874415718853,60.762410921598736,short,1.563781463585528,194.0,2023.0,06,21
593,Western,Fongoli,Fongoli,Individual 15,21.06.23,5.46734,14,With,Build-Up,after,1,0,NV,NV,Resting,6,0.6825,682.5,Fongoli (Fongoli),Fongoli (Individual 15),0.8036874415718853,60.762410921598736,short,1.563781463585528,194.0,2023.0,06,21
593,Western,Fongoli,Fongoli,Individual 15,21.06.23,5.46734,14,With,Build-Up,after,1,0,NV,NV,Resting,7,0.469677,469.677,Fongoli (Fongoli),Fongoli (Individual 15),0.8036874415718853,60.762410921598736,short,1.563781463585528,194.0,2023.0,06,21
593,Western,Fongoli,Fongoli,Individual 15,21.06.23,5.46734,14,With,Build-Up,after,1,0,NV,NV,Resting,8,0.205484,205.484,Fongoli (Fongoli),Fongoli (Individual 15),0.8036874415718853,60.762410921598736,short,1.563781463585528,194.0,2023.0,06,21
593,Western,Fongoli,Fongoli,Individual 15,21.06.23,5.46734,14,With,Build-Up,after,1,0,NV,NV,Resting,9,0.579758,579.758,Fongoli (Fongoli),Fongoli (Individual 15),0.8036874415718853,60.762410921598736,short,1.563781463585528,194.0,2023.0,06,21
593,Western,Fongoli,Fongoli,Individual 15,21.06.23,5.46734,14,With,Build-Up,after,1,0,NV,NV,Resting,10,1.467742,1467.7420000000002,Fongoli (Fongoli),Fongoli (Individual 15),0.8036874415718853,60.762410921598736,long,1.563781463585528,194.0,2023.0,06,21
593,Western,Fongoli,Fongoli,Individual 15,21.06.23,5.46734,14,With,Build-Up,after,1,0,NV,NV,Resting,11,0.2275,227.5,Fongoli (Fongoli),Fongoli (Individual 15),0.8036874415718853,60.762410921598736,short,1.563781463585528,194.0,2023.0,06,21
593,Western,Fongoli,Fongoli,Individual 15,21.06.23,5.46734,14,With,Build-Up,after,1,0,NV,NV,Resting,12,0.278871,278.871,Fongoli (Fongoli),Fongoli (Individual 15),0.8036874415718853,60.762410921598736,short,1.563781463585528,194.0,2023.0,06,21
593,Western,Fongoli,Fongoli,Individual 15,21.06.23,5.46734,14,With,Build-Up,after,1,0,NV,NV,Resting,13,0.28621,286.21000000000004,Fongoli (Fongoli),Fongoli (Individual 15),0.8036874415718853,60.762410921598736,short,1.563781463585528,194.0,2023.0,06,21
594,Western,Fongoli,Fongoli,Individual 15,21.06.23,0.35711,3,With,Build-Up,Climax,1,2,NV,NV,Traveling,1,0.197943,197.943,Fongoli (Fongoli),Fongoli (Individual 15),0.10857037248609684,21.714074497219368,short,0.0,194.0,2023.0,06,21
594,Western,Fongoli,Fongoli,Individual 15,21.06.23,0.35711,3,With,Build-Up,Climax,1,2,NV,NV,Traveling,2,0.159171,159.17100000000002,Fongoli (Fongoli),Fongoli (Individual 15),0.10857037248609684,21.714074497219368,short,0.0,194.0,2023.0,06,21
596,Western,Fongoli,Fongoli,Individual 16,17.06.23,1.61873,7,With,Build-Up,Build-Up,1,1,NV,NV,Traveling,1,0.210592,210.592,Fongoli (Fongoli),Fongoli (Individual 16),0.9943598625072572,73.00107509798266,short,1.5268037744276668,198.0,2023.0,06,17
596,Western,Fongoli,Fongoli,Individual 16,17.06.23,1.61873,7,With,Build-Up,Build-Up,1,1,NV,NV,Traveling,2,0.204306,204.30599999999998,Fongoli (Fongoli),Fongoli (Individual 16),0.9943598625072572,73.00107509798266,short,1.5268037744276668,198.0,2023.0,06,17
596,Western,Fongoli,Fongoli,Individual 16,17.06.23,1.61873,7,With,Build-Up,Build-Up,1,1,NV,NV,Traveling,3,0.861229,861.229,Fongoli (Fongoli),Fongoli (Individual 16),0.9943598625072572,73.00107509798266,long,1.5268037744276668,198.0,2023.0,06,17
596,Western,Fongoli,Fongoli,Individual 16,17.06.23,1.61873,7,With,Build-Up,Build-Up,1,1,NV,NV,Traveling,4,0.132013,132.013,Fongoli (Fongoli),Fongoli (Individual 16),0.9943598625072572,73.00107509798266,short,1.5268037744276668,198.0,2023.0,06,17
596,Western,Fongoli,Fongoli,Individual 16,17.06.23,1.61873,7,With,Build-Up,Build-Up,1,1,NV,NV,Traveling,5,0.081722,81.72200000000001,Fongoli (Fongoli),Fongoli (Individual 16),0.9943598625072572,73.00107509798266,short,1.5268037744276668,198.0,2023.0,06,17
596,Western,Fongoli,Fongoli,Individual 16,17.06.23,1.61873,7,With,Build-Up,Build-Up,1,1,NV,NV,Traveling,6,0.12887,128.87,Fongoli (Fongoli),Fongoli (Individual 16),0.9943598625072572,73.00107509798266,short,1.5268037744276668,198.0,2023.0,06,17
604,Western,Fongoli,Fongoli,Individual 13,10.06.23,1.32051,6,With,Build-Up,Build-Up,1,1,NV,NV,Traveling,1,0.42427,424.27,Fongoli (Fongoli),Fongoli (Individual 13),0.3641756364323695,44.63421366026017,short,2.384080545409061,205.0,2023.0,06,10
604,Western,Fongoli,Fongoli,Individual 13,10.06.23,1.32051,6,With,Build-Up,Build-Up,1,1,NV,NV,Traveling,2,0.205859,205.85899999999998,Fongoli (Fongoli),Fongoli (Individual 13),0.3641756364323695,44.63421366026017,long,2.384080545409061,205.0,2023.0,06,10
604,Western,Fongoli,Fongoli,Individual 13,10.06.23,1.32051,6,With,Build-Up,Build-Up,1,1,NV,NV,Traveling,3,0.145608,145.60799999999998,Fongoli (Fongoli),Fongoli (Individual 13),0.3641756364323695,44.63421366026017,long,2.384080545409061,205.0,2023.0,06,10
604,Western,Fongoli,Fongoli,Individual 13,10.06.23,1.32051,6,With,Build-Up,Build-Up,1,1,NV,NV,Traveling,4,0.233474,233.474,Fongoli (Fongoli),Fongoli (Individual 13),0.3641756364323695,44.63421366026017,long,2.384080545409061,205.0,2023.0,06,10
604,Western,Fongoli,Fongoli,Individual 13,10.06.23,1.32051,6,With,Build-Up,Build-Up,1,1,NV,NV,Traveling,5,0.311299,311.299,Fongoli (Fongoli),Fongoli (Individual 13),0.3641756364323695,44.63421366026017,short,2.384080545409061,205.0,2023.0,06,10
605,Western,Fongoli,Fongoli,Individual 16,10.06.23,1.62981,12,With,Build-Up,Build-Up,1,1,NV,NV,Traveling,1,0.28704,287.04,Fongoli (Fongoli),Fongoli (Individual 16),0.425568617000857,39.65028996332074,short,0.0,205.0,2023.0,06,10
605,Western,Fongoli,Fongoli,Individual 16,10.06.23,1.62981,12,With,Build-Up,Build-Up,1,1,NV,NV,Traveling,2,0.107032,107.032,Fongoli (Fongoli),Fongoli (Individual 16),0.425568617000857,39.65028996332074,short,0.0,205.0,2023.0,06,10
605,Western,Fongoli,Fongoli,Individual 16,10.06.23,1.62981,12,With,Build-Up,Build-Up,1,1,NV,NV,Traveling,3,0.136222,136.222,Fongoli (Fongoli),Fongoli (Individual 16),0.425568617000857,39.65028996332074,short,0.0,205.0,2023.0,06,10
605,Western,Fongoli,Fongoli,Individual 16,10.06.23,1.62981,12,With,Build-Up,Build-Up,1,1,NV,NV,Traveling,4,0.121627,121.627,Fongoli (Fongoli),Fongoli (Individual 16),0.425568617000857,39.65028996332074,short,0.0,205.0,2023.0,06,10
605,Western,Fongoli,Fongoli,Individual 16,10.06.23,1.62981,12,With,Build-Up,Build-Up,1,1,NV,NV,Traveling,5,0.12406,124.06,Fongoli (Fongoli),Fongoli (Individual 16),0.425568617000857,39.65028996332074,short,0.0,205.0,2023.0,06,10
605,Western,Fongoli,Fongoli,Individual 16,10.06.23,1.62981,12,With,Build-Up,Build-Up,1,1,NV,NV,Traveling,6,0.201901,201.901,Fongoli (Fongoli),Fongoli (Individual 16),0.425568617000857,39.65028996332074,short,0.0,205.0,2023.0,06,10
605,Western,Fongoli,Fongoli,Individual 16,10.06.23,1.62981,12,With,Build-Up,Build-Up,1,1,NV,NV,Traveling,7,0.097302,97.30199999999999,Fongoli (Fongoli),Fongoli (Individual 16),0.425568617000857,39.65028996332074,short,0.0,205.0,2023.0,06,10
605,Western,Fongoli,Fongoli,Individual 16,10.06.23,1.62981,12,With,Build-Up,Build-Up,1,1,NV,NV,Traveling,8,0.109465,109.465,Fongoli (Fongoli),Fongoli (Individual 16),0.425568617000857,39.65028996332074,short,0.0,205.0,2023.0,06,10
605,Western,Fongoli,Fongoli,Individual 16,10.06.23,1.62981,12,With,Build-Up,Build-Up,1,1,NV,NV,Traveling,9,0.080274,80.274,Fongoli (Fongoli),Fongoli (Individual 16),0.425568617000857,39.65028996332074,short,0.0,205.0,2023.0,06,10
605,Western,Fongoli,Fongoli,Individual 16,10.06.23,1.62981,12,With,Build-Up,Build-Up,1,1,NV,NV,Traveling,10,0.121627,121.627,Fongoli (Fongoli),Fongoli (Individual 16),0.425568617000857,39.65028996332074,short,0.0,205.0,2023.0,06,10
605,Western,Fongoli,Fongoli,Individual 16,10.06.23,1.62981,12,With,Build-Up,Build-Up,1,1,NV,NV,Traveling,11,0.243254,243.254,Fongoli (Fongoli),Fongoli (Individual 16),0.425568617000857,39.65028996332074,short,0.0,205.0,2023.0,06,10
606,Western,Fongoli,Fongoli,Individual 17,09.06.23,1.3874,6,With,Build-Up,Climax,1,2,NV,NV,Traveling,1,0.0991,99.1,Fongoli (Fongoli),Fongoli (Individual 17),0.8192154899787455,70.06680004075406,short,2.384080545409061,206.0,2023.0,06,09
606,Western,Fongoli,Fongoli,Individual 17,09.06.23,1.3874,6,With,Build-Up,Climax,1,2,NV,NV,Traveling,2,0.128084,128.084,Fongoli (Fongoli),Fongoli (Individual 17),0.8192154899787455,70.06680004075406,short,2.384080545409061,206.0,2023.0,06,09
606,Western,Fongoli,Fongoli,Individual 17,09.06.23,1.3874,6,With,Build-Up,Climax,1,2,NV,NV,Traveling,3,0.056778,56.778,Fongoli (Fongoli),Fongoli (Individual 17),0.8192154899787455,70.06680004075406,short,2.384080545409061,206.0,2023.0,06,09
606,Western,Fongoli,Fongoli,Individual 17,09.06.23,1.3874,6,With,Build-Up,Climax,1,2,NV,NV,Traveling,4,0.501213,501.213,Fongoli (Fongoli),Fongoli (Individual 17),0.8192154899787455,70.06680004075406,long,2.384080545409061,206.0,2023.0,06,09
606,Western,Fongoli,Fongoli,Individual 17,09.06.23,1.3874,6,With,Build-Up,Climax,1,2,NV,NV,Traveling,5,0.602221,602.221,Fongoli (Fongoli),Fongoli (Individual 17),0.8192154899787455,70.06680004075406,long,2.384080545409061,206.0,2023.0,06,09
608,Western,Fongoli,Fongoli,Individual 17,09.06.23,0.86719,6,With,Build-Up,Build-Up,1,1,NV,NV,Traveling,1,0.105179,105.17899999999999,Fongoli (Fongoli),Fongoli (Individual 17),0.4192889048143236,35.01711315628747,short,0.0,206.0,2023.0,06,09
608,Western,Fongoli,Fongoli,Individual 17,09.06.23,0.86719,6,With,Build-Up,Build-Up,1,1,NV,NV,Traveling,2,0.096593,96.593,Fongoli (Fongoli),Fongoli (Individual 17),0.4192889048143236,35.01711315628747,short,0.0,206.0,2023.0,06,09
608,Western,Fongoli,Fongoli,Individual 17,09.06.23,0.86719,6,With,Build-Up,Build-Up,1,1,NV,NV,Traveling,3,0.154549,154.54899999999998,Fongoli (Fongoli),Fongoli (Individual 17),0.4192889048143236,35.01711315628747,short,0.0,206.0,2023.0,06,09
608,Western,Fongoli,Fongoli,Individual 17,09.06.23,0.86719,6,With,Build-Up,Build-Up,1,1,NV,NV,Traveling,4,0.287632,287.632,Fongoli (Fongoli),Fongoli (Individual 17),0.4192889048143236,35.01711315628747,short,0.0,206.0,2023.0,06,09
608,Western,Fongoli,Fongoli,Individual 17,09.06.23,0.86719,6,With,Build-Up,Build-Up,1,1,NV,NV,Traveling,5,0.223237,223.237,Fongoli (Fongoli),Fongoli (Individual 17),0.4192889048143236,35.01711315628747,short,0.0,206.0,2023.0,06,09
610,Western,Fongoli,Fongoli,Individual 17,09.06.23,1.98428,9,With,Build-Up,Climax,1,2,NV,NV,Traveling,1,0.091739,91.739,Fongoli (Fongoli),Fongoli (Individual 17),0.7689862858321753,50.702178830840914,short,2.8676687467547968,206.0,2023.0,06,09
610,Western,Fongoli,Fongoli,Individual 17,09.06.23,1.98428,9,With,Build-Up,Climax,1,2,NV,NV,Traveling,2,0.186875,186.875,Fongoli (Fongoli),Fongoli (Individual 17),0.7689862858321753,50.702178830840914,short,2.8676687467547968,206.0,2023.0,06,09
610,Western,Fongoli,Fongoli,Individual 17,09.06.23,1.98428,9,With,Build-Up,Climax,1,2,NV,NV,Traveling,3,0.22425,224.25,Fongoli (Fongoli),Fongoli (Individual 17),0.7689862858321753,50.702178830840914,short,2.8676687467547968,206.0,2023.0,06,09
610,Western,Fongoli,Fongoli,Individual 17,09.06.23,1.98428,9,With,Build-Up,Climax,1,2,NV,NV,Traveling,4,0.693138,693.138,Fongoli (Fongoli),Fongoli (Individual 17),0.7689862858321753,50.702178830840914,long,2.8676687467547968,206.0,2023.0,06,09
610,Western,Fongoli,Fongoli,Individual 17,09.06.23,1.98428,9,With,Build-Up,Climax,1,2,NV,NV,Traveling,5,0.397535,397.535,Fongoli (Fongoli),Fongoli (Individual 17),0.7689862858321753,50.702178830840914,long,2.8676687467547968,206.0,2023.0,06,09
610,Western,Fongoli,Fongoli,Individual 17,09.06.23,1.98428,9,With,Build-Up,Climax,1,2,NV,NV,Traveling,6,0.139307,139.307,Fongoli (Fongoli),Fongoli (Individual 17),0.7689862858321753,50.702178830840914,short,2.8676687467547968,206.0,2023.0,06,09
610,Western,Fongoli,Fongoli,Individual 17,09.06.23,1.98428,9,With,Build-Up,Climax,1,2,NV,NV,Traveling,7,0.132512,132.512,Fongoli (Fongoli),Fongoli (Individual 17),0.7689862858321753,50.702178830840914,short,2.8676687467547968,206.0,2023.0,06,09
610,Western,Fongoli,Fongoli,Individual 17,09.06.23,1.98428,9,With,Build-Up,Climax,1,2,NV,NV,Traveling,8,0.118921,118.92099999999999,Fongoli (Fongoli),Fongoli (Individual 17),0.7689862858321753,50.702178830840914,short,2.8676687467547968,206.0,2023.0,06,09
616,Western,Fongoli,Fongoli,Individual 16,27.05.23,1.7357,8,With,after,after,0,0,NV,NV,Traveling,1,0.109062,109.06200000000001,Fongoli (Fongoli),Fongoli (Individual 16),1.3932524025249557,50.46918842987231,short,1.544783155738533,219.0,2023.0,05,27
616,Western,Fongoli,Fongoli,Individual 16,27.05.23,1.7357,8,With,after,after,0,0,NV,NV,Traveling,2,0.118343,118.343,Fongoli (Fongoli),Fongoli (Individual 16),1.3932524025249557,50.46918842987231,short,1.544783155738533,219.0,2023.0,05,27
616,Western,Fongoli,Fongoli,Individual 16,27.05.23,1.7357,8,With,after,after,0,0,NV,NV,Traveling,3,0.074255,74.255,Fongoli (Fongoli),Fongoli (Individual 16),1.3932524025249557,50.46918842987231,short,1.544783155738533,219.0,2023.0,05,27
616,Western,Fongoli,Fongoli,Individual 16,27.05.23,1.7357,8,With,after,after,0,0,NV,NV,Traveling,4,0.109062,109.06200000000001,Fongoli (Fongoli),Fongoli (Individual 16),1.3932524025249557,50.46918842987231,short,1.544783155738533,219.0,2023.0,05,27
616,Western,Fongoli,Fongoli,Individual 16,27.05.23,1.7357,8,With,after,after,0,0,NV,NV,Traveling,5,0.092818,92.818,Fongoli (Fongoli),Fongoli (Individual 16),1.3932524025249557,50.46918842987231,short,1.544783155738533,219.0,2023.0,05,27
616,Western,Fongoli,Fongoli,Individual 16,27.05.23,1.7357,8,With,after,after,0,0,NV,NV,Traveling,6,0.139228,139.22799999999998,Fongoli (Fongoli),Fongoli (Individual 16),1.3932524025249557,50.46918842987231,short,1.544783155738533,219.0,2023.0,05,27
616,Western,Fongoli,Fongoli,Individual 16,27.05.23,1.7357,8,With,after,after,0,0,NV,NV,Traveling,7,1.092936,1092.936,Fongoli (Fongoli),Fongoli (Individual 16),1.3932524025249557,50.46918842987231,long,1.544783155738533,219.0,2023.0,05,27
620,Eastern,Gombe,Kasekela,Individual 34,17.08.17,1.2044,6,With,after,after,0,0,NV,NV,Resting,1,0.380688,380.68800000000005,Gombe (Kasekela),Kasekela (Individual 34),0.4329179951676767,66.4731297705423,short,0.0,2328.0,2017.0,08,17
620,Eastern,Gombe,Kasekela,Individual 34,17.08.17,1.2044,6,With,after,after,0,0,NV,NV,Resting,2,0.316127,316.127,Gombe (Kasekela),Kasekela (Individual 34),0.4329179951676767,66.4731297705423,short,0.0,2328.0,2017.0,08,17
620,Eastern,Gombe,Kasekela,Individual 34,17.08.17,1.2044,6,With,after,after,0,0,NV,NV,Resting,3,0.104634,104.634,Gombe (Kasekela),Kasekela (Individual 34),0.4329179951676767,66.4731297705423,short,0.0,2328.0,2017.0,08,17
620,Eastern,Gombe,Kasekela,Individual 34,17.08.17,1.2044,6,With,after,after,0,0,NV,NV,Resting,4,0.262697,262.697,Gombe (Kasekela),Kasekela (Individual 34),0.4329179951676767,66.4731297705423,short,0.0,2328.0,2017.0,08,17
620,Eastern,Gombe,Kasekela,Individual 34,17.08.17,1.2044,6,With,after,after,0,0,NV,NV,Resting,5,0.140254,140.254,Gombe (Kasekela),Kasekela (Individual 34),0.4329179951676767,66.4731297705423,short,0.0,2328.0,2017.0,08,17
622,Eastern,Gombe,Kasekela,Individual 34,27.05.17,2.38923,13,With,Build-Up,Build-Up,1,1,NV,NV,Traveling,1,0.053094,53.094,Gombe (Kasekela),Kasekela (Individual 34),0.49471460591092176,57.07885105258814,short,0.0,2410.0,2017.0,05,27
622,Eastern,Gombe,Kasekela,Individual 34,27.05.17,2.38923,13,With,Build-Up,Build-Up,1,1,NV,NV,Traveling,2,0.127426,127.42600000000002,Gombe (Kasekela),Kasekela (Individual 34),0.49471460591092176,57.07885105258814,short,0.0,2410.0,2017.0,05,27
622,Eastern,Gombe,Kasekela,Individual 34,27.05.17,2.38923,13,With,Build-Up,Build-Up,1,1,NV,NV,Traveling,3,0.323572,323.572,Gombe (Kasekela),Kasekela (Individual 34),0.49471460591092176,57.07885105258814,short,0.0,2410.0,2017.0,05,27
622,Eastern,Gombe,Kasekela,Individual 34,27.05.17,2.38923,13,With,Build-Up,Build-Up,1,1,NV,NV,Traveling,4,0.07292,72.92,Gombe (Kasekela),Kasekela (Individual 34),0.49471460591092176,57.07885105258814,short,0.0,2410.0,2017.0,05,27
622,Eastern,Gombe,Kasekela,Individual 34,27.05.17,2.38923,13,With,Build-Up,Build-Up,1,1,NV,NV,Traveling,5,0.048255,48.255,Gombe (Kasekela),Kasekela (Individual 34),0.49471460591092176,57.07885105258814,short,0.0,2410.0,2017.0,05,27
622,Eastern,Gombe,Kasekela,Individual 34,27.05.17,2.38923,13,With,Build-Up,Build-Up,1,1,NV,NV,Traveling,6,0.231628,231.62800000000001,Gombe (Kasekela),Kasekela (Individual 34),0.49471460591092176,57.07885105258814,short,0.0,2410.0,2017.0,05,27
622,Eastern,Gombe,Kasekela,Individual 34,27.05.17,2.38923,13,With,Build-Up,Build-Up,1,1,NV,NV,Traveling,7,0.178438,178.43800000000002,Gombe (Kasekela),Kasekela (Individual 34),0.49471460591092176,57.07885105258814,short,0.0,2410.0,2017.0,05,27
622,Eastern,Gombe,Kasekela,Individual 34,27.05.17,2.38923,13,With,Build-Up,Build-Up,1,1,NV,NV,Traveling,8,0.345111,345.111,Gombe (Kasekela),Kasekela (Individual 34),0.49471460591092176,57.07885105258814,short,0.0,2410.0,2017.0,05,27
622,Eastern,Gombe,Kasekela,Individual 34,27.05.17,2.38923,13,With,Build-Up,Build-Up,1,1,NV,NV,Traveling,9,0.249542,249.542,Gombe (Kasekela),Kasekela (Individual 34),0.49471460591092176,57.07885105258814,short,0.0,2410.0,2017.0,05,27
622,Eastern,Gombe,Kasekela,Individual 34,27.05.17,2.38923,13,With,Build-Up,Build-Up,1,1,NV,NV,Traveling,10,0.254851,254.851,Gombe (Kasekela),Kasekela (Individual 34),0.49471460591092176,57.07885105258814,short,0.0,2410.0,2017.0,05,27
622,Eastern,Gombe,Kasekela,Individual 34,27.05.17,2.38923,13,With,Build-Up,Build-Up,1,1,NV,NV,Traveling,11,0.222995,222.995,Gombe (Kasekela),Kasekela (Individual 34),0.49471460591092176,57.07885105258814,short,0.0,2410.0,2017.0,05,27
622,Eastern,Gombe,Kasekela,Individual 34,27.05.17,2.38923,13,With,Build-Up,Build-Up,1,1,NV,NV,Traveling,12,0.281397,281.397,Gombe (Kasekela),Kasekela (Individual 34),0.49471460591092176,57.07885105258814,short,0.0,2410.0,2017.0,05,27
627,Eastern,Gombe,Kasekela,Individual 34,20.08.17,2.15501,7,With,Build-Up,Build-Up,1,1,NV,NV,Traveling,1,0.148622,148.622,Gombe (Kasekela),Kasekela (Individual 34),0.805384091556526,54.8407378981414,short,1.5268037744276668,2325.0,2017.0,08,20
627,Eastern,Gombe,Kasekela,Individual 34,20.08.17,2.15501,7,With,Build-Up,Build-Up,1,1,NV,NV,Traveling,2,0.14119,141.19,Gombe (Kasekela),Kasekela (Individual 34),0.805384091556526,54.8407378981414,short,1.5268037744276668,2325.0,2017.0,08,20
627,Eastern,Gombe,Kasekela,Individual 34,20.08.17,2.15501,7,With,Build-Up,Build-Up,1,1,NV,NV,Traveling,3,0.988333,988.333,Gombe (Kasekela),Kasekela (Individual 34),0.805384091556526,54.8407378981414,long,1.5268037744276668,2325.0,2017.0,08,20
627,Eastern,Gombe,Kasekela,Individual 34,20.08.17,2.15501,7,With,Build-Up,Build-Up,1,1,NV,NV,Traveling,4,0.30839,308.39,Gombe (Kasekela),Kasekela (Individual 34),0.805384091556526,54.8407378981414,short,1.5268037744276668,2325.0,2017.0,08,20
627,Eastern,Gombe,Kasekela,Individual 34,20.08.17,2.15501,7,With,Build-Up,Build-Up,1,1,NV,NV,Traveling,5,0.300959,300.959,Gombe (Kasekela),Kasekela (Individual 34),0.805384091556526,54.8407378981414,short,1.5268037744276668,2325.0,2017.0,08,20
627,Eastern,Gombe,Kasekela,Individual 34,20.08.17,2.15501,7,With,Build-Up,Build-Up,1,1,NV,NV,Traveling,6,0.267519,267.519,Gombe (Kasekela),Kasekela (Individual 34),0.805384091556526,54.8407378981414,short,1.5268037744276668,2325.0,2017.0,08,20
640,Eastern,Gombe,Kasekela,Individual 32,01.10.17,2.31243,6,With,Build-Up,Climax,1,2,NV,NV,Resting,1,0.145118,145.118,Gombe (Kasekela),Kasekela (Individual 32),0.84519683693958,65.56787793956754,short,2.384080545409061,2283.0,2017.0,10,01
640,Eastern,Gombe,Kasekela,Individual 32,01.10.17,2.31243,6,With,Build-Up,Climax,1,2,NV,NV,Resting,2,0.094642,94.64200000000001,Gombe (Kasekela),Kasekela (Individual 32),0.84519683693958,65.56787793956754,short,2.384080545409061,2283.0,2017.0,10,01
640,Eastern,Gombe,Kasekela,Individual 32,01.10.17,2.31243,6,With,Build-Up,Climax,1,2,NV,NV,Resting,3,0.214523,214.523,Gombe (Kasekela),Kasekela (Individual 32),0.84519683693958,65.56787793956754,short,2.384080545409061,2283.0,2017.0,10,01
640,Eastern,Gombe,Kasekela,Individual 32,01.10.17,2.31243,6,With,Build-Up,Climax,1,2,NV,NV,Resting,4,0.80446,804.4599999999999,Gombe (Kasekela),Kasekela (Individual 32),0.84519683693958,65.56787793956754,long,2.384080545409061,2283.0,2017.0,10,01
640,Eastern,Gombe,Kasekela,Individual 32,01.10.17,2.31243,6,With,Build-Up,Climax,1,2,NV,NV,Resting,5,1.053686,1053.686,Gombe (Kasekela),Kasekela (Individual 32),0.84519683693958,65.56787793956754,long,2.384080545409061,2283.0,2017.0,10,01
641,Eastern,Gombe,Kasekela,Individual 32,01.10.17,1.04294,6,With,Let-Down,Let-Down,3,3,NV,NV,Resting,1,0.116105,116.105,Gombe (Kasekela),Kasekela (Individual 32),0.9387042751810536,87.84364834332273,short,1.4945555226170317,2283.0,2017.0,10,01
641,Eastern,Gombe,Kasekela,Individual 32,01.10.17,1.04294,6,With,Let-Down,Let-Down,3,3,NV,NV,Resting,2,0.080072,80.072,Gombe (Kasekela),Kasekela (Individual 32),0.9387042751810536,87.84364834332273,short,1.4945555226170317,2283.0,2017.0,10,01
641,Eastern,Gombe,Kasekela,Individual 32,01.10.17,1.04294,6,With,Let-Down,Let-Down,3,3,NV,NV,Resting,3,0.136123,136.123,Gombe (Kasekela),Kasekela (Individual 32),0.9387042751810536,87.84364834332273,short,1.4945555226170317,2283.0,2017.0,10,01
641,Eastern,Gombe,Kasekela,Individual 32,01.10.17,1.04294,6,With,Let-Down,Let-Down,3,3,NV,NV,Resting,4,0.598541,598.5409999999999,Gombe (Kasekela),Kasekela (Individual 32),0.9387042751810536,87.84364834332273,long,1.4945555226170317,2283.0,2017.0,10,01
641,Eastern,Gombe,Kasekela,Individual 32,01.10.17,1.04294,6,With,Let-Down,Let-Down,3,3,NV,NV,Resting,5,0.112101,112.101,Gombe (Kasekela),Kasekela (Individual 32),0.9387042751810536,87.84364834332273,short,1.4945555226170317,2283.0,2017.0,10,01
642,Eastern,Gombe,Kasekela,Individual 32,01.10.17,1.58881,8,With,Let-Down,Let-Down,3,3,NV,NV,Resting,1,0.109738,109.738,Gombe (Kasekela),Kasekela (Individual 32),1.2813630432826917,96.07726923673458,short,1.544783155738533,2283.0,2017.0,10,01
642,Eastern,Gombe,Kasekela,Individual 32,01.10.17,1.58881,8,With,Let-Down,Let-Down,3,3,NV,NV,Resting,2,0.104967,104.967,Gombe (Kasekela),Kasekela (Individual 32),1.2813630432826917,96.07726923673458,short,1.544783155738533,2283.0,2017.0,10,01
642,Eastern,Gombe,Kasekela,Individual 32,01.10.17,1.58881,8,With,Let-Down,Let-Down,3,3,NV,NV,Resting,3,0.932771,932.7710000000001,Gombe (Kasekela),Kasekela (Individual 32),1.2813630432826917,96.07726923673458,long,1.544783155738533,2283.0,2017.0,10,01
642,Eastern,Gombe,Kasekela,Individual 32,01.10.17,1.58881,8,With,Let-Down,Let-Down,3,3,NV,NV,Resting,4,0.169378,169.37800000000001,Gombe (Kasekela),Kasekela (Individual 32),1.2813630432826917,96.07726923673458,short,1.544783155738533,2283.0,2017.0,10,01
642,Eastern,Gombe,Kasekela,Individual 32,01.10.17,1.58881,8,With,Let-Down,Let-Down,3,3,NV,NV,Resting,5,0.062026,62.025999999999996,Gombe (Kasekela),Kasekela (Individual 32),1.2813630432826917,96.07726923673458,short,1.544783155738533,2283.0,2017.0,10,01
642,Eastern,Gombe,Kasekela,Individual 32,01.10.17,1.58881,8,With,Let-Down,Let-Down,3,3,NV,NV,Resting,6,0.155064,155.06400000000002,Gombe (Kasekela),Kasekela (Individual 32),1.2813630432826917,96.07726923673458,short,1.544783155738533,2283.0,2017.0,10,01
642,Eastern,Gombe,Kasekela,Individual 32,01.10.17,1.58881,8,With,Let-Down,Let-Down,3,3,NV,NV,Resting,7,0.054869,54.869,Gombe (Kasekela),Kasekela (Individual 32),1.2813630432826917,96.07726923673458,short,1.544783155738533,2283.0,2017.0,10,01
643,Eastern,Gombe,Kasekela,Individual 32,01.10.17,1.98645,8,With,Build-Up,Climax,1,2,NV,NV,Resting,1,0.164149,164.149,Gombe (Kasekela),Kasekela (Individual 32),0.9136210787941517,114.13816609887712,short,2.7664414810694944,2283.0,2017.0,10,01
643,Eastern,Gombe,Kasekela,Individual 32,01.10.17,1.98645,8,With,Build-Up,Climax,1,2,NV,NV,Resting,2,0.085643,85.643,Gombe (Kasekela),Kasekela (Individual 32),0.9136210787941517,114.13816609887712,short,2.7664414810694944,2283.0,2017.0,10,01
643,Eastern,Gombe,Kasekela,Individual 32,01.10.17,1.98645,8,With,Build-Up,Climax,1,2,NV,NV,Resting,3,0.766031,766.0310000000001,Gombe (Kasekela),Kasekela (Individual 32),0.9136210787941517,114.13816609887712,long,2.7664414810694944,2283.0,2017.0,10,01
643,Eastern,Gombe,Kasekela,Individual 32,01.10.17,1.98645,8,With,Build-Up,Climax,1,2,NV,NV,Resting,4,0.099917,99.917,Gombe (Kasekela),Kasekela (Individual 32),0.9136210787941517,114.13816609887712,short,2.7664414810694944,2283.0,2017.0,10,01
643,Eastern,Gombe,Kasekela,Individual 32,01.10.17,1.98645,8,With,Build-Up,Climax,1,2,NV,NV,Resting,5,0.168907,168.907,Gombe (Kasekela),Kasekela (Individual 32),0.9136210787941517,114.13816609887712,short,2.7664414810694944,2283.0,2017.0,10,01
643,Eastern,Gombe,Kasekela,Individual 32,01.10.17,1.98645,8,With,Build-Up,Climax,1,2,NV,NV,Resting,6,0.60426,604.26,Gombe (Kasekela),Kasekela (Individual 32),0.9136210787941517,114.13816609887712,long,2.7664414810694944,2283.0,2017.0,10,01
643,Eastern,Gombe,Kasekela,Individual 32,01.10.17,1.98645,8,With,Build-Up,Climax,1,2,NV,NV,Resting,7,0.097539,97.539,Gombe (Kasekela),Kasekela (Individual 32),0.9136210787941517,114.13816609887712,short,2.7664414810694944,2283.0,2017.0,10,01
644,Eastern,Gombe,Kasekela,Individual 32,01.10.17,0.36601,3,With,Climax,Climax,2,2,NV,NV,Resting,1,0.324686,324.686,Gombe (Kasekela),Kasekela (Individual 32),0.7741919619682521,154.83839239365042,short,0.0,2283.0,2017.0,10,01
644,Eastern,Gombe,Kasekela,Individual 32,01.10.17,0.36601,3,With,Climax,Climax,2,2,NV,NV,Resting,2,0.041324,41.324,Gombe (Kasekela),Kasekela (Individual 32),0.7741919619682521,154.83839239365042,short,0.0,2283.0,2017.0,10,01
660,Eastern,Kibale,Kanyawara,Individual 25,27.07.11,0.95637,5,With,Climax,Let-Down,2,3,NV,NV,Traveling,1,0.163859,163.859,Kibale (Kanyawara),Kanyawara (Individual 25),1.020898503774716,134.06085028725403,medium,1.4338343733773984,4541.0,2011.0,07,27
660,Eastern,Kibale,Kanyawara,Individual 25,27.07.11,0.95637,5,With,Climax,Let-Down,2,3,NV,NV,Traveling,2,0.072483,72.483,Kibale (Kanyawara),Kanyawara (Individual 25),1.020898503774716,134.06085028725403,medium,1.4338343733773984,4541.0,2011.0,07,27
660,Eastern,Kibale,Kanyawara,Individual 25,27.07.11,0.95637,5,With,Climax,Let-Down,2,3,NV,NV,Traveling,3,0.656372,656.372,Kibale (Kanyawara),Kanyawara (Individual 25),1.020898503774716,134.06085028725403,long,1.4338343733773984,4541.0,2011.0,07,27
660,Eastern,Kibale,Kanyawara,Individual 25,27.07.11,0.95637,5,With,Climax,Let-Down,2,3,NV,NV,Traveling,4,0.063657,63.657000000000004,Kibale (Kanyawara),Kanyawara (Individual 25),1.020898503774716,134.06085028725403,medium,1.4338343733773984,4541.0,2011.0,07,27
661,Eastern,Kibale,Kanyawara,Individual 28,19.10.10,0.54716,4,With,Roar,Roar,1,1,NV,NV,Traveling,1,0.148153,148.15300000000002,Kibale (Kanyawara),Kanyawara (Individual 28),0.13337326069393735,16.962941939049966,short,0.0,4822.0,2010.0,10,19
661,Eastern,Kibale,Kanyawara,Individual 28,19.10.10,0.54716,4,With,Roar,Roar,1,1,NV,NV,Traveling,2,0.202448,202.44799999999998,Kibale (Kanyawara),Kanyawara (Individual 28),0.13337326069393735,16.962941939049966,short,0.0,4822.0,2010.0,10,19
661,Eastern,Kibale,Kanyawara,Individual 28,19.10.10,0.54716,4,With,Roar,Roar,1,1,NV,NV,Traveling,3,0.196556,196.556,Kibale (Kanyawara),Kanyawara (Individual 28),0.13337326069393735,16.962941939049966,short,0.0,4822.0,2010.0,10,19
663,Eastern,Kibale,Kanyawara,Individual 28,19.12.10,0.91564,7,With,Roar,Let-Down,1,3,NV,NV,Traveling,1,0.094396,94.396,Kibale (Kanyawara),Kanyawara (Individual 28),0.4299388831971972,57.42185927775389,short,0.0,4761.0,2010.0,12,19
663,Eastern,Kibale,Kanyawara,Individual 28,19.12.10,0.91564,7,With,Roar,Let-Down,1,3,NV,NV,Traveling,2,0.136285,136.285,Kibale (Kanyawara),Kanyawara (Individual 28),0.4299388831971972,57.42185927775389,short,0.0,4761.0,2010.0,12,19
663,Eastern,Kibale,Kanyawara,Individual 28,19.12.10,0.91564,7,With,Roar,Let-Down,1,3,NV,NV,Traveling,3,0.160474,160.47400000000002,Kibale (Kanyawara),Kanyawara (Individual 28),0.4299388831971972,57.42185927775389,short,0.0,4761.0,2010.0,12,19
663,Eastern,Kibale,Kanyawara,Individual 28,19.12.10,0.91564,7,With,Roar,Let-Down,1,3,NV,NV,Traveling,4,0.061358,61.358000000000004,Kibale (Kanyawara),Kanyawara (Individual 28),0.4299388831971972,57.42185927775389,short,0.0,4761.0,2010.0,12,19
663,Eastern,Kibale,Kanyawara,Individual 28,19.12.10,0.91564,7,With,Roar,Let-Down,1,3,NV,NV,Traveling,5,0.25723,257.23,Kibale (Kanyawara),Kanyawara (Individual 28),0.4299388831971972,57.42185927775389,short,0.0,4761.0,2010.0,12,19
663,Eastern,Kibale,Kanyawara,Individual 28,19.12.10,0.91564,7,With,Roar,Let-Down,1,3,NV,NV,Traveling,6,0.205902,205.90200000000002,Kibale (Kanyawara),Kanyawara (Individual 28),0.4299388831971972,57.42185927775389,short,0.0,4761.0,2010.0,12,19
664,Eastern,Kibale,Kanyawara,Individual 25,21.12.10,0.66343,5,With,Build-Up,Build-Up,1,1,NV,NV,Traveling,1,0.196638,196.638,Kibale (Kanyawara),Kanyawara (Individual 25),0.6003153489215177,111.8122600640143,short,2.0,4759.0,2010.0,12,21
664,Eastern,Kibale,Kanyawara,Individual 25,21.12.10,0.66343,5,With,Build-Up,Build-Up,1,1,NV,NV,Traveling,2,0.074532,74.532,Kibale (Kanyawara),Kanyawara (Individual 25),0.6003153489215177,111.8122600640143,medium,2.0,4759.0,2010.0,12,21
664,Eastern,Kibale,Kanyawara,Individual 25,21.12.10,0.66343,5,With,Build-Up,Build-Up,1,1,NV,NV,Traveling,3,0.315573,315.573,Kibale (Kanyawara),Kanyawara (Individual 25),0.6003153489215177,111.8122600640143,short,2.0,4759.0,2010.0,12,21
664,Eastern,Kibale,Kanyawara,Individual 25,21.12.10,0.66343,5,With,Build-Up,Build-Up,1,1,NV,NV,Traveling,4,0.076686,76.686,Kibale (Kanyawara),Kanyawara (Individual 25),0.6003153489215177,111.8122600640143,medium,2.0,4759.0,2010.0,12,21
665,Eastern,Kibale,Kanyawara,Individual 25,21.12.10,0.43103,4,With,Climax,Climax,2,2,NV,NV,Traveling,1,0.066729,66.729,Kibale (Kanyawara),Kanyawara (Individual 25),0.7931682556201058,131.40401434853084,medium,1.3082708345352603,4759.0,2010.0,12,21
665,Eastern,Kibale,Kanyawara,Individual 25,21.12.10,0.43103,4,With,Climax,Climax,2,2,NV,NV,Traveling,2,0.304787,304.787,Kibale (Kanyawara),Kanyawara (Individual 25),0.7931682556201058,131.40401434853084,short,1.3082708345352603,4759.0,2010.0,12,21
665,Eastern,Kibale,Kanyawara,Individual 25,21.12.10,0.43103,4,With,Climax,Climax,2,2,NV,NV,Traveling,3,0.059515,59.515,Kibale (Kanyawara),Kanyawara (Individual 25),0.7931682556201058,131.40401434853084,medium,1.3082708345352603,4759.0,2010.0,12,21
666,Eastern,Kibale,Kanyawara,Individual 25,21.12.10,0.50914,4,With,Climax,Climax,2,2,NV,NV,Resting,1,0.136866,136.86599999999999,Kibale (Kanyawara),Kanyawara (Individual 25),0.32420358382913456,37.3315430927477,medium,1.3082708345352603,4759.0,2010.0,12,21
666,Eastern,Kibale,Kanyawara,Individual 25,21.12.10,0.50914,4,With,Climax,Climax,2,2,NV,NV,Resting,2,0.125048,125.04799999999999,Kibale (Kanyawara),Kanyawara (Individual 25),0.32420358382913456,37.3315430927477,medium,1.3082708345352603,4759.0,2010.0,12,21
666,Eastern,Kibale,Kanyawara,Individual 25,21.12.10,0.50914,4,With,Climax,Climax,2,2,NV,NV,Resting,3,0.247226,247.226,Kibale (Kanyawara),Kanyawara (Individual 25),0.32420358382913456,37.3315430927477,short,1.3082708345352603,4759.0,2010.0,12,21
667,Eastern,Kibale,Kanyawara,Individual 25,23.12.10,0.51374,4,With,Build-Up,Build-Up,1,1,NV,NV,Traveling,1,0.096489,96.489,Kibale (Kanyawara),Kanyawara (Individual 25),0.6066342285004878,105.95884259674915,medium,1.3082708345352603,4757.0,2010.0,12,23
667,Eastern,Kibale,Kanyawara,Individual 25,23.12.10,0.51374,4,With,Build-Up,Build-Up,1,1,NV,NV,Traveling,2,0.318152,318.152,Kibale (Kanyawara),Kanyawara (Individual 25),0.6066342285004878,105.95884259674915,short,1.3082708345352603,4757.0,2010.0,12,23
667,Eastern,Kibale,Kanyawara,Individual 25,23.12.10,0.51374,4,With,Build-Up,Build-Up,1,1,NV,NV,Traveling,3,0.099097,99.09700000000001,Kibale (Kanyawara),Kanyawara (Individual 25),0.6066342285004878,105.95884259674915,medium,1.3082708345352603,4757.0,2010.0,12,23
669,Eastern,Kibale,Kanyawara,Individual 29,26.07.11,1.66332,5,With,Build-Up,Build-Up,1,1,NV,NV,Resting,1,0.176341,176.341,Kibale (Kanyawara),Kanyawara (Individual 29),0.9962969790391496,113.10429922795004,short,1.4338343733773984,4542.0,2011.0,07,26
669,Eastern,Kibale,Kanyawara,Individual 29,26.07.11,1.66332,5,With,Build-Up,Build-Up,1,1,NV,NV,Resting,2,0.284215,284.215,Kibale (Kanyawara),Kanyawara (Individual 29),0.9962969790391496,113.10429922795004,short,1.4338343733773984,4542.0,2011.0,07,26
669,Eastern,Kibale,Kanyawara,Individual 29,26.07.11,1.66332,5,With,Build-Up,Build-Up,1,1,NV,NV,Resting,3,1.122445,1122.445,Kibale (Kanyawara),Kanyawara (Individual 29),0.9962969790391496,113.10429922795004,long,1.4338343733773984,4542.0,2011.0,07,26
669,Eastern,Kibale,Kanyawara,Individual 29,26.07.11,1.66332,5,With,Build-Up,Build-Up,1,1,NV,NV,Resting,4,0.080322,80.322,Kibale (Kanyawara),Kanyawara (Individual 29),0.9962969790391496,113.10429922795004,short,1.4338343733773984,4542.0,2011.0,07,26
671,Eastern,Kibale,Kanyawara,Individual 29,23.12.10,0.26412,3,With,Pause after BUp,Pause after BUp,1,0,NV,NV,Resting,1,0.140579,140.579,Kibale (Kanyawara),Kanyawara (Individual 29),0.0645166175724487,12.90332351448974,short,0.0,4757.0,2010.0,12,23
671,Eastern,Kibale,Kanyawara,Individual 29,23.12.10,0.26412,3,With,Pause after BUp,Pause after BUp,1,0,NV,NV,Resting,2,0.123539,123.539,Kibale (Kanyawara),Kanyawara (Individual 29),0.0645166175724487,12.90332351448974,short,0.0,4757.0,2010.0,12,23
672,Eastern,Kibale,Kanyawara,Individual 29,23.12.10,1.77073,7,With,Build-Up,Build-Up,1,1,NV,NV,Traveling,1,0.11274,112.74000000000001,Kibale (Kanyawara),Kanyawara (Individual 29),0.6152108521643214,79.10815763065351,short,1.5268037744276668,4757.0,2010.0,12,23
672,Eastern,Kibale,Kanyawara,Individual 29,23.12.10,1.77073,7,With,Build-Up,Build-Up,1,1,NV,NV,Traveling,2,0.652753,652.753,Kibale (Kanyawara),Kanyawara (Individual 29),0.6152108521643214,79.10815763065351,long,1.5268037744276668,4757.0,2010.0,12,23
672,Eastern,Kibale,Kanyawara,Individual 29,23.12.10,1.77073,7,With,Build-Up,Build-Up,1,1,NV,NV,Traveling,3,0.105486,105.48599999999999,Kibale (Kanyawara),Kanyawara (Individual 29),0.6152108521643214,79.10815763065351,short,1.5268037744276668,4757.0,2010.0,12,23
672,Eastern,Kibale,Kanyawara,Individual 29,23.12.10,1.77073,7,With,Build-Up,Build-Up,1,1,NV,NV,Traveling,4,0.312852,312.85200000000003,Kibale (Kanyawara),Kanyawara (Individual 29),0.6152108521643214,79.10815763065351,short,1.5268037744276668,4757.0,2010.0,12,23
672,Eastern,Kibale,Kanyawara,Individual 29,23.12.10,1.77073,7,With,Build-Up,Build-Up,1,1,NV,NV,Traveling,5,0.306541,306.541,Kibale (Kanyawara),Kanyawara (Individual 29),0.6152108521643214,79.10815763065351,short,1.5268037744276668,4757.0,2010.0,12,23
672,Eastern,Kibale,Kanyawara,Individual 29,23.12.10,1.77073,7,With,Build-Up,Build-Up,1,1,NV,NV,Traveling,6,0.280354,280.354,Kibale (Kanyawara),Kanyawara (Individual 29),0.6152108521643214,79.10815763065351,short,1.5268037744276668,4757.0,2010.0,12,23
673,Eastern,Kibale,Kanyawara,Individual 28,01.11.10,0.89764,4,With,Build-Up,Build-Up,1,1,NV,NV,Traveling,1,0.302075,302.075,Kibale (Kanyawara),Kanyawara (Individual 28),0.6753351139651366,154.49539569110925,long,1.3082708345352603,4809.0,2010.0,11,01
673,Eastern,Kibale,Kanyawara,Individual 28,01.11.10,0.89764,4,With,Build-Up,Build-Up,1,1,NV,NV,Traveling,2,0.05039,50.39,Kibale (Kanyawara),Kanyawara (Individual 28),0.6753351139651366,154.49539569110925,short,1.3082708345352603,4809.0,2010.0,11,01
673,Eastern,Kibale,Kanyawara,Individual 28,01.11.10,0.89764,4,With,Build-Up,Build-Up,1,1,NV,NV,Traveling,3,0.545529,545.529,Kibale (Kanyawara),Kanyawara (Individual 28),0.6753351139651366,154.49539569110925,long,1.3082708345352603,4809.0,2010.0,11,01
674,Eastern,Kibale,Kanyawara,Individual 28,01.11.10,2.32674,13,With,Build-Up,Let-Down,1,3,NV,NV,Resting,1,0.109444,109.444,Kibale (Kanyawara),Kanyawara (Individual 28),0.4977022095205909,55.99951995384893,short,3.0536075488553336,4809.0,2010.0,11,01
674,Eastern,Kibale,Kanyawara,Individual 28,01.11.10,2.32674,13,With,Build-Up,Let-Down,1,3,NV,NV,Resting,2,0.259209,259.209,Kibale (Kanyawara),Kanyawara (Individual 28),0.4977022095205909,55.99951995384893,short,3.0536075488553336,4809.0,2010.0,11,01
674,Eastern,Kibale,Kanyawara,Individual 28,01.11.10,2.32674,13,With,Build-Up,Let-Down,1,3,NV,NV,Resting,3,0.076232,76.232,Kibale (Kanyawara),Kanyawara (Individual 28),0.4977022095205909,55.99951995384893,short,3.0536075488553336,4809.0,2010.0,11,01
674,Eastern,Kibale,Kanyawara,Individual 28,01.11.10,2.32674,13,With,Build-Up,Let-Down,1,3,NV,NV,Resting,4,0.349932,349.932,Kibale (Kanyawara),Kanyawara (Individual 28),0.4977022095205909,55.99951995384893,long,3.0536075488553336,4809.0,2010.0,11,01
674,Eastern,Kibale,Kanyawara,Individual 28,01.11.10,2.32674,13,With,Build-Up,Let-Down,1,3,NV,NV,Resting,5,0.249128,249.128,Kibale (Kanyawara),Kanyawara (Individual 28),0.4977022095205909,55.99951995384893,short,3.0536075488553336,4809.0,2010.0,11,01
674,Eastern,Kibale,Kanyawara,Individual 28,01.11.10,2.32674,13,With,Build-Up,Let-Down,1,3,NV,NV,Resting,6,0.24118,241.18,Kibale (Kanyawara),Kanyawara (Individual 28),0.4977022095205909,55.99951995384893,short,3.0536075488553336,4809.0,2010.0,11,01
674,Eastern,Kibale,Kanyawara,Individual 28,01.11.10,2.32674,13,With,Build-Up,Let-Down,1,3,NV,NV,Resting,7,0.162726,162.726,Kibale (Kanyawara),Kanyawara (Individual 28),0.4977022095205909,55.99951995384893,short,3.0536075488553336,4809.0,2010.0,11,01
674,Eastern,Kibale,Kanyawara,Individual 28,01.11.10,2.32674,13,With,Build-Up,Let-Down,1,3,NV,NV,Resting,8,0.143715,143.715,Kibale (Kanyawara),Kanyawara (Individual 28),0.4977022095205909,55.99951995384893,short,3.0536075488553336,4809.0,2010.0,11,01
674,Eastern,Kibale,Kanyawara,Individual 28,01.11.10,2.32674,13,With,Build-Up,Let-Down,1,3,NV,NV,Resting,9,0.069122,69.122,Kibale (Kanyawara),Kanyawara (Individual 28),0.4977022095205909,55.99951995384893,short,3.0536075488553336,4809.0,2010.0,11,01
674,Eastern,Kibale,Kanyawara,Individual 28,01.11.10,2.32674,13,With,Build-Up,Let-Down,1,3,NV,NV,Resting,10,0.072002,72.002,Kibale (Kanyawara),Kanyawara (Individual 28),0.4977022095205909,55.99951995384893,short,3.0536075488553336,4809.0,2010.0,11,01
674,Eastern,Kibale,Kanyawara,Individual 28,01.11.10,2.32674,13,With,Build-Up,Let-Down,1,3,NV,NV,Resting,11,0.267849,267.849,Kibale (Kanyawara),Kanyawara (Individual 28),0.4977022095205909,55.99951995384893,short,3.0536075488553336,4809.0,2010.0,11,01
674,Eastern,Kibale,Kanyawara,Individual 28,01.11.10,2.32674,13,With,Build-Up,Let-Down,1,3,NV,NV,Resting,12,0.326113,326.113,Kibale (Kanyawara),Kanyawara (Individual 28),0.4977022095205909,55.99951995384893,long,3.0536075488553336,4809.0,2010.0,11,01
676,Eastern,Kibale,Kanyawara,Individual 24,26.02.11,1.50039,5,With,Climax,Climax,2,2,NV,NV,Traveling,1,0.052994,52.994,Kibale (Kanyawara),Kanyawara (Individual 24),0.9063434946493975,163.88975944476866,short,2.0,4692.0,2011.0,02,26
676,Eastern,Kibale,Kanyawara,Individual 24,26.02.11,1.50039,5,With,Climax,Climax,2,2,NV,NV,Traveling,2,0.881021,881.0210000000001,Kibale (Kanyawara),Kanyawara (Individual 24),0.9063434946493975,163.88975944476866,medium,2.0,4692.0,2011.0,02,26
676,Eastern,Kibale,Kanyawara,Individual 24,26.02.11,1.50039,5,With,Climax,Climax,2,2,NV,NV,Traveling,3,0.076179,76.179,Kibale (Kanyawara),Kanyawara (Individual 24),0.9063434946493975,163.88975944476866,short,2.0,4692.0,2011.0,02,26
676,Eastern,Kibale,Kanyawara,Individual 24,26.02.11,1.50039,5,With,Climax,Climax,2,2,NV,NV,Traveling,4,0.490192,490.192,Kibale (Kanyawara),Kanyawara (Individual 24),0.9063434946493975,163.88975944476866,long,2.0,4692.0,2011.0,02,26
677,Eastern,Kibale,Kanyawara,Individual 24,26.02.11,1.79982,5,With,Climax,Let-Down,2,3,NV,NV,Resting,1,0.146726,146.726,Kibale (Kanyawara),Kanyawara (Individual 24),1.0220836359941243,131.91715882911973,short,2.0,4692.0,2011.0,02,26
677,Eastern,Kibale,Kanyawara,Individual 24,26.02.11,1.79982,5,With,Climax,Let-Down,2,3,NV,NV,Resting,2,1.227866,1227.866,Kibale (Kanyawara),Kanyawara (Individual 24),1.0220836359941243,131.91715882911973,medium,2.0,4692.0,2011.0,02,26
677,Eastern,Kibale,Kanyawara,Individual 24,26.02.11,1.79982,5,With,Climax,Let-Down,2,3,NV,NV,Resting,3,0.347224,347.224,Kibale (Kanyawara),Kanyawara (Individual 24),1.0220836359941243,131.91715882911973,long,2.0,4692.0,2011.0,02,26
677,Eastern,Kibale,Kanyawara,Individual 24,26.02.11,1.79982,5,With,Climax,Let-Down,2,3,NV,NV,Resting,4,0.078,78.0,Kibale (Kanyawara),Kanyawara (Individual 24),1.0220836359941243,131.91715882911973,short,2.0,4692.0,2011.0,02,26
679,Eastern,Kibale,Kanyawara,Individual 28,26.03.11,1.88317,9,With,Roar,Let-Down,1,3,NV,NV,Resting,1,0.199148,199.148,Kibale (Kanyawara),Kanyawara (Individual 28),0.73450328347008,49.01049707993358,short,1.5549511023971747,4664.0,2011.0,03,26
679,Eastern,Kibale,Kanyawara,Individual 28,26.03.11,1.88317,9,With,Roar,Let-Down,1,3,NV,NV,Resting,2,0.19216,192.16,Kibale (Kanyawara),Kanyawara (Individual 28),0.73450328347008,49.01049707993358,short,1.5549511023971747,4664.0,2011.0,03,26
679,Eastern,Kibale,Kanyawara,Individual 28,26.03.11,1.88317,9,With,Roar,Let-Down,1,3,NV,NV,Resting,3,0.150234,150.234,Kibale (Kanyawara),Kanyawara (Individual 28),0.73450328347008,49.01049707993358,short,1.5549511023971747,4664.0,2011.0,03,26
679,Eastern,Kibale,Kanyawara,Individual 28,26.03.11,1.88317,9,With,Roar,Let-Down,1,3,NV,NV,Resting,4,0.688282,688.2819999999999,Kibale (Kanyawara),Kanyawara (Individual 28),0.73450328347008,49.01049707993358,long,1.5549511023971747,4664.0,2011.0,03,26
679,Eastern,Kibale,Kanyawara,Individual 28,26.03.11,1.88317,9,With,Roar,Let-Down,1,3,NV,NV,Resting,5,0.132765,132.765,Kibale (Kanyawara),Kanyawara (Individual 28),0.73450328347008,49.01049707993358,short,1.5549511023971747,4664.0,2011.0,03,26
679,Eastern,Kibale,Kanyawara,Individual 28,26.03.11,1.88317,9,With,Roar,Let-Down,1,3,NV,NV,Resting,6,0.143247,143.247,Kibale (Kanyawara),Kanyawara (Individual 28),0.73450328347008,49.01049707993358,short,1.5549511023971747,4664.0,2011.0,03,26
679,Eastern,Kibale,Kanyawara,Individual 28,26.03.11,1.88317,9,With,Roar,Let-Down,1,3,NV,NV,Resting,7,0.199148,199.148,Kibale (Kanyawara),Kanyawara (Individual 28),0.73450328347008,49.01049707993358,short,1.5549511023971747,4664.0,2011.0,03,26
679,Eastern,Kibale,Kanyawara,Individual 28,26.03.11,1.88317,9,With,Roar,Let-Down,1,3,NV,NV,Resting,8,0.178185,178.185,Kibale (Kanyawara),Kanyawara (Individual 28),0.73450328347008,49.01049707993358,short,1.5549511023971747,4664.0,2011.0,03,26
686,Eastern,Kibale,Kanyawara,Individual 28,13.12.10,1.54426,7,With,Roar,Let-Down,1,3,NV,NV,Traveling,1,0.368569,368.56899999999996,Kibale (Kanyawara),Kanyawara (Individual 28),0.41005286989190926,79.35735279012746,long,2.6165416690705205,4767.0,2010.0,12,13
686,Eastern,Kibale,Kanyawara,Individual 28,13.12.10,1.54426,7,With,Roar,Let-Down,1,3,NV,NV,Traveling,2,0.093309,93.309,Kibale (Kanyawara),Kanyawara (Individual 28),0.41005286989190926,79.35735279012746,short,2.6165416690705205,4767.0,2010.0,12,13
686,Eastern,Kibale,Kanyawara,Individual 28,13.12.10,1.54426,7,With,Roar,Let-Down,1,3,NV,NV,Traveling,3,0.387231,387.231,Kibale (Kanyawara),Kanyawara (Individual 28),0.41005286989190926,79.35735279012746,long,2.6165416690705205,4767.0,2010.0,12,13
686,Eastern,Kibale,Kanyawara,Individual 28,13.12.10,1.54426,7,With,Roar,Let-Down,1,3,NV,NV,Traveling,4,0.158625,158.625,Kibale (Kanyawara),Kanyawara (Individual 28),0.41005286989190926,79.35735279012746,short,2.6165416690705205,4767.0,2010.0,12,13
686,Eastern,Kibale,Kanyawara,Individual 28,13.12.10,1.54426,7,With,Roar,Let-Down,1,3,NV,NV,Traveling,5,0.286924,286.92400000000004,Kibale (Kanyawara),Kanyawara (Individual 28),0.41005286989190926,79.35735279012746,short,2.6165416690705205,4767.0,2010.0,12,13
686,Eastern,Kibale,Kanyawara,Individual 28,13.12.10,1.54426,7,With,Roar,Let-Down,1,3,NV,NV,Traveling,6,0.2496,249.6,Kibale (Kanyawara),Kanyawara (Individual 28),0.41005286989190926,79.35735279012746,short,2.6165416690705205,4767.0,2010.0,12,13
687,Eastern,Kibale,Kanyawara,Individual 24,21.04.11,0.53354,3,With,Climax,Climax,2,2,NV,NV,Traveling,1,0.082464,82.464,Kibale (Kanyawara),Kanyawara (Individual 24),0.6908803634584785,138.1760726916957,short,1.0,4638.0,2011.0,04,21
687,Eastern,Kibale,Kanyawara,Individual 24,21.04.11,0.53354,3,With,Climax,Climax,2,2,NV,NV,Traveling,2,0.451077,451.077,Kibale (Kanyawara),Kanyawara (Individual 24),0.6908803634584785,138.1760726916957,long,1.0,4638.0,2011.0,04,21
689,Western,Taï,Middle,Individual 37,28.10.99,1.23887,7,With,Build-Up,Climax,1,2,NV,NV,Traveling,1,0.1058,105.80000000000001,Taï (Middle),Middle (Individual 37),0.3445447372359585,45.374719621982265,short,3.0,8831.0,1999.0,10,28
689,Western,Taï,Middle,Individual 37,28.10.99,1.23887,7,With,Build-Up,Climax,1,2,NV,NV,Traveling,2,0.306672,306.672,Taï (Middle),Middle (Individual 37),0.3445447372359585,45.374719621982265,long,3.0,8831.0,1999.0,10,28
689,Western,Taï,Middle,Individual 37,28.10.99,1.23887,7,With,Build-Up,Climax,1,2,NV,NV,Traveling,3,0.164635,164.635,Taï (Middle),Middle (Individual 37),0.3445447372359585,45.374719621982265,short,3.0,8831.0,1999.0,10,28
689,Western,Taï,Middle,Individual 37,28.10.99,1.23887,7,With,Build-Up,Climax,1,2,NV,NV,Traveling,4,0.148494,148.494,Taï (Middle),Middle (Individual 37),0.3445447372359585,45.374719621982265,short,3.0,8831.0,1999.0,10,28
689,Western,Taï,Middle,Individual 37,28.10.99,1.23887,7,With,Build-Up,Climax,1,2,NV,NV,Traveling,5,0.261478,261.478,Taï (Middle),Middle (Individual 37),0.3445447372359585,45.374719621982265,long,3.0,8831.0,1999.0,10,28
689,Western,Taï,Middle,Individual 37,28.10.99,1.23887,7,With,Build-Up,Climax,1,2,NV,NV,Traveling,6,0.251794,251.794,Taï (Middle),Middle (Individual 37),0.3445447372359585,45.374719621982265,long,3.0,8831.0,1999.0,10,28
690,Western,Taï,Middle,Individual 37,28.10.99,1.61922,7,With,Climax,Let-Down,2,3,NV,NV,Traveling,1,0.258173,258.173,Taï (Middle),Middle (Individual 37),0.5821752595785022,101.10936807834106,long,2.987468750600964,8831.0,1999.0,10,28
690,Western,Taï,Middle,Individual 37,28.10.99,1.61922,7,With,Climax,Let-Down,2,3,NV,NV,Traveling,2,0.142872,142.87199999999999,Taï (Middle),Middle (Individual 37),0.5821752595785022,101.10936807834106,short,2.987468750600964,8831.0,1999.0,10,28
690,Western,Taï,Middle,Individual 37,28.10.99,1.61922,7,With,Climax,Let-Down,2,3,NV,NV,Traveling,3,0.335875,335.875,Taï (Middle),Middle (Individual 37),0.5821752595785022,101.10936807834106,long,2.987468750600964,8831.0,1999.0,10,28
690,Western,Taï,Middle,Individual 37,28.10.99,1.61922,7,With,Climax,Let-Down,2,3,NV,NV,Traveling,4,0.040104,40.104,Taï (Middle),Middle (Individual 37),0.5821752595785022,101.10936807834106,short,2.987468750600964,8831.0,1999.0,10,28
690,Western,Taï,Middle,Individual 37,28.10.99,1.61922,7,With,Climax,Let-Down,2,3,NV,NV,Traveling,5,0.300784,300.784,Taï (Middle),Middle (Individual 37),0.5821752595785022,101.10936807834106,long,2.987468750600964,8831.0,1999.0,10,28
690,Western,Taï,Middle,Individual 37,28.10.99,1.61922,7,With,Climax,Let-Down,2,3,NV,NV,Traveling,6,0.54141,541.41,Taï (Middle),Middle (Individual 37),0.5821752595785022,101.10936807834106,medium,2.987468750600964,8831.0,1999.0,10,28
691,Western,Taï,Middle,Individual 37,28.10.99,0.31141,3,With,Build-Up,Build-Up,1,1,NV,NV,Traveling,1,0.152514,152.514,Taï (Middle),Middle (Individual 37),0.020500173403722444,4.100034680744489,short,0.0,8831.0,1999.0,10,28
691,Western,Taï,Middle,Individual 37,28.10.99,0.31141,3,With,Build-Up,Build-Up,1,1,NV,NV,Traveling,2,0.158898,158.89800000000002,Taï (Middle),Middle (Individual 37),0.020500173403722444,4.100034680744489,short,0.0,8831.0,1999.0,10,28
692,Western,Taï,Middle,Individual 38,11.10.99,1.96241,10,With,Climax,Let-Down,2,3,NV,NV,Traveling,1,0.075316,75.31599999999999,Taï (Middle),Middle (Individual 38),0.6095555965401381,71.06022519297873,short,1.5605694548611453,8848.0,1999.0,10,11
692,Western,Taï,Middle,Individual 38,11.10.99,1.96241,10,With,Climax,Let-Down,2,3,NV,NV,Traveling,2,0.305449,305.449,Taï (Middle),Middle (Individual 38),0.6095555965401381,71.06022519297873,short,1.5605694548611453,8848.0,1999.0,10,11
692,Western,Taï,Middle,Individual 38,11.10.99,1.96241,10,With,Climax,Let-Down,2,3,NV,NV,Traveling,3,0.213396,213.39600000000002,Taï (Middle),Middle (Individual 38),0.6095555965401381,71.06022519297873,short,1.5605694548611453,8848.0,1999.0,10,11
692,Western,Taï,Middle,Individual 38,11.10.99,1.96241,10,With,Climax,Let-Down,2,3,NV,NV,Traveling,4,0.276159,276.159,Taï (Middle),Middle (Individual 38),0.6095555965401381,71.06022519297873,short,1.5605694548611453,8848.0,1999.0,10,11
692,Western,Taï,Middle,Individual 38,11.10.99,1.96241,10,With,Climax,Let-Down,2,3,NV,NV,Traveling,5,0.121343,121.343,Taï (Middle),Middle (Individual 38),0.6095555965401381,71.06022519297873,short,1.5605694548611453,8848.0,1999.0,10,11
692,Western,Taï,Middle,Individual 38,11.10.99,1.96241,10,With,Climax,Let-Down,2,3,NV,NV,Traveling,6,0.117158,117.158,Taï (Middle),Middle (Individual 38),0.6095555965401381,71.06022519297873,short,1.5605694548611453,8848.0,1999.0,10,11
692,Western,Taï,Middle,Individual 38,11.10.99,1.96241,10,With,Climax,Let-Down,2,3,NV,NV,Traveling,7,0.497924,497.924,Taï (Middle),Middle (Individual 38),0.6095555965401381,71.06022519297873,long,1.5605694548611453,8848.0,1999.0,10,11
692,Western,Taï,Middle,Individual 38,11.10.99,1.96241,10,With,Climax,Let-Down,2,3,NV,NV,Traveling,8,0.292896,292.896,Taï (Middle),Middle (Individual 38),0.6095555965401381,71.06022519297873,short,1.5605694548611453,8848.0,1999.0,10,11
692,Western,Taï,Middle,Individual 38,11.10.99,1.96241,10,With,Climax,Let-Down,2,3,NV,NV,Traveling,9,0.062763,62.763,Taï (Middle),Middle (Individual 38),0.6095555965401381,71.06022519297873,short,1.5605694548611453,8848.0,1999.0,10,11
694,Western,Taï,Middle,Individual 38,17.11.99,1.63786,7,With,Build-Up,Climax,1,2,NV,NV,Traveling,1,0.116274,116.274,Taï (Middle),Middle (Individual 38),0.588194394035812,65.28642808223563,short,2.6165416690705205,8811.0,1999.0,11,17
694,Western,Taï,Middle,Individual 38,17.11.99,1.63786,7,With,Build-Up,Climax,1,2,NV,NV,Traveling,2,0.232549,232.549,Taï (Middle),Middle (Individual 38),0.588194394035812,65.28642808223563,short,2.6165416690705205,8811.0,1999.0,11,17
694,Western,Taï,Middle,Individual 38,17.11.99,1.63786,7,With,Build-Up,Climax,1,2,NV,NV,Traveling,3,0.553305,553.3050000000001,Taï (Middle),Middle (Individual 38),0.588194394035812,65.28642808223563,long,2.6165416690705205,8811.0,1999.0,11,17
694,Western,Taï,Middle,Individual 38,17.11.99,1.63786,7,With,Build-Up,Climax,1,2,NV,NV,Traveling,4,0.388918,388.918,Taï (Middle),Middle (Individual 38),0.588194394035812,65.28642808223563,long,2.6165416690705205,8811.0,1999.0,11,17
694,Western,Taï,Middle,Individual 38,17.11.99,1.63786,7,With,Build-Up,Climax,1,2,NV,NV,Traveling,5,0.264624,264.624,Taï (Middle),Middle (Individual 38),0.588194394035812,65.28642808223563,short,2.6165416690705205,8811.0,1999.0,11,17
694,Western,Taï,Middle,Individual 38,17.11.99,1.63786,7,With,Build-Up,Climax,1,2,NV,NV,Traveling,6,0.082194,82.194,Taï (Middle),Middle (Individual 38),0.588194394035812,65.28642808223563,short,2.6165416690705205,8811.0,1999.0,11,17
695,Western,Taï,Middle,Individual 38,17.11.99,1.5159,12,With,Build-Up,Climax,1,2,NV,NV,Traveling,1,0.083659,83.65899999999999,Taï (Middle),Middle (Individual 38),1.0328629512336196,76.19117652265639,short,1.5645258176027994,8811.0,1999.0,11,17
695,Western,Taï,Middle,Individual 38,17.11.99,1.5159,12,With,Build-Up,Climax,1,2,NV,NV,Traveling,2,0.080313,80.313,Taï (Middle),Middle (Individual 38),1.0328629512336196,76.19117652265639,short,1.5645258176027994,8811.0,1999.0,11,17
695,Western,Taï,Middle,Individual 38,17.11.99,1.5159,12,With,Build-Up,Climax,1,2,NV,NV,Traveling,3,0.043503,43.503,Taï (Middle),Middle (Individual 38),1.0328629512336196,76.19117652265639,short,1.5645258176027994,8811.0,1999.0,11,17
695,Western,Taï,Middle,Individual 38,17.11.99,1.5159,12,With,Build-Up,Climax,1,2,NV,NV,Traveling,4,0.093698,93.69800000000001,Taï (Middle),Middle (Individual 38),1.0328629512336196,76.19117652265639,short,1.5645258176027994,8811.0,1999.0,11,17
695,Western,Taï,Middle,Individual 38,17.11.99,1.5159,12,With,Build-Up,Climax,1,2,NV,NV,Traveling,5,0.093698,93.69800000000001,Taï (Middle),Middle (Individual 38),1.0328629512336196,76.19117652265639,short,1.5645258176027994,8811.0,1999.0,11,17
695,Western,Taï,Middle,Individual 38,17.11.99,1.5159,12,With,Build-Up,Climax,1,2,NV,NV,Traveling,6,0.030117,30.117,Taï (Middle),Middle (Individual 38),1.0328629512336196,76.19117652265639,short,1.5645258176027994,8811.0,1999.0,11,17
695,Western,Taï,Middle,Individual 38,17.11.99,1.5159,12,With,Build-Up,Climax,1,2,NV,NV,Traveling,7,0.113776,113.776,Taï (Middle),Middle (Individual 38),1.0328629512336196,76.19117652265639,short,1.5645258176027994,8811.0,1999.0,11,17
695,Western,Taï,Middle,Individual 38,17.11.99,1.5159,12,With,Build-Up,Climax,1,2,NV,NV,Traveling,8,0.54211,542.11,Taï (Middle),Middle (Individual 38),1.0328629512336196,76.19117652265639,long,1.5645258176027994,8811.0,1999.0,11,17
695,Western,Taï,Middle,Individual 38,17.11.99,1.5159,12,With,Build-Up,Climax,1,2,NV,NV,Traveling,9,0.277748,277.748,Taï (Middle),Middle (Individual 38),1.0328629512336196,76.19117652265639,short,1.5645258176027994,8811.0,1999.0,11,17
695,Western,Taï,Middle,Individual 38,17.11.99,1.5159,12,With,Build-Up,Climax,1,2,NV,NV,Traveling,10,0.050195,50.19499999999999,Taï (Middle),Middle (Individual 38),1.0328629512336196,76.19117652265639,short,1.5645258176027994,8811.0,1999.0,11,17
695,Western,Taï,Middle,Individual 38,17.11.99,1.5159,12,With,Build-Up,Climax,1,2,NV,NV,Traveling,11,0.107083,107.083,Taï (Middle),Middle (Individual 38),1.0328629512336196,76.19117652265639,short,1.5645258176027994,8811.0,1999.0,11,17
696,Western,Taï,Middle,Individual 38,17.11.99,1.53305,6,With,Build-Up,Climax,1,2,NV,NV,Traveling,1,0.09047,90.47,Taï (Middle),Middle (Individual 38),0.8011556334750025,130.8285645451855,short,2.384080545409061,8811.0,1999.0,11,17
696,Western,Taï,Middle,Individual 38,17.11.99,1.53305,6,With,Build-Up,Climax,1,2,NV,NV,Traveling,2,0.684281,684.2810000000001,Taï (Middle),Middle (Individual 38),0.8011556334750025,130.8285645451855,long,2.384080545409061,8811.0,1999.0,11,17
696,Western,Taï,Middle,Individual 38,17.11.99,1.53305,6,With,Build-Up,Climax,1,2,NV,NV,Traveling,3,0.190809,190.809,Taï (Middle),Middle (Individual 38),0.8011556334750025,130.8285645451855,short,2.384080545409061,8811.0,1999.0,11,17
696,Western,Taï,Middle,Individual 38,17.11.99,1.53305,6,With,Build-Up,Climax,1,2,NV,NV,Traveling,4,0.062506,62.50600000000001,Taï (Middle),Middle (Individual 38),0.8011556334750025,130.8285645451855,short,2.384080545409061,8811.0,1999.0,11,17
696,Western,Taï,Middle,Individual 38,17.11.99,1.53305,6,With,Build-Up,Climax,1,2,NV,NV,Traveling,5,0.504986,504.98600000000005,Taï (Middle),Middle (Individual 38),0.8011556334750025,130.8285645451855,long,2.384080545409061,8811.0,1999.0,11,17
698,Western,Taï,Middle,Individual 38,17.11.99,1.14738,6,With,Build-Up,Climax,1,2,NV,NV,Traveling,1,0.180487,180.487,Taï (Middle),Middle (Individual 38),0.5032684946019623,66.71712010160272,short,1.4945555226170317,8811.0,1999.0,11,17
698,Western,Taï,Middle,Individual 38,17.11.99,1.14738,6,With,Build-Up,Climax,1,2,NV,NV,Traveling,2,0.120325,120.325,Taï (Middle),Middle (Individual 38),0.5032684946019623,66.71712010160272,short,1.4945555226170317,8811.0,1999.0,11,17
698,Western,Taï,Middle,Individual 38,17.11.99,1.14738,6,With,Build-Up,Climax,1,2,NV,NV,Traveling,3,0.275028,275.028,Taï (Middle),Middle (Individual 38),0.5032684946019623,66.71712010160272,short,1.4945555226170317,8811.0,1999.0,11,17
698,Western,Taï,Middle,Individual 38,17.11.99,1.14738,6,With,Build-Up,Climax,1,2,NV,NV,Traveling,4,0.434029,434.029,Taï (Middle),Middle (Individual 38),0.5032684946019623,66.71712010160272,long,1.4945555226170317,8811.0,1999.0,11,17
698,Western,Taï,Middle,Individual 38,17.11.99,1.14738,6,With,Build-Up,Climax,1,2,NV,NV,Traveling,5,0.137514,137.514,Taï (Middle),Middle (Individual 38),0.5032684946019623,66.71712010160272,short,1.4945555226170317,8811.0,1999.0,11,17
699,Western,Taï,Middle,Individual 38,28.10.99,0.36394,3,With,Build-Up,Build-Up,1,1,NV,NV,Traveling,1,0.228231,228.231,Taï (Middle),Middle (Individual 38),0.25423700870482724,50.847401740965445,short,0.0,8831.0,1999.0,10,28
699,Western,Taï,Middle,Individual 38,28.10.99,0.36394,3,With,Build-Up,Build-Up,1,1,NV,NV,Traveling,2,0.135705,135.70499999999998,Taï (Middle),Middle (Individual 38),0.25423700870482724,50.847401740965445,short,0.0,8831.0,1999.0,10,28
705,Western,Taï,Middle,Individual 41,11.10.99,1.75202,12,With,Pause ,Climax,1,2,NV,NV,Resting,1,0.154287,154.287,Taï (Middle),Middle (Individual 41),0.5146207265870463,69.56708063311113,short,1.5645258176027994,8848.0,1999.0,10,11
705,Western,Taï,Middle,Individual 41,11.10.99,1.75202,12,With,Pause ,Climax,1,2,NV,NV,Resting,2,0.150859,150.85899999999998,Taï (Middle),Middle (Individual 41),0.5146207265870463,69.56708063311113,short,1.5645258176027994,8848.0,1999.0,10,11
705,Western,Taï,Middle,Individual 41,11.10.99,1.75202,12,With,Pause ,Climax,1,2,NV,NV,Resting,3,0.188573,188.57299999999998,Taï (Middle),Middle (Individual 41),0.5146207265870463,69.56708063311113,short,1.5645258176027994,8848.0,1999.0,10,11
705,Western,Taï,Middle,Individual 41,11.10.99,1.75202,12,With,Pause ,Climax,1,2,NV,NV,Resting,4,0.113144,113.14399999999999,Taï (Middle),Middle (Individual 41),0.5146207265870463,69.56708063311113,short,1.5645258176027994,8848.0,1999.0,10,11
705,Western,Taï,Middle,Individual 41,11.10.99,1.75202,12,With,Pause ,Climax,1,2,NV,NV,Resting,5,0.380575,380.575,Taï (Middle),Middle (Individual 41),0.5146207265870463,69.56708063311113,long,1.5645258176027994,8848.0,1999.0,10,11
705,Western,Taï,Middle,Individual 41,11.10.99,1.75202,12,With,Pause ,Climax,1,2,NV,NV,Resting,6,0.140573,140.573,Taï (Middle),Middle (Individual 41),0.5146207265870463,69.56708063311113,short,1.5645258176027994,8848.0,1999.0,10,11
705,Western,Taï,Middle,Individual 41,11.10.99,1.75202,12,With,Pause ,Climax,1,2,NV,NV,Resting,7,0.168002,168.002,Taï (Middle),Middle (Individual 41),0.5146207265870463,69.56708063311113,short,1.5645258176027994,8848.0,1999.0,10,11
705,Western,Taï,Middle,Individual 41,11.10.99,1.75202,12,With,Pause ,Climax,1,2,NV,NV,Resting,8,0.058286,58.285999999999994,Taï (Middle),Middle (Individual 41),0.5146207265870463,69.56708063311113,short,1.5645258176027994,8848.0,1999.0,10,11
705,Western,Taï,Middle,Individual 41,11.10.99,1.75202,12,With,Pause ,Climax,1,2,NV,NV,Resting,9,0.174859,174.85899999999998,Taï (Middle),Middle (Individual 41),0.5146207265870463,69.56708063311113,short,1.5645258176027994,8848.0,1999.0,10,11
705,Western,Taï,Middle,Individual 41,11.10.99,1.75202,12,With,Pause ,Climax,1,2,NV,NV,Resting,10,0.054858,54.858,Taï (Middle),Middle (Individual 41),0.5146207265870463,69.56708063311113,short,1.5645258176027994,8848.0,1999.0,10,11
705,Western,Taï,Middle,Individual 41,11.10.99,1.75202,12,With,Pause ,Climax,1,2,NV,NV,Resting,11,0.168002,168.002,Taï (Middle),Middle (Individual 41),0.5146207265870463,69.56708063311113,short,1.5645258176027994,8848.0,1999.0,10,11
706,Western,Taï,Middle,Individual 41,11.10.99,1.84687,9,With,Pause ,Climax,1,2,NV,NV,Traveling,1,0.200307,200.30700000000002,Taï (Middle),Middle (Individual 41),0.4117651568996686,50.55994436450522,short,1.5549511023971747,8848.0,1999.0,10,11
706,Western,Taï,Middle,Individual 41,11.10.99,1.84687,9,With,Pause ,Climax,1,2,NV,NV,Traveling,2,0.160495,160.495,Taï (Middle),Middle (Individual 41),0.4117651568996686,50.55994436450522,short,1.5549511023971747,8848.0,1999.0,10,11
706,Western,Taï,Middle,Individual 41,11.10.99,1.84687,9,With,Pause ,Climax,1,2,NV,NV,Traveling,3,0.132755,132.75500000000002,Taï (Middle),Middle (Individual 41),0.4117651568996686,50.55994436450522,short,1.5549511023971747,8848.0,1999.0,10,11
706,Western,Taï,Middle,Individual 41,11.10.99,1.84687,9,With,Pause ,Climax,1,2,NV,NV,Traveling,4,0.2239,223.89999999999998,Taï (Middle),Middle (Individual 41),0.4117651568996686,50.55994436450522,short,1.5549511023971747,8848.0,1999.0,10,11
706,Western,Taï,Middle,Individual 41,11.10.99,1.84687,9,With,Pause ,Climax,1,2,NV,NV,Traveling,5,0.313064,313.064,Taï (Middle),Middle (Individual 41),0.4117651568996686,50.55994436450522,short,1.5549511023971747,8848.0,1999.0,10,11
706,Western,Taï,Middle,Individual 41,11.10.99,1.84687,9,With,Pause ,Climax,1,2,NV,NV,Traveling,6,0.158513,158.51299999999998,Taï (Middle),Middle (Individual 41),0.4117651568996686,50.55994436450522,short,1.5549511023971747,8848.0,1999.0,10,11
706,Western,Taï,Middle,Individual 41,11.10.99,1.84687,9,With,Pause ,Climax,1,2,NV,NV,Traveling,7,0.441856,441.85600000000005,Taï (Middle),Middle (Individual 41),0.4117651568996686,50.55994436450522,long,1.5549511023971747,8848.0,1999.0,10,11
706,Western,Taï,Middle,Individual 41,11.10.99,1.84687,9,With,Pause ,Climax,1,2,NV,NV,Traveling,8,0.215975,215.975,Taï (Middle),Middle (Individual 41),0.4117651568996686,50.55994436450522,short,1.5549511023971747,8848.0,1999.0,10,11
707,Western,Taï,Middle,Individual 41,18.11.99,1.12573,6,With,Pause ,Pause,0,0,NV,NV,Resting,1,0.251876,251.87599999999998,Taï (Middle),Middle (Individual 41),0.30881887899434346,38.05181957800228,short,0.0,8810.0,1999.0,11,18
707,Western,Taï,Middle,Individual 41,18.11.99,1.12573,6,With,Pause ,Pause,0,0,NV,NV,Resting,2,0.133649,133.649,Taï (Middle),Middle (Individual 41),0.30881887899434346,38.05181957800228,short,0.0,8810.0,1999.0,11,18
707,Western,Taï,Middle,Individual 41,18.11.99,1.12573,6,With,Pause ,Pause,0,0,NV,NV,Resting,3,0.169631,169.631,Taï (Middle),Middle (Individual 41),0.30881887899434346,38.05181957800228,short,0.0,8810.0,1999.0,11,18
707,Western,Taï,Middle,Individual 41,18.11.99,1.12573,6,With,Pause ,Pause,0,0,NV,NV,Resting,4,0.236455,236.455,Taï (Middle),Middle (Individual 41),0.30881887899434346,38.05181957800228,short,0.0,8810.0,1999.0,11,18
707,Western,Taï,Middle,Individual 41,18.11.99,1.12573,6,With,Pause ,Pause,0,0,NV,NV,Resting,5,0.334122,334.12199999999996,Taï (Middle),Middle (Individual 41),0.30881887899434346,38.05181957800228,short,0.0,8810.0,1999.0,11,18
710,Western,Taï,Middle,Individual 41,30.10.99,0.85645,9,With,Pause ,Pause,1,1,NV,NV,Traveling,1,0.06766,67.66,Taï (Middle),Middle (Individual 41),0.39472821828731564,76.0870172448141,short,0.0,8829.0,1999.0,10,30
710,Western,Taï,Middle,Individual 41,30.10.99,0.85645,9,With,Pause ,Pause,1,1,NV,NV,Traveling,2,0.127119,127.11900000000001,Taï (Middle),Middle (Individual 41),0.39472821828731564,76.0870172448141,short,0.0,8829.0,1999.0,10,30
710,Western,Taï,Middle,Individual 41,30.10.99,0.85645,9,With,Pause ,Pause,1,1,NV,NV,Traveling,3,0.068449,68.449,Taï (Middle),Middle (Individual 41),0.39472821828731564,76.0870172448141,short,0.0,8829.0,1999.0,10,30
710,Western,Taï,Middle,Individual 41,30.10.99,0.85645,9,With,Pause ,Pause,1,1,NV,NV,Traveling,4,0.159714,159.714,Taï (Middle),Middle (Individual 41),0.39472821828731564,76.0870172448141,short,0.0,8829.0,1999.0,10,30
710,Western,Taï,Middle,Individual 41,30.10.99,0.85645,9,With,Pause ,Pause,1,1,NV,NV,Traveling,5,0.052151,52.151,Taï (Middle),Middle (Individual 41),0.39472821828731564,76.0870172448141,short,0.0,8829.0,1999.0,10,30
710,Western,Taï,Middle,Individual 41,30.10.99,0.85645,9,With,Pause ,Pause,1,1,NV,NV,Traveling,6,0.162973,162.973,Taï (Middle),Middle (Individual 41),0.39472821828731564,76.0870172448141,short,0.0,8829.0,1999.0,10,30
710,Western,Taï,Middle,Individual 41,30.10.99,0.85645,9,With,Pause ,Pause,1,1,NV,NV,Traveling,7,0.078227,78.227,Taï (Middle),Middle (Individual 41),0.39472821828731564,76.0870172448141,short,0.0,8829.0,1999.0,10,30
710,Western,Taï,Middle,Individual 41,30.10.99,0.85645,9,With,Pause ,Pause,1,1,NV,NV,Traveling,8,0.140157,140.157,Taï (Middle),Middle (Individual 41),0.39472821828731564,76.0870172448141,short,0.0,8829.0,1999.0,10,30
711,Western,Taï,Middle,Individual 41,30.10.99,3.29406,12,With,Build-Up,Climax,1,2,NV,NV,Traveling,1,0.263928,263.928,Taï (Middle),Middle (Individual 41),0.7491278437391904,67.33900140193732,short,3.053607548855334,8829.0,1999.0,10,30
711,Western,Taï,Middle,Individual 41,30.10.99,3.29406,12,With,Build-Up,Climax,1,2,NV,NV,Traveling,2,0.128942,128.942,Taï (Middle),Middle (Individual 41),0.7491278437391904,67.33900140193732,short,3.053607548855334,8829.0,1999.0,10,30
711,Western,Taï,Middle,Individual 41,30.10.99,3.29406,12,With,Build-Up,Climax,1,2,NV,NV,Traveling,3,0.28206,282.06,Taï (Middle),Middle (Individual 41),0.7491278437391904,67.33900140193732,short,3.053607548855334,8829.0,1999.0,10,30
711,Western,Taï,Middle,Individual 41,30.10.99,3.29406,12,With,Build-Up,Climax,1,2,NV,NV,Traveling,4,0.064471,64.471,Taï (Middle),Middle (Individual 41),0.7491278437391904,67.33900140193732,short,3.053607548855334,8829.0,1999.0,10,30
711,Western,Taï,Middle,Individual 41,30.10.99,3.29406,12,With,Build-Up,Climax,1,2,NV,NV,Traveling,5,0.225648,225.648,Taï (Middle),Middle (Individual 41),0.7491278437391904,67.33900140193732,short,3.053607548855334,8829.0,1999.0,10,30
711,Western,Taï,Middle,Individual 41,30.10.99,3.29406,12,With,Build-Up,Climax,1,2,NV,NV,Traveling,6,0.249825,249.825,Taï (Middle),Middle (Individual 41),0.7491278437391904,67.33900140193732,short,3.053607548855334,8829.0,1999.0,10,30
711,Western,Taï,Middle,Individual 41,30.10.99,3.29406,12,With,Build-Up,Climax,1,2,NV,NV,Traveling,7,0.249825,249.825,Taï (Middle),Middle (Individual 41),0.7491278437391904,67.33900140193732,short,3.053607548855334,8829.0,1999.0,10,30
711,Western,Taï,Middle,Individual 41,30.10.99,3.29406,12,With,Build-Up,Climax,1,2,NV,NV,Traveling,8,0.306237,306.23699999999997,Taï (Middle),Middle (Individual 41),0.7491278437391904,67.33900140193732,short,3.053607548855334,8829.0,1999.0,10,30
711,Western,Taï,Middle,Individual 41,30.10.99,3.29406,12,With,Build-Up,Climax,1,2,NV,NV,Traveling,9,0.394885,394.885,Taï (Middle),Middle (Individual 41),0.7491278437391904,67.33900140193732,long,3.053607548855334,8829.0,1999.0,10,30
711,Western,Taï,Middle,Individual 41,30.10.99,3.29406,12,With,Build-Up,Climax,1,2,NV,NV,Traveling,10,0.096706,96.706,Taï (Middle),Middle (Individual 41),0.7491278437391904,67.33900140193732,short,3.053607548855334,8829.0,1999.0,10,30
711,Western,Taï,Middle,Individual 41,30.10.99,3.29406,12,With,Build-Up,Climax,1,2,NV,NV,Traveling,11,0.14506,145.06,Taï (Middle),Middle (Individual 41),0.7491278437391904,67.33900140193732,short,3.053607548855334,8829.0,1999.0,10,30
711,Western,Taï,Middle,Individual 41,30.10.99,3.29406,12,With,Build-Up,Climax,1,2,NV,NV,Traveling,12,0.886475,886.475,Taï (Middle),Middle (Individual 41),0.7491278437391904,67.33900140193732,long,3.053607548855334,8829.0,1999.0,10,30
712,Western,Taï,Middle,Individual 41,30.10.99,0.87961,5,With,Climax,Climax,2,2,NV,NV,Traveling,1,0.120513,120.51299999999999,Taï (Middle),Middle (Individual 41),0.8915424226254105,102.26511266012238,short,1.4338343733773984,8829.0,1999.0,10,30
712,Western,Taï,Middle,Individual 41,30.10.99,0.87961,5,With,Climax,Climax,2,2,NV,NV,Traveling,2,0.090799,90.799,Taï (Middle),Middle (Individual 41),0.8915424226254105,102.26511266012238,short,1.4338343733773984,8829.0,1999.0,10,30
712,Western,Taï,Middle,Individual 41,30.10.99,0.87961,5,With,Climax,Climax,2,2,NV,NV,Traveling,3,0.55898,558.98,Taï (Middle),Middle (Individual 41),0.8915424226254105,102.26511266012238,long,1.4338343733773984,8829.0,1999.0,10,30
712,Western,Taï,Middle,Individual 41,30.10.99,0.87961,5,With,Climax,Climax,2,2,NV,NV,Traveling,4,0.109322,109.322,Taï (Middle),Middle (Individual 41),0.8915424226254105,102.26511266012238,short,1.4338343733773984,8829.0,1999.0,10,30
713,Western,Taï,Middle,Individual 41,30.10.99,0.6316,4,With,Build-Up,Climax,1,2,NV,NV,Traveling,1,0.237701,237.701,Taï (Middle),Middle (Individual 41),0.09496707318225767,14.559629741468289,short,0.0,8829.0,1999.0,10,30
713,Western,Taï,Middle,Individual 41,30.10.99,0.6316,4,With,Build-Up,Climax,1,2,NV,NV,Traveling,2,0.19016,190.16,Taï (Middle),Middle (Individual 41),0.09496707318225767,14.559629741468289,short,0.0,8829.0,1999.0,10,30
713,Western,Taï,Middle,Individual 41,30.10.99,0.6316,4,With,Build-Up,Climax,1,2,NV,NV,Traveling,3,0.203743,203.743,Taï (Middle),Middle (Individual 41),0.09496707318225767,14.559629741468289,short,0.0,8829.0,1999.0,10,30
744,Western,Taï,Middle,Individual 38,14.03.00,0.71734,3,With,Build-Up,Build-Up,1,1,NV,NV,Traveling,1,0.226915,226.915,Taï (Middle),Middle (Individual 38),0.3673467680777981,73.46935361555961,short,1.0,8693.0,2000.0,03,14
744,Western,Taï,Middle,Individual 38,14.03.00,0.71734,3,With,Build-Up,Build-Up,1,1,NV,NV,Traveling,2,0.490429,490.42900000000003,Taï (Middle),Middle (Individual 38),0.3673467680777981,73.46935361555961,long,1.0,8693.0,2000.0,03,14
748,Western,Taï,Middle,Individual 38,02.05.00,0.21441,3,With,Build-Up,Build-Up,1,1,NV,NV,Resting,1,0.124848,124.848,Taï (Middle),Middle (Individual 38),0.1645562535853702,32.91125071707404,short,0.0,8644.0,2000.0,05,02
748,Western,Taï,Middle,Individual 38,02.05.00,0.21441,3,With,Build-Up,Build-Up,1,1,NV,NV,Resting,2,0.089565,89.56500000000001,Taï (Middle),Middle (Individual 38),0.1645562535853702,32.91125071707404,short,0.0,8644.0,2000.0,05,02
749,Western,Taï,Middle,Individual 38,30.05.00,1.46084,6,With,Build-Up,Build-Up,1,1,NV,NV,Traveling,1,0.259402,259.40200000000004,Taï (Middle),Middle (Individual 38),0.6716867955261216,92.999746205198,short,1.4945555226170317,8616.0,2000.0,05,30
749,Western,Taï,Middle,Individual 38,30.05.00,1.46084,6,With,Build-Up,Build-Up,1,1,NV,NV,Traveling,2,0.314013,314.013,Taï (Middle),Middle (Individual 38),0.6716867955261216,92.999746205198,short,1.4945555226170317,8616.0,2000.0,05,30
749,Western,Taï,Middle,Individual 38,30.05.00,1.46084,6,With,Build-Up,Build-Up,1,1,NV,NV,Traveling,3,0.058024,58.024,Taï (Middle),Middle (Individual 38),0.6716867955261216,92.999746205198,short,1.4945555226170317,8616.0,2000.0,05,30
749,Western,Taï,Middle,Individual 38,30.05.00,1.46084,6,With,Build-Up,Build-Up,1,1,NV,NV,Traveling,4,0.184312,184.312,Taï (Middle),Middle (Individual 38),0.6716867955261216,92.999746205198,short,1.4945555226170317,8616.0,2000.0,05,30
749,Western,Taï,Middle,Individual 38,30.05.00,1.46084,6,With,Build-Up,Build-Up,1,1,NV,NV,Traveling,5,0.645091,645.091,Taï (Middle),Middle (Individual 38),0.6716867955261216,92.999746205198,long,1.4945555226170317,8616.0,2000.0,05,30
750,Western,Taï,Middle,Individual 38,07.05.00,0.47863,4,With,Build-Up,Build-Up,1,1,NV,NV,Traveling,1,0.080477,80.477,Taï (Middle),Middle (Individual 38),0.3564081660306169,51.310637048176154,short,0.0,8639.0,2000.0,05,07
750,Western,Taï,Middle,Individual 38,07.05.00,0.47863,4,With,Build-Up,Build-Up,1,1,NV,NV,Traveling,2,0.211782,211.782,Taï (Middle),Middle (Individual 38),0.3564081660306169,51.310637048176154,short,0.0,8639.0,2000.0,05,07
750,Western,Taï,Middle,Individual 38,07.05.00,0.47863,4,With,Build-Up,Build-Up,1,1,NV,NV,Traveling,3,0.186368,186.368,Taï (Middle),Middle (Individual 38),0.3564081660306169,51.310637048176154,short,0.0,8639.0,2000.0,05,07
751,Western,Taï,Middle,Individual 38,07.05.00,0.47863,4,With,Build-Up,Build-Up,1,1,NV,NV,Traveling,1,0.080477,80.477,Taï (Middle),Middle (Individual 38),0.3564081660306169,51.310637048176154,short,0.0,8639.0,2000.0,05,07
751,Western,Taï,Middle,Individual 38,07.05.00,0.47863,4,With,Build-Up,Build-Up,1,1,NV,NV,Traveling,2,0.211782,211.782,Taï (Middle),Middle (Individual 38),0.3564081660306169,51.310637048176154,short,0.0,8639.0,2000.0,05,07
751,Western,Taï,Middle,Individual 38,07.05.00,0.47863,4,With,Build-Up,Build-Up,1,1,NV,NV,Traveling,3,0.186368,186.368,Taï (Middle),Middle (Individual 38),0.3564081660306169,51.310637048176154,short,0.0,8639.0,2000.0,05,07
757,Western,Taï,Middle,Individual 41,30.04.00,0.85149,8,Unk,Unk,Unk,0,0,NV,NV,Resting,1,0.132127,132.12699999999998,Taï (Middle),Middle (Individual 41),0.07269616519113542,12.882653946258827,short,0.0,8646.0,2000.0,04,30
757,Western,Taï,Middle,Individual 41,30.04.00,0.85149,8,Unk,Unk,Unk,0,0,NV,NV,Resting,2,0.117446,117.446,Taï (Middle),Middle (Individual 41),0.07269616519113542,12.882653946258827,short,0.0,8646.0,2000.0,04,30
757,Western,Taï,Middle,Individual 41,30.04.00,0.85149,8,Unk,Unk,Unk,0,0,NV,NV,Resting,3,0.132127,132.12699999999998,Taï (Middle),Middle (Individual 41),0.07269616519113542,12.882653946258827,short,0.0,8646.0,2000.0,04,30
757,Western,Taï,Middle,Individual 41,30.04.00,0.85149,8,Unk,Unk,Unk,0,0,NV,NV,Resting,4,0.112553,112.553,Taï (Middle),Middle (Individual 41),0.07269616519113542,12.882653946258827,short,0.0,8646.0,2000.0,04,30
757,Western,Taï,Middle,Individual 41,30.04.00,0.85149,8,Unk,Unk,Unk,0,0,NV,NV,Resting,5,0.12234,122.34,Taï (Middle),Middle (Individual 41),0.07269616519113542,12.882653946258827,short,0.0,8646.0,2000.0,04,30
757,Western,Taï,Middle,Individual 41,30.04.00,0.85149,8,Unk,Unk,Unk,0,0,NV,NV,Resting,6,0.107659,107.659,Taï (Middle),Middle (Individual 41),0.07269616519113542,12.882653946258827,short,0.0,8646.0,2000.0,04,30
757,Western,Taï,Middle,Individual 41,30.04.00,0.85149,8,Unk,Unk,Unk,0,0,NV,NV,Resting,7,0.127234,127.23400000000001,Taï (Middle),Middle (Individual 41),0.07269616519113542,12.882653946258827,short,0.0,8646.0,2000.0,04,30
758,Western,Taï,North,Individual 44,10.02.99,0.63027,5,With,Build-Up,Build-Up,1,1,NV,NV,Traveling,1,0.105562,105.562,Taï (North),North (Individual 44),0.20064368344382122,24.075022261720413,short,0.0,9091.0,1999.0,02,10
758,Western,Taï,North,Individual 44,10.02.99,0.63027,5,With,Build-Up,Build-Up,1,1,NV,NV,Traveling,2,0.173867,173.867,Taï (North),North (Individual 44),0.20064368344382122,24.075022261720413,short,0.0,9091.0,1999.0,02,10
758,Western,Taï,North,Individual 44,10.02.99,0.63027,5,With,Build-Up,Build-Up,1,1,NV,NV,Traveling,3,0.161448,161.448,Taï (North),North (Individual 44),0.20064368344382122,24.075022261720413,short,0.0,9091.0,1999.0,02,10
758,Western,Taï,North,Individual 44,10.02.99,0.63027,5,With,Build-Up,Build-Up,1,1,NV,NV,Traveling,4,0.18939,189.39000000000001,Taï (North),North (Individual 44),0.20064368344382122,24.075022261720413,short,0.0,9091.0,1999.0,02,10
759,Western,Taï,North,Individual 44,13.04.99,1.51074,4,With,Build-Up,Build-Up,1,1,NV,NV,Traveling,1,0.309473,309.473,Taï (North),North (Individual 44),0.5566725299399682,98.66631509912625,short,1.3082708345352603,9029.0,1999.0,04,13
759,Western,Taï,North,Individual 44,13.04.99,1.51074,4,With,Build-Up,Build-Up,1,1,NV,NV,Traveling,2,0.899997,899.9970000000001,Taï (North),North (Individual 44),0.5566725299399682,98.66631509912625,long,1.3082708345352603,9029.0,1999.0,04,13
759,Western,Taï,North,Individual 44,13.04.99,1.51074,4,With,Build-Up,Build-Up,1,1,NV,NV,Traveling,3,0.30127,301.27,Taï (North),North (Individual 44),0.5566725299399682,98.66631509912625,short,1.3082708345352603,9029.0,1999.0,04,13
760,Western,Taï,North,Individual 44,13.04.99,0.86248,4,Unk,Unk,Unk,0,0,NV,NV,Traveling,1,0.300201,300.201,Taï (North),North (Individual 44),0.27246106367414963,57.428006906005265,short,0.0,9029.0,1999.0,04,13
760,Western,Taï,North,Individual 44,13.04.99,0.86248,4,Unk,Unk,Unk,0,0,NV,NV,Traveling,2,0.185838,185.838,Taï (North),North (Individual 44),0.27246106367414963,57.428006906005265,short,0.0,9029.0,1999.0,04,13
760,Western,Taï,North,Individual 44,13.04.99,0.86248,4,Unk,Unk,Unk,0,0,NV,NV,Traveling,3,0.376442,376.442,Taï (North),North (Individual 44),0.27246106367414963,57.428006906005265,short,0.0,9029.0,1999.0,04,13
761,Western,Taï,North,Individual 44,06.03.99,0.72557,3,Without,0,0,0,0,NV,NV,Traveling,1,0.516178,516.178,Taï (North),North (Individual 44),0.42281871794765774,84.56374358953155,short,0.0,9067.0,1999.0,03,06
761,Western,Taï,North,Individual 44,06.03.99,0.72557,3,Without,0,0,0,0,NV,NV,Traveling,2,0.209393,209.393,Taï (North),North (Individual 44),0.42281871794765774,84.56374358953155,short,0.0,9067.0,1999.0,03,06
762,Western,Taï,North,Individual 45,13.04.99,4.70755,19,With,Build-Up,after,1,0,NV,NV,Traveling,1,0.112342,112.342,Taï (North),North (Individual 45),0.4219337405709882,29.184432599049114,short,1.5556382942734728,9029.0,1999.0,04,13
762,Western,Taï,North,Individual 45,13.04.99,4.70755,19,With,Build-Up,after,1,0,NV,NV,Traveling,2,0.291889,291.889,Taï (North),North (Individual 45),0.4219337405709882,29.184432599049114,short,1.5556382942734728,9029.0,1999.0,04,13
762,Western,Taï,North,Individual 45,13.04.99,4.70755,19,With,Build-Up,after,1,0,NV,NV,Traveling,3,0.679203,679.203,Taï (North),North (Individual 45),0.4219337405709882,29.184432599049114,long,1.5556382942734728,9029.0,1999.0,04,13
762,Western,Taï,North,Individual 45,13.04.99,4.70755,19,With,Build-Up,after,1,0,NV,NV,Traveling,4,0.235756,235.756,Taï (North),North (Individual 45),0.4219337405709882,29.184432599049114,short,1.5556382942734728,9029.0,1999.0,04,13
762,Western,Taï,North,Individual 45,13.04.99,4.70755,19,With,Build-Up,after,1,0,NV,NV,Traveling,5,0.185237,185.23700000000002,Taï (North),North (Individual 45),0.4219337405709882,29.184432599049114,short,1.5556382942734728,9029.0,1999.0,04,13
762,Western,Taï,North,Individual 45,13.04.99,4.70755,19,With,Build-Up,after,1,0,NV,NV,Traveling,6,0.235756,235.756,Taï (North),North (Individual 45),0.4219337405709882,29.184432599049114,short,1.5556382942734728,9029.0,1999.0,04,13
762,Western,Taï,North,Individual 45,13.04.99,4.70755,19,With,Build-Up,after,1,0,NV,NV,Traveling,7,0.275049,275.049,Taï (North),North (Individual 45),0.4219337405709882,29.184432599049114,short,1.5556382942734728,9029.0,1999.0,04,13
762,Western,Taï,North,Individual 45,13.04.99,4.70755,19,With,Build-Up,after,1,0,NV,NV,Traveling,8,0.22453,224.53,Taï (North),North (Individual 45),0.4219337405709882,29.184432599049114,short,1.5556382942734728,9029.0,1999.0,04,13
762,Western,Taï,North,Individual 45,13.04.99,4.70755,19,With,Build-Up,after,1,0,NV,NV,Traveling,9,0.196464,196.464,Taï (North),North (Individual 45),0.4219337405709882,29.184432599049114,short,1.5556382942734728,9029.0,1999.0,04,13
762,Western,Taï,North,Individual 45,13.04.99,4.70755,19,With,Build-Up,after,1,0,NV,NV,Traveling,10,0.297502,297.502,Taï (North),North (Individual 45),0.4219337405709882,29.184432599049114,short,1.5556382942734728,9029.0,1999.0,04,13
762,Western,Taï,North,Individual 45,13.04.99,4.70755,19,With,Build-Up,after,1,0,NV,NV,Traveling,11,0.258209,258.209,Taï (North),North (Individual 45),0.4219337405709882,29.184432599049114,short,1.5556382942734728,9029.0,1999.0,04,13
762,Western,Taï,North,Individual 45,13.04.99,4.70755,19,With,Build-Up,after,1,0,NV,NV,Traveling,12,0.230143,230.14299999999997,Taï (North),North (Individual 45),0.4219337405709882,29.184432599049114,short,1.5556382942734728,9029.0,1999.0,04,13
762,Western,Taï,North,Individual 45,13.04.99,4.70755,19,With,Build-Up,after,1,0,NV,NV,Traveling,13,0.235756,235.756,Taï (North),North (Individual 45),0.4219337405709882,29.184432599049114,short,1.5556382942734728,9029.0,1999.0,04,13
762,Western,Taï,North,Individual 45,13.04.99,4.70755,19,With,Build-Up,after,1,0,NV,NV,Traveling,14,0.22453,224.53,Taï (North),North (Individual 45),0.4219337405709882,29.184432599049114,short,1.5556382942734728,9029.0,1999.0,04,13
762,Western,Taï,North,Individual 45,13.04.99,4.70755,19,With,Build-Up,after,1,0,NV,NV,Traveling,15,0.213303,213.303,Taï (North),North (Individual 45),0.4219337405709882,29.184432599049114,short,1.5556382942734728,9029.0,1999.0,04,13
762,Western,Taï,North,Individual 45,13.04.99,4.70755,19,With,Build-Up,after,1,0,NV,NV,Traveling,16,0.297502,297.502,Taï (North),North (Individual 45),0.4219337405709882,29.184432599049114,short,1.5556382942734728,9029.0,1999.0,04,13
762,Western,Taï,North,Individual 45,13.04.99,4.70755,19,With,Build-Up,after,1,0,NV,NV,Traveling,17,0.275049,275.049,Taï (North),North (Individual 45),0.4219337405709882,29.184432599049114,short,1.5556382942734728,9029.0,1999.0,04,13
762,Western,Taï,North,Individual 45,13.04.99,4.70755,19,With,Build-Up,after,1,0,NV,NV,Traveling,18,0.239333,239.333,Taï (North),North (Individual 45),0.4219337405709882,29.184432599049114,short,1.5556382942734728,9029.0,1999.0,04,13
763,Western,Taï,North,Individual 45,01.04.99,2.51589,10,Unk,Unk,Unk,0,0,NV,NV,Traveling,1,0.079582,79.582,Taï (North),North (Individual 45),0.6034310956594751,92.53015667960214,short,1.5605694548611453,9041.0,1999.0,04,01
763,Western,Taï,North,Individual 45,01.04.99,2.51589,10,Unk,Unk,Unk,0,0,NV,NV,Traveling,2,0.436012,436.012,Taï (North),North (Individual 45),0.6034310956594751,92.53015667960214,short,1.5605694548611453,9041.0,1999.0,04,01
763,Western,Taï,North,Individual 45,01.04.99,2.51589,10,Unk,Unk,Unk,0,0,NV,NV,Traveling,3,0.313623,313.623,Taï (North),North (Individual 45),0.6034310956594751,92.53015667960214,short,1.5605694548611453,9041.0,1999.0,04,01
763,Western,Taï,North,Individual 45,01.04.99,2.51589,10,Unk,Unk,Unk,0,0,NV,NV,Traveling,4,0.478083,478.08299999999997,Taï (North),North (Individual 45),0.6034310956594751,92.53015667960214,short,1.5605694548611453,9041.0,1999.0,04,01
763,Western,Taï,North,Individual 45,01.04.99,2.51589,10,Unk,Unk,Unk,0,0,NV,NV,Traveling,5,0.130039,130.039,Taï (North),North (Individual 45),0.6034310956594751,92.53015667960214,short,1.5605694548611453,9041.0,1999.0,04,01
763,Western,Taï,North,Individual 45,01.04.99,2.51589,10,Unk,Unk,Unk,0,0,NV,NV,Traveling,6,0.550752,550.7520000000001,Taï (North),North (Individual 45),0.6034310956594751,92.53015667960214,long,1.5605694548611453,9041.0,1999.0,04,01
763,Western,Taï,North,Individual 45,01.04.99,2.51589,10,Unk,Unk,Unk,0,0,NV,NV,Traveling,7,0.068844,68.84400000000001,Taï (North),North (Individual 45),0.6034310956594751,92.53015667960214,short,1.5605694548611453,9041.0,1999.0,04,01
763,Western,Taï,North,Individual 45,01.04.99,2.51589,10,Unk,Unk,Unk,0,0,NV,NV,Traveling,8,0.175935,175.935,Taï (North),North (Individual 45),0.6034310956594751,92.53015667960214,short,1.5605694548611453,9041.0,1999.0,04,01
763,Western,Taï,North,Individual 45,01.04.99,2.51589,10,Unk,Unk,Unk,0,0,NV,NV,Traveling,9,0.283025,283.02500000000003,Taï (North),North (Individual 45),0.6034310956594751,92.53015667960214,short,1.5605694548611453,9041.0,1999.0,04,01
764,Western,Taï,North,Individual 45,23.09.99,3.58297,17,With,Build-Up,after,1,0,NV,NV,Traveling,1,0.19204,192.04,Taï (North),North (Individual 45),0.1378106206503883,8.123435130384703,short,0.0,8866.0,1999.0,09,23
764,Western,Taï,North,Individual 45,23.09.99,3.58297,17,With,Build-Up,after,1,0,NV,NV,Traveling,2,0.177815,177.815,Taï (North),North (Individual 45),0.1378106206503883,8.123435130384703,short,0.0,8866.0,1999.0,09,23
764,Western,Taï,North,Individual 45,23.09.99,3.58297,17,With,Build-Up,after,1,0,NV,NV,Traveling,3,0.177815,177.815,Taï (North),North (Individual 45),0.1378106206503883,8.123435130384703,short,0.0,8866.0,1999.0,09,23
764,Western,Taï,North,Individual 45,23.09.99,3.58297,17,With,Build-Up,after,1,0,NV,NV,Traveling,4,0.167146,167.146,Taï (North),North (Individual 45),0.1378106206503883,8.123435130384703,short,0.0,8866.0,1999.0,09,23
764,Western,Taï,North,Individual 45,23.09.99,3.58297,17,With,Build-Up,after,1,0,NV,NV,Traveling,5,0.22049,220.48999999999998,Taï (North),North (Individual 45),0.1378106206503883,8.123435130384703,short,0.0,8866.0,1999.0,09,23
764,Western,Taï,North,Individual 45,23.09.99,3.58297,17,With,Build-Up,after,1,0,NV,NV,Traveling,6,0.25961,259.61,Taï (North),North (Individual 45),0.1378106206503883,8.123435130384703,short,0.0,8866.0,1999.0,09,23
764,Western,Taï,North,Individual 45,23.09.99,3.58297,17,With,Build-Up,after,1,0,NV,NV,Traveling,7,0.252497,252.497,Taï (North),North (Individual 45),0.1378106206503883,8.123435130384703,short,0.0,8866.0,1999.0,09,23
764,Western,Taï,North,Individual 45,23.09.99,3.58297,17,With,Build-Up,after,1,0,NV,NV,Traveling,8,0.22049,220.48999999999998,Taï (North),North (Individual 45),0.1378106206503883,8.123435130384703,short,0.0,8866.0,1999.0,09,23
764,Western,Taï,North,Individual 45,23.09.99,3.58297,17,With,Build-Up,after,1,0,NV,NV,Traveling,9,0.227603,227.603,Taï (North),North (Individual 45),0.1378106206503883,8.123435130384703,short,0.0,8866.0,1999.0,09,23
764,Western,Taï,North,Individual 45,23.09.99,3.58297,17,With,Build-Up,after,1,0,NV,NV,Traveling,10,0.270279,270.279,Taï (North),North (Individual 45),0.1378106206503883,8.123435130384703,short,0.0,8866.0,1999.0,09,23
764,Western,Taï,North,Individual 45,23.09.99,3.58297,17,With,Build-Up,after,1,0,NV,NV,Traveling,11,0.269749,269.749,Taï (North),North (Individual 45),0.1378106206503883,8.123435130384703,short,0.0,8866.0,1999.0,09,23
764,Western,Taï,North,Individual 45,23.09.99,3.58297,17,With,Build-Up,after,1,0,NV,NV,Traveling,12,0.234716,234.716,Taï (North),North (Individual 45),0.1378106206503883,8.123435130384703,short,0.0,8866.0,1999.0,09,23
764,Western,Taï,North,Individual 45,23.09.99,3.58297,17,With,Build-Up,after,1,0,NV,NV,Traveling,13,0.238272,238.27200000000002,Taï (North),North (Individual 45),0.1378106206503883,8.123435130384703,short,0.0,8866.0,1999.0,09,23
764,Western,Taï,North,Individual 45,23.09.99,3.58297,17,With,Build-Up,after,1,0,NV,NV,Traveling,14,0.22049,220.48999999999998,Taï (North),North (Individual 45),0.1378106206503883,8.123435130384703,short,0.0,8866.0,1999.0,09,23
764,Western,Taï,North,Individual 45,23.09.99,3.58297,17,With,Build-Up,after,1,0,NV,NV,Traveling,15,0.224047,224.047,Taï (North),North (Individual 45),0.1378106206503883,8.123435130384703,short,0.0,8866.0,1999.0,09,23
764,Western,Taï,North,Individual 45,23.09.99,3.58297,17,With,Build-Up,after,1,0,NV,NV,Traveling,16,0.22991,229.91,Taï (North),North (Individual 45),0.1378106206503883,8.123435130384703,short,0.0,8866.0,1999.0,09,23
765,Western,Taï,North,Individual 45,02.04.99,0.55933,4,With,Build-Up,Climax,1,2,NV,NV,Traveling,1,0.246762,246.762,Taï (North),North (Individual 45),0.250019012962964,30.567133463740447,short,0.0,9040.0,1999.0,04,02
765,Western,Taï,North,Individual 45,02.04.99,0.55933,4,With,Build-Up,Climax,1,2,NV,NV,Traveling,2,0.179313,179.313,Taï (North),North (Individual 45),0.250019012962964,30.567133463740447,short,0.0,9040.0,1999.0,04,02
765,Western,Taï,North,Individual 45,02.04.99,0.55933,4,With,Build-Up,Climax,1,2,NV,NV,Traveling,3,0.133251,133.251,Taï (North),North (Individual 45),0.250019012962964,30.567133463740447,short,0.0,9040.0,1999.0,04,02
766,Western,Taï,North,Individual 45,02.04.99,0.67698,3,With,Build-Up,Climax,1,2,NV,NV,Resting,1,0.324951,324.95099999999996,Taï (North),North (Individual 45),0.04000106354378705,8.00021270875741,short,0.0,9040.0,1999.0,04,02
766,Western,Taï,North,Individual 45,02.04.99,0.67698,3,With,Build-Up,Climax,1,2,NV,NV,Resting,2,0.352031,352.031,Taï (North),North (Individual 45),0.04000106354378705,8.00021270875741,short,0.0,9040.0,1999.0,04,02
767,Western,Taï,North,Individual 45,27.03.99,3.64428,9,With,Build-Up,after,1,0,NV,NV,Traveling,1,0.121052,121.052,Taï (North),North (Individual 45),0.40301908246481916,37.710315947750196,short,2.8676687467547968,9046.0,1999.0,03,27
767,Western,Taï,North,Individual 45,27.03.99,3.64428,9,With,Build-Up,after,1,0,NV,NV,Traveling,2,0.400637,400.637,Taï (North),North (Individual 45),0.40301908246481916,37.710315947750196,short,2.8676687467547968,9046.0,1999.0,03,27
767,Western,Taï,North,Individual 45,27.03.99,3.64428,9,With,Build-Up,after,1,0,NV,NV,Traveling,3,0.825747,825.747,Taï (North),North (Individual 45),0.40301908246481916,37.710315947750196,long,2.8676687467547968,9046.0,1999.0,03,27
767,Western,Taï,North,Individual 45,27.03.99,3.64428,9,With,Build-Up,after,1,0,NV,NV,Traveling,4,0.557703,557.703,Taï (North),North (Individual 45),0.40301908246481916,37.710315947750196,long,2.8676687467547968,9046.0,1999.0,03,27
767,Western,Taï,North,Individual 45,27.03.99,3.64428,9,With,Build-Up,after,1,0,NV,NV,Traveling,5,0.489717,489.71700000000004,Taï (North),North (Individual 45),0.40301908246481916,37.710315947750196,short,2.8676687467547968,9046.0,1999.0,03,27
767,Western,Taï,North,Individual 45,27.03.99,3.64428,9,With,Build-Up,after,1,0,NV,NV,Traveling,6,0.432328,432.328,Taï (North),North (Individual 45),0.40301908246481916,37.710315947750196,short,2.8676687467547968,9046.0,1999.0,03,27
767,Western,Taï,North,Individual 45,27.03.99,3.64428,9,With,Build-Up,after,1,0,NV,NV,Traveling,7,0.384772,384.772,Taï (North),North (Individual 45),0.40301908246481916,37.710315947750196,short,2.8676687467547968,9046.0,1999.0,03,27
767,Western,Taï,North,Individual 45,27.03.99,3.64428,9,With,Build-Up,after,1,0,NV,NV,Traveling,8,0.432328,432.328,Taï (North),North (Individual 45),0.40301908246481916,37.710315947750196,short,2.8676687467547968,9046.0,1999.0,03,27
768,Western,Taï,North,Individual 45,27.03.99,0.56641,4,With,Roar,Roar,1,1,NV,NV,Traveling,1,0.208676,208.676,Taï (North),North (Individual 45),0.08304966959564049,14.874563550836653,short,0.0,9046.0,1999.0,03,27
768,Western,Taï,North,Individual 45,27.03.99,0.56641,4,With,Roar,Roar,1,1,NV,NV,Traveling,2,0.170347,170.347,Taï (North),North (Individual 45),0.08304966959564049,14.874563550836653,short,0.0,9046.0,1999.0,03,27
768,Western,Taï,North,Individual 45,27.03.99,0.56641,4,With,Roar,Roar,1,1,NV,NV,Traveling,3,0.187382,187.382,Taï (North),North (Individual 45),0.08304966959564049,14.874563550836653,short,0.0,9046.0,1999.0,03,27
771,Western,Taï,North,Individual 45,27.03.99,0.55699,3,With,Build-Up,Climax,1,2,NV,NV,Traveling,1,0.09193,91.92999999999999,Taï (North),North (Individual 45),0.6699019364939155,133.98038729878309,short,0.0,9046.0,1999.0,03,27
771,Western,Taï,North,Individual 45,27.03.99,0.55699,3,With,Build-Up,Climax,1,2,NV,NV,Traveling,2,0.465056,465.05600000000004,Taï (North),North (Individual 45),0.6699019364939155,133.98038729878309,short,0.0,9046.0,1999.0,03,27
775,Western,Taï,North,Individual 44,07.02.99,2.98279,9,With,Build-Up,Build-Up,1,1,NV,NV,Traveling,1,0.177321,177.321,Taï (North),North (Individual 44),1.0758589895045423,59.056495246735395,short,1.5549511023971747,9094.0,1999.0,02,07
775,Western,Taï,North,Individual 44,07.02.99,2.98279,9,With,Build-Up,Build-Up,1,1,NV,NV,Traveling,2,0.202653,202.653,Taï (North),North (Individual 44),1.0758589895045423,59.056495246735395,short,1.5549511023971747,9094.0,1999.0,02,07
775,Western,Taï,North,Individual 44,07.02.99,2.98279,9,With,Build-Up,Build-Up,1,1,NV,NV,Traveling,3,0.506631,506.63100000000003,Taï (North),North (Individual 44),1.0758589895045423,59.056495246735395,short,1.5549511023971747,9094.0,1999.0,02,07
775,Western,Taï,North,Individual 44,07.02.99,2.98279,9,With,Build-Up,Build-Up,1,1,NV,NV,Traveling,4,1.393236,1393.2359999999999,Taï (North),North (Individual 44),1.0758589895045423,59.056495246735395,long,1.5549511023971747,9094.0,1999.0,02,07
775,Western,Taï,North,Individual 44,07.02.99,2.98279,9,With,Build-Up,Build-Up,1,1,NV,NV,Traveling,5,0.234317,234.317,Taï (North),North (Individual 44),1.0758589895045423,59.056495246735395,short,1.5549511023971747,9094.0,1999.0,02,07
775,Western,Taï,North,Individual 44,07.02.99,2.98279,9,With,Build-Up,Build-Up,1,1,NV,NV,Traveling,6,0.158322,158.322,Taï (North),North (Individual 44),1.0758589895045423,59.056495246735395,short,1.5549511023971747,9094.0,1999.0,02,07
775,Western,Taï,North,Individual 44,07.02.99,2.98279,9,With,Build-Up,Build-Up,1,1,NV,NV,Traveling,7,0.177321,177.321,Taï (North),North (Individual 44),1.0758589895045423,59.056495246735395,short,1.5549511023971747,9094.0,1999.0,02,07
775,Western,Taï,North,Individual 44,07.02.99,2.98279,9,With,Build-Up,Build-Up,1,1,NV,NV,Traveling,8,0.132991,132.99099999999999,Taï (North),North (Individual 44),1.0758589895045423,59.056495246735395,short,1.5549511023971747,9094.0,1999.0,02,07
776,Western,Taï,North,Individual 44,07.02.99,1.01779,6,With,Build-Up,Build-Up,1,1,NV,NV,Resting,1,0.200473,200.473,Taï (North),North (Individual 44),0.32715436358840894,49.65994454020457,short,0.0,9094.0,1999.0,02,07
776,Western,Taï,North,Individual 44,07.02.99,1.01779,6,With,Build-Up,Build-Up,1,1,NV,NV,Resting,2,0.097666,97.666,Taï (North),North (Individual 44),0.32715436358840894,49.65994454020457,short,0.0,9094.0,1999.0,02,07
776,Western,Taï,North,Individual 44,07.02.99,1.01779,6,With,Build-Up,Build-Up,1,1,NV,NV,Resting,3,0.179912,179.91199999999998,Taï (North),North (Individual 44),0.32715436358840894,49.65994454020457,short,0.0,9094.0,1999.0,02,07
776,Western,Taï,North,Individual 44,07.02.99,1.01779,6,With,Build-Up,Build-Up,1,1,NV,NV,Resting,4,0.298139,298.139,Taï (North),North (Individual 44),0.32715436358840894,49.65994454020457,short,0.0,9094.0,1999.0,02,07
776,Western,Taï,North,Individual 44,07.02.99,1.01779,6,With,Build-Up,Build-Up,1,1,NV,NV,Resting,5,0.241596,241.596,Taï (North),North (Individual 44),0.32715436358840894,49.65994454020457,short,0.0,9094.0,1999.0,02,07
777,Western,Taï,North,Individual 44,07.02.99,0.33309,3,With,Build-Up,Build-Up,1,1,NV,NV,Traveling,1,0.22149,221.48999999999998,Taï (North),North (Individual 44),0.3298948645127201,65.97897290254402,short,0.0,9094.0,1999.0,02,07
777,Western,Taï,North,Individual 44,07.02.99,0.33309,3,With,Build-Up,Build-Up,1,1,NV,NV,Traveling,2,0.111604,111.604,Taï (North),North (Individual 44),0.3298948645127201,65.97897290254402,short,0.0,9094.0,1999.0,02,07
778,Western,Taï,North,Individual 44,10.02.99,0.6448,5,With,Build-Up,Build-Up,1,1,NV,NV,Traveling,1,0.133566,133.566,Taï (North),North (Individual 44),0.12289092242806175,15.306736920295585,short,0.0,9091.0,1999.0,02,10
778,Western,Taï,North,Individual 44,10.02.99,0.6448,5,With,Build-Up,Build-Up,1,1,NV,NV,Traveling,2,0.165807,165.80700000000002,Taï (North),North (Individual 44),0.12289092242806175,15.306736920295585,short,0.0,9091.0,1999.0,02,10
778,Western,Taï,North,Individual 44,10.02.99,0.6448,5,With,Build-Up,Build-Up,1,1,NV,NV,Traveling,3,0.156595,156.595,Taï (North),North (Individual 44),0.12289092242806175,15.306736920295585,short,0.0,9091.0,1999.0,02,10
778,Western,Taï,North,Individual 44,10.02.99,0.6448,5,With,Build-Up,Build-Up,1,1,NV,NV,Traveling,4,0.188835,188.835,Taï (North),North (Individual 44),0.12289092242806175,15.306736920295585,short,0.0,9091.0,1999.0,02,10
779,Western,Taï,North,Individual 44,22.02.99,0.89022,6,With,Pause ,Pause,0,0,NV,NV,Resting,1,0.168603,168.603,Taï (North),North (Individual 44),0.13466927728088535,16.889981957738932,short,0.0,9079.0,1999.0,02,22
779,Western,Taï,North,Individual 44,22.02.99,0.89022,6,With,Pause ,Pause,0,0,NV,NV,Resting,2,0.161859,161.859,Taï (North),North (Individual 44),0.13466927728088535,16.889981957738932,short,0.0,9079.0,1999.0,02,22
779,Western,Taï,North,Individual 44,22.02.99,0.89022,6,With,Pause ,Pause,0,0,NV,NV,Resting,3,0.182091,182.091,Taï (North),North (Individual 44),0.13466927728088535,16.889981957738932,short,0.0,9079.0,1999.0,02,22
779,Western,Taï,North,Individual 44,22.02.99,0.89022,6,With,Pause ,Pause,0,0,NV,NV,Resting,4,0.155115,155.115,Taï (North),North (Individual 44),0.13466927728088535,16.889981957738932,short,0.0,9079.0,1999.0,02,22
779,Western,Taï,North,Individual 44,22.02.99,0.89022,6,With,Pause ,Pause,0,0,NV,NV,Resting,5,0.222556,222.556,Taï (North),North (Individual 44),0.13466927728088535,16.889981957738932,short,0.0,9079.0,1999.0,02,22
782,Western,Taï,North,Individual 44,27.03.99,2.00749,10,With,Build-Up,Climax,1,2,NV,NV,Resting,1,0.13883,138.83,Taï (North),North (Individual 44),0.3995928329864359,39.889291092756984,short,0.0,9046.0,1999.0,03,27
782,Western,Taï,North,Individual 44,27.03.99,2.00749,10,With,Build-Up,Climax,1,2,NV,NV,Resting,2,0.416367,416.36699999999996,Taï (North),North (Individual 44),0.3995928329864359,39.889291092756984,short,0.0,9046.0,1999.0,03,27
782,Western,Taï,North,Individual 44,27.03.99,2.00749,10,With,Build-Up,Climax,1,2,NV,NV,Resting,3,0.173209,173.209,Taï (North),North (Individual 44),0.3995928329864359,39.889291092756984,short,0.0,9046.0,1999.0,03,27
782,Western,Taï,North,Individual 44,27.03.99,2.00749,10,With,Build-Up,Climax,1,2,NV,NV,Resting,4,0.136568,136.56799999999998,Taï (North),North (Individual 44),0.3995928329864359,39.889291092756984,short,0.0,9046.0,1999.0,03,27
782,Western,Taï,North,Individual 44,27.03.99,2.00749,10,With,Build-Up,Climax,1,2,NV,NV,Resting,5,0.116583,116.58300000000001,Taï (North),North (Individual 44),0.3995928329864359,39.889291092756984,short,0.0,9046.0,1999.0,03,27
782,Western,Taï,North,Individual 44,27.03.99,2.00749,10,With,Build-Up,Climax,1,2,NV,NV,Resting,6,0.233166,233.16600000000003,Taï (North),North (Individual 44),0.3995928329864359,39.889291092756984,short,0.0,9046.0,1999.0,03,27
782,Western,Taï,North,Individual 44,27.03.99,2.00749,10,With,Build-Up,Climax,1,2,NV,NV,Resting,7,0.28313,283.13,Taï (North),North (Individual 44),0.3995928329864359,39.889291092756984,short,0.0,9046.0,1999.0,03,27
782,Western,Taï,North,Individual 44,27.03.99,2.00749,10,With,Build-Up,Climax,1,2,NV,NV,Resting,8,0.256482,256.48199999999997,Taï (North),North (Individual 44),0.3995928329864359,39.889291092756984,short,0.0,9046.0,1999.0,03,27
782,Western,Taï,North,Individual 44,27.03.99,2.00749,10,With,Build-Up,Climax,1,2,NV,NV,Resting,9,0.253151,253.151,Taï (North),North (Individual 44),0.3995928329864359,39.889291092756984,short,0.0,9046.0,1999.0,03,27
784,Western,Taï,North,Individual 45,13.03.99,1.06097,6,Without,0,0,0,0,NV,NV,Traveling,1,0.207258,207.258,Taï (North),North (Individual 45),0.0906679049752305,15.296444481922697,short,0.0,9060.0,1999.0,03,13
784,Western,Taï,North,Individual 45,13.03.99,1.06097,6,Without,0,0,0,0,NV,NV,Traveling,2,0.246736,246.73600000000002,Taï (North),North (Individual 45),0.0906679049752305,15.296444481922697,short,0.0,9060.0,1999.0,03,13
784,Western,Taï,North,Individual 45,13.03.99,1.06097,6,Without,0,0,0,0,NV,NV,Traveling,3,0.197389,197.389,Taï (North),North (Individual 45),0.0906679049752305,15.296444481922697,short,0.0,9060.0,1999.0,03,13
784,Western,Taï,North,Individual 45,13.03.99,1.06097,6,Without,0,0,0,0,NV,NV,Traveling,4,0.217128,217.128,Taï (North),North (Individual 45),0.0906679049752305,15.296444481922697,short,0.0,9060.0,1999.0,03,13
784,Western,Taï,North,Individual 45,13.03.99,1.06097,6,Without,0,0,0,0,NV,NV,Traveling,5,0.192454,192.45399999999998,Taï (North),North (Individual 45),0.0906679049752305,15.296444481922697,short,0.0,9060.0,1999.0,03,13
785,Western,Taï,North,Individual 45,13.04.99,1.18705,5,With,Build-Up,Climax,1,2,NV,NV,Traveling,1,0.272643,272.64300000000003,Taï (North),North (Individual 45),0.37507474557033954,41.37492880710684,short,0.0,9029.0,1999.0,04,13
785,Western,Taï,North,Individual 45,13.04.99,1.18705,5,With,Build-Up,Climax,1,2,NV,NV,Traveling,2,0.243282,243.282,Taï (North),North (Individual 45),0.37507474557033954,41.37492880710684,short,0.0,9029.0,1999.0,04,13
785,Western,Taï,North,Individual 45,13.04.99,1.18705,5,With,Build-Up,Climax,1,2,NV,NV,Traveling,3,0.188753,188.75300000000001,Taï (North),North (Individual 45),0.37507474557033954,41.37492880710684,short,0.0,9029.0,1999.0,04,13
785,Western,Taï,North,Individual 45,13.04.99,1.18705,5,With,Build-Up,Climax,1,2,NV,NV,Traveling,4,0.482369,482.36899999999997,Taï (North),North (Individual 45),0.37507474557033954,41.37492880710684,short,0.0,9029.0,1999.0,04,13
786,Western,Taï,North,Individual 45,13.04.99,4.79005,11,With,Build-Up,after,1,0,NV,NV,Traveling,1,0.251506,251.506,Taï (North),North (Individual 45),0.591023818165289,33.99337314211378,short,2.938403766179995,9029.0,1999.0,04,13
786,Western,Taï,North,Individual 45,13.04.99,4.79005,11,With,Build-Up,after,1,0,NV,NV,Traveling,2,1.383284,1383.2839999999999,Taï (North),North (Individual 45),0.591023818165289,33.99337314211378,long,2.938403766179995,9029.0,1999.0,04,13
786,Western,Taï,North,Individual 45,13.04.99,4.79005,11,With,Build-Up,after,1,0,NV,NV,Traveling,3,0.632686,632.6859999999999,Taï (North),North (Individual 45),0.591023818165289,33.99337314211378,long,2.938403766179995,9029.0,1999.0,04,13
786,Western,Taï,North,Individual 45,13.04.99,4.79005,11,With,Build-Up,after,1,0,NV,NV,Traveling,4,0.422988,422.988,Taï (North),North (Individual 45),0.591023818165289,33.99337314211378,short,2.938403766179995,9029.0,1999.0,04,13
786,Western,Taï,North,Individual 45,13.04.99,4.79005,11,With,Build-Up,after,1,0,NV,NV,Traveling,5,0.422988,422.988,Taï (North),North (Individual 45),0.591023818165289,33.99337314211378,short,2.938403766179995,9029.0,1999.0,04,13
786,Western,Taï,North,Individual 45,13.04.99,4.79005,11,With,Build-Up,after,1,0,NV,NV,Traveling,6,0.400124,400.12399999999997,Taï (North),North (Individual 45),0.591023818165289,33.99337314211378,short,2.938403766179995,9029.0,1999.0,04,13
786,Western,Taï,North,Individual 45,13.04.99,4.79005,11,With,Build-Up,after,1,0,NV,NV,Traveling,7,0.400124,400.12399999999997,Taï (North),North (Individual 45),0.591023818165289,33.99337314211378,short,2.938403766179995,9029.0,1999.0,04,13
786,Western,Taï,North,Individual 45,13.04.99,4.79005,11,With,Build-Up,after,1,0,NV,NV,Traveling,8,0.417272,417.272,Taï (North),North (Individual 45),0.591023818165289,33.99337314211378,short,2.938403766179995,9029.0,1999.0,04,13
786,Western,Taï,North,Individual 45,13.04.99,4.79005,11,With,Build-Up,after,1,0,NV,NV,Traveling,9,0.459079,459.079,Taï (North),North (Individual 45),0.591023818165289,33.99337314211378,short,2.938403766179995,9029.0,1999.0,04,13
787,Western,Taï,North,Individual 45,13.04.99,0.7963,4,With,Build-Up,Climax,1,2,NV,NV,Traveling,1,0.338851,338.851,Taï (North),North (Individual 45),0.2350077392743693,47.55083744527573,short,0.0,9029.0,1999.0,04,13
787,Western,Taï,North,Individual 45,13.04.99,0.7963,4,With,Build-Up,Climax,1,2,NV,NV,Traveling,2,0.186368,186.368,Taï (North),North (Individual 45),0.2350077392743693,47.55083744527573,short,0.0,9029.0,1999.0,04,13
787,Western,Taï,North,Individual 45,13.04.99,0.7963,4,With,Build-Up,Climax,1,2,NV,NV,Traveling,3,0.271081,271.081,Taï (North),North (Individual 45),0.2350077392743693,47.55083744527573,short,0.0,9029.0,1999.0,04,13
788,Western,Taï,North,Individual 45,13.04.99,0.73774,4,With,Build-Up,Climax,1,2,NV,NV,Resting,1,0.351915,351.91499999999996,Taï (North),North (Individual 45),0.3053894071719829,33.511755982289735,short,0.0,9029.0,1999.0,04,13
788,Western,Taï,North,Individual 45,13.04.99,0.73774,4,With,Build-Up,Climax,1,2,NV,NV,Resting,2,0.187203,187.203,Taï (North),North (Individual 45),0.3053894071719829,33.511755982289735,short,0.0,9029.0,1999.0,04,13
788,Western,Taï,North,Individual 45,13.04.99,0.73774,4,With,Build-Up,Climax,1,2,NV,NV,Resting,3,0.198622,198.62199999999999,Taï (North),North (Individual 45),0.3053894071719829,33.511755982289735,short,0.0,9029.0,1999.0,04,13
789,Western,Taï,North,Individual 45,13.04.99,2.39675,11,With,Build-Up,Climax,1,2,NV,NV,Resting,1,0.37427,374.27,Taï (North),North (Individual 45),0.3354233338480656,47.25076432985771,short,0.0,9029.0,1999.0,04,13
789,Western,Taï,North,Individual 45,13.04.99,2.39675,11,With,Build-Up,Climax,1,2,NV,NV,Resting,2,0.099579,99.57900000000001,Taï (North),North (Individual 45),0.3354233338480656,47.25076432985771,short,0.0,9029.0,1999.0,04,13
789,Western,Taï,North,Individual 45,13.04.99,2.39675,11,With,Build-Up,Climax,1,2,NV,NV,Resting,3,0.339941,339.941,Taï (North),North (Individual 45),0.3354233338480656,47.25076432985771,short,0.0,9029.0,1999.0,04,13
789,Western,Taï,North,Individual 45,13.04.99,2.39675,11,With,Build-Up,Climax,1,2,NV,NV,Resting,4,0.285001,285.001,Taï (North),North (Individual 45),0.3354233338480656,47.25076432985771,short,0.0,9029.0,1999.0,04,13
789,Western,Taï,North,Individual 45,13.04.99,2.39675,11,With,Build-Up,Climax,1,2,NV,NV,Resting,5,0.202591,202.59099999999998,Taï (North),North (Individual 45),0.3354233338480656,47.25076432985771,short,0.0,9029.0,1999.0,04,13
789,Western,Taï,North,Individual 45,13.04.99,2.39675,11,With,Build-Up,Climax,1,2,NV,NV,Resting,6,0.171687,171.687,Taï (North),North (Individual 45),0.3354233338480656,47.25076432985771,short,0.0,9029.0,1999.0,04,13
789,Western,Taï,North,Individual 45,13.04.99,2.39675,11,With,Build-Up,Climax,1,2,NV,NV,Resting,7,0.247229,247.229,Taï (North),North (Individual 45),0.3354233338480656,47.25076432985771,short,0.0,9029.0,1999.0,04,13
789,Western,Taï,North,Individual 45,13.04.99,2.39675,11,With,Build-Up,Climax,1,2,NV,NV,Resting,8,0.21976,219.76000000000002,Taï (North),North (Individual 45),0.3354233338480656,47.25076432985771,short,0.0,9029.0,1999.0,04,13
789,Western,Taï,North,Individual 45,13.04.99,2.39675,11,With,Build-Up,Climax,1,2,NV,NV,Resting,9,0.16482,164.82,Taï (North),North (Individual 45),0.3354233338480656,47.25076432985771,short,0.0,9029.0,1999.0,04,13
789,Western,Taï,North,Individual 45,13.04.99,2.39675,11,With,Build-Up,Climax,1,2,NV,NV,Resting,10,0.291876,291.87600000000003,Taï (North),North (Individual 45),0.3354233338480656,47.25076432985771,short,0.0,9029.0,1999.0,04,13
790,Western,Taï,North,Individual 45,13.04.99,1.18063,6,With,Build-Up,Climax,1,2,NV,NV,Traveling,1,0.271903,271.903,Taï (North),North (Individual 45),0.29191715498226073,51.26052042831405,short,0.0,9029.0,1999.0,04,13
790,Western,Taï,North,Individual 45,13.04.99,1.18063,6,With,Build-Up,Climax,1,2,NV,NV,Traveling,2,0.250437,250.437,Taï (North),North (Individual 45),0.29191715498226073,51.26052042831405,short,0.0,9029.0,1999.0,04,13
790,Western,Taï,North,Individual 45,13.04.99,1.18063,6,With,Build-Up,Climax,1,2,NV,NV,Traveling,3,0.271903,271.903,Taï (North),North (Individual 45),0.29191715498226073,51.26052042831405,short,0.0,9029.0,1999.0,04,13
790,Western,Taï,North,Individual 45,13.04.99,1.18063,6,With,Build-Up,Climax,1,2,NV,NV,Traveling,4,0.100175,100.175,Taï (North),North (Individual 45),0.29191715498226073,51.26052042831405,short,0.0,9029.0,1999.0,04,13
790,Western,Taï,North,Individual 45,13.04.99,1.18063,6,With,Build-Up,Climax,1,2,NV,NV,Traveling,5,0.286214,286.214,Taï (North),North (Individual 45),0.29191715498226073,51.26052042831405,short,0.0,9029.0,1999.0,04,13
791,Western,Taï,North,Individual 45,13.04.99,1.14712,6,With,Build-Up,Climax,1,2,NV,NV,Traveling,1,0.280662,280.66200000000003,Taï (North),North (Individual 45),0.2540155090042582,54.05244828547164,short,0.0,9029.0,1999.0,04,13
791,Western,Taï,North,Individual 45,13.04.99,1.14712,6,With,Build-Up,Climax,1,2,NV,NV,Traveling,2,0.143929,143.929,Taï (North),North (Individual 45),0.2540155090042582,54.05244828547164,short,0.0,9029.0,1999.0,04,13
791,Western,Taï,North,Individual 45,13.04.99,1.14712,6,With,Build-Up,Climax,1,2,NV,NV,Traveling,3,0.289298,289.298,Taï (North),North (Individual 45),0.2540155090042582,54.05244828547164,short,0.0,9029.0,1999.0,04,13
791,Western,Taï,North,Individual 45,13.04.99,1.14712,6,With,Build-Up,Climax,1,2,NV,NV,Traveling,4,0.177033,177.033,Taï (North),North (Individual 45),0.2540155090042582,54.05244828547164,short,0.0,9029.0,1999.0,04,13
791,Western,Taï,North,Individual 45,13.04.99,1.14712,6,With,Build-Up,Climax,1,2,NV,NV,Traveling,5,0.256194,256.19399999999996,Taï (North),North (Individual 45),0.2540155090042582,54.05244828547164,short,0.0,9029.0,1999.0,04,13
792,Western,Taï,North,Individual 45,13.04.99,0.6277,4,With,Build-Up,Build-Up,1,1,NV,NV,Traveling,1,0.218608,218.608,Taï (North),North (Individual 45),0.1885120603647085,39.706818425883505,short,0.0,9029.0,1999.0,04,13
792,Western,Taï,North,Individual 45,13.04.99,0.6277,4,With,Build-Up,Build-Up,1,1,NV,NV,Traveling,2,0.156924,156.924,Taï (North),North (Individual 45),0.1885120603647085,39.706818425883505,short,0.0,9029.0,1999.0,04,13
792,Western,Taï,North,Individual 45,13.04.99,0.6277,4,With,Build-Up,Build-Up,1,1,NV,NV,Traveling,3,0.252164,252.164,Taï (North),North (Individual 45),0.1885120603647085,39.706818425883505,short,0.0,9029.0,1999.0,04,13
793,Western,Taï,North,Individual 45,13.04.99,3.87984,16,With,Build-Up,after,1,0,NV,NV,Traveling,1,0.228724,228.72400000000002,Taï (North),North (Individual 45),0.1501732951031684,12.276753895032204,short,0.0,9029.0,1999.0,04,13
793,Western,Taï,North,Individual 45,13.04.99,3.87984,16,With,Build-Up,after,1,0,NV,NV,Traveling,2,0.215062,215.062,Taï (North),North (Individual 45),0.1501732951031684,12.276753895032204,short,0.0,9029.0,1999.0,04,13
793,Western,Taï,North,Individual 45,13.04.99,3.87984,16,With,Build-Up,after,1,0,NV,NV,Traveling,3,0.258374,258.37399999999997,Taï (North),North (Individual 45),0.1501732951031684,12.276753895032204,short,0.0,9029.0,1999.0,04,13
793,Western,Taï,North,Individual 45,13.04.99,3.87984,16,With,Build-Up,after,1,0,NV,NV,Traveling,4,0.190604,190.60399999999998,Taï (North),North (Individual 45),0.1501732951031684,12.276753895032204,short,0.0,9029.0,1999.0,04,13
793,Western,Taï,North,Individual 45,13.04.99,3.87984,16,With,Build-Up,after,1,0,NV,NV,Traveling,5,0.216017,216.017,Taï (North),North (Individual 45),0.1501732951031684,12.276753895032204,short,0.0,9029.0,1999.0,04,13
793,Western,Taï,North,Individual 45,13.04.99,3.87984,16,With,Build-Up,after,1,0,NV,NV,Traveling,6,0.271081,271.081,Taï (North),North (Individual 45),0.1501732951031684,12.276753895032204,short,0.0,9029.0,1999.0,04,13
793,Western,Taï,North,Individual 45,13.04.99,3.87984,16,With,Build-Up,after,1,0,NV,NV,Traveling,7,0.228724,228.72400000000002,Taï (North),North (Individual 45),0.1501732951031684,12.276753895032204,short,0.0,9029.0,1999.0,04,13
793,Western,Taï,North,Individual 45,13.04.99,3.87984,16,With,Build-Up,after,1,0,NV,NV,Traveling,8,0.250552,250.552,Taï (North),North (Individual 45),0.1501732951031684,12.276753895032204,short,0.0,9029.0,1999.0,04,13
793,Western,Taï,North,Individual 45,13.04.99,3.87984,16,With,Build-Up,after,1,0,NV,NV,Traveling,9,0.228724,228.72400000000002,Taï (North),North (Individual 45),0.1501732951031684,12.276753895032204,short,0.0,9029.0,1999.0,04,13
793,Western,Taï,North,Individual 45,13.04.99,3.87984,16,With,Build-Up,after,1,0,NV,NV,Traveling,10,0.279552,279.552,Taï (North),North (Individual 45),0.1501732951031684,12.276753895032204,short,0.0,9029.0,1999.0,04,13
793,Western,Taï,North,Individual 45,13.04.99,3.87984,16,With,Build-Up,after,1,0,NV,NV,Traveling,11,0.292259,292.259,Taï (North),North (Individual 45),0.1501732951031684,12.276753895032204,short,0.0,9029.0,1999.0,04,13
793,Western,Taï,North,Individual 45,13.04.99,3.87984,16,With,Build-Up,after,1,0,NV,NV,Traveling,12,0.309201,309.201,Taï (North),North (Individual 45),0.1501732951031684,12.276753895032204,short,0.0,9029.0,1999.0,04,13
793,Western,Taï,North,Individual 45,13.04.99,3.87984,16,With,Build-Up,after,1,0,NV,NV,Traveling,13,0.317673,317.673,Taï (North),North (Individual 45),0.1501732951031684,12.276753895032204,short,0.0,9029.0,1999.0,04,13
793,Western,Taï,North,Individual 45,13.04.99,3.87984,16,With,Build-Up,after,1,0,NV,NV,Traveling,14,0.317673,317.673,Taï (North),North (Individual 45),0.1501732951031684,12.276753895032204,short,0.0,9029.0,1999.0,04,13
793,Western,Taï,North,Individual 45,13.04.99,3.87984,16,With,Build-Up,after,1,0,NV,NV,Traveling,15,0.275622,275.62199999999996,Taï (North),North (Individual 45),0.1501732951031684,12.276753895032204,short,0.0,9029.0,1999.0,04,13
794,Western,Taï,North,Individual 45,13.04.99,2.78195,10,With,Build-Up,after,1,0,NV,NV,Traveling,1,0.171893,171.893,Taï (North),North (Individual 45),1.1310969810906046,74.85531213478318,short,1.5605694548611453,9029.0,1999.0,04,13
794,Western,Taï,North,Individual 45,13.04.99,2.78195,10,With,Build-Up,after,1,0,NV,NV,Traveling,2,0.131181,131.18099999999998,Taï (North),North (Individual 45),1.1310969810906046,74.85531213478318,short,1.5605694548611453,9029.0,1999.0,04,13
794,Western,Taï,North,Individual 45,13.04.99,2.78195,10,With,Build-Up,after,1,0,NV,NV,Traveling,3,0.162846,162.846,Taï (North),North (Individual 45),1.1310969810906046,74.85531213478318,short,1.5605694548611453,9029.0,1999.0,04,13
794,Western,Taï,North,Individual 45,13.04.99,2.78195,10,With,Build-Up,after,1,0,NV,NV,Traveling,4,1.284672,1284.672,Taï (North),North (Individual 45),1.1310969810906046,74.85531213478318,long,1.5605694548611453,9029.0,1999.0,04,13
794,Western,Taï,North,Individual 45,13.04.99,2.78195,10,With,Build-Up,after,1,0,NV,NV,Traveling,5,0.199034,199.034,Taï (North),North (Individual 45),1.1310969810906046,74.85531213478318,short,1.5605694548611453,9029.0,1999.0,04,13
794,Western,Taï,North,Individual 45,13.04.99,2.78195,10,With,Build-Up,after,1,0,NV,NV,Traveling,6,0.126658,126.65799999999999,Taï (North),North (Individual 45),1.1310969810906046,74.85531213478318,short,1.5605694548611453,9029.0,1999.0,04,13
794,Western,Taï,North,Individual 45,13.04.99,2.78195,10,With,Build-Up,after,1,0,NV,NV,Traveling,7,0.321168,321.168,Taï (North),North (Individual 45),1.1310969810906046,74.85531213478318,short,1.5605694548611453,9029.0,1999.0,04,13
794,Western,Taï,North,Individual 45,13.04.99,2.78195,10,With,Build-Up,after,1,0,NV,NV,Traveling,8,0.149275,149.27499999999998,Taï (North),North (Individual 45),1.1310969810906046,74.85531213478318,short,1.5605694548611453,9029.0,1999.0,04,13
794,Western,Taï,North,Individual 45,13.04.99,2.78195,10,With,Build-Up,after,1,0,NV,NV,Traveling,9,0.235222,235.22199999999998,Taï (North),North (Individual 45),1.1310969810906046,74.85531213478318,short,1.5605694548611453,9029.0,1999.0,04,13
795,Western,Taï,North,Individual 45,15.03.99,1.90916,3,With,Build-Up,Climax,1,2,NV,NV,Traveling,1,0.331531,331.531,Taï (North),North (Individual 45),0.652694560594942,130.5389121189884,short,1.0,9058.0,1999.0,03,15
795,Western,Taï,North,Individual 45,15.03.99,1.90916,3,With,Build-Up,Climax,1,2,NV,NV,Traveling,2,1.57763,1577.63,Taï (North),North (Individual 45),0.652694560594942,130.5389121189884,long,1.0,9058.0,1999.0,03,15
797,Western,Taï,North,Individual 45,15.03.99,1.26983,6,With,Build-Up,Climax,1,2,NV,NV,Traveling,1,0.23773,237.73,Taï (North),North (Individual 45),0.3359805103258328,52.55376523456917,short,0.0,9058.0,1999.0,03,15
797,Western,Taï,North,Individual 45,15.03.99,1.26983,6,With,Build-Up,Climax,1,2,NV,NV,Traveling,2,0.150756,150.756,Taï (North),North (Individual 45),0.3359805103258328,52.55376523456917,short,0.0,9058.0,1999.0,03,15
797,Western,Taï,North,Individual 45,15.03.99,1.26983,6,With,Build-Up,Climax,1,2,NV,NV,Traveling,3,0.284117,284.117,Taï (North),North (Individual 45),0.3359805103258328,52.55376523456917,short,0.0,9058.0,1999.0,03,15
797,Western,Taï,North,Individual 45,15.03.99,1.26983,6,With,Build-Up,Climax,1,2,NV,NV,Traveling,4,0.197142,197.14200000000002,Taï (North),North (Individual 45),0.3359805103258328,52.55376523456917,short,0.0,9058.0,1999.0,03,15
797,Western,Taï,North,Individual 45,15.03.99,1.26983,6,With,Build-Up,Climax,1,2,NV,NV,Traveling,5,0.400082,400.082,Taï (North),North (Individual 45),0.3359805103258328,52.55376523456917,short,0.0,9058.0,1999.0,03,15
798,Western,Taï,North,Individual 45,15.03.99,0.86423,4,With,Build-Up,Climax,1,2,NV,NV,Traveling,1,0.27031,270.31,Taï (North),North (Individual 45),0.11066476292430846,22.45231659414761,short,0.0,9058.0,1999.0,03,15
798,Western,Taï,North,Individual 45,15.03.99,0.86423,4,With,Build-Up,Climax,1,2,NV,NV,Traveling,2,0.332847,332.847,Taï (North),North (Individual 45),0.11066476292430846,22.45231659414761,short,0.0,9058.0,1999.0,03,15
798,Western,Taï,North,Individual 45,15.03.99,0.86423,4,With,Build-Up,Climax,1,2,NV,NV,Traveling,3,0.261077,261.077,Taï (North),North (Individual 45),0.11066476292430846,22.45231659414761,short,0.0,9058.0,1999.0,03,15
799,Western,Taï,North,Individual 45,15.03.99,0.96079,5,With,Build-Up,Climax,1,2,NV,NV,Traveling,1,0.271739,271.73900000000003,Taï (North),North (Individual 45),0.11908964854933414,19.876732039080398,short,0.0,9058.0,1999.0,03,15
799,Western,Taï,North,Individual 45,15.03.99,0.96079,5,With,Build-Up,Climax,1,2,NV,NV,Traveling,2,0.242624,242.624,Taï (North),North (Individual 45),0.11908964854933414,19.876732039080398,short,0.0,9058.0,1999.0,03,15
799,Western,Taï,North,Individual 45,15.03.99,0.96079,5,With,Build-Up,Climax,1,2,NV,NV,Traveling,3,0.194099,194.099,Taï (North),North (Individual 45),0.11908964854933414,19.876732039080398,short,0.0,9058.0,1999.0,03,15
799,Western,Taï,North,Individual 45,15.03.99,0.96079,5,With,Build-Up,Climax,1,2,NV,NV,Traveling,4,0.252329,252.32900000000004,Taï (North),North (Individual 45),0.11908964854933414,19.876732039080398,short,0.0,9058.0,1999.0,03,15
800,Western,Taï,North,Individual 45,22.02.99,2.33708,11,With,Build-Up,after,1,0,NV,NV,Traveling,1,0.322716,322.716,Taï (North),North (Individual 45),0.5505569826836013,67.30725441232441,short,1.563417866393641,9079.0,1999.0,02,22
800,Western,Taï,North,Individual 45,22.02.99,2.33708,11,With,Build-Up,after,1,0,NV,NV,Traveling,2,0.043426,43.426,Taï (North),North (Individual 45),0.5505569826836013,67.30725441232441,short,1.563417866393641,9079.0,1999.0,02,22
800,Western,Taï,North,Individual 45,22.02.99,2.33708,11,With,Build-Up,after,1,0,NV,NV,Traveling,3,0.252658,252.658,Taï (North),North (Individual 45),0.5505569826836013,67.30725441232441,short,1.563417866393641,9079.0,1999.0,02,22
800,Western,Taï,North,Individual 45,22.02.99,2.33708,11,With,Build-Up,after,1,0,NV,NV,Traveling,4,0.217128,217.128,Taï (North),North (Individual 45),0.5505569826836013,67.30725441232441,short,1.563417866393641,9079.0,1999.0,02,22
800,Western,Taï,North,Individual 45,22.02.99,2.33708,11,With,Build-Up,after,1,0,NV,NV,Traveling,5,0.232919,232.91899999999998,Taï (North),North (Individual 45),0.5505569826836013,67.30725441232441,short,1.563417866393641,9079.0,1999.0,02,22
800,Western,Taï,North,Individual 45,22.02.99,2.33708,11,With,Build-Up,after,1,0,NV,NV,Traveling,6,0.244762,244.762,Taï (North),North (Individual 45),0.5505569826836013,67.30725441232441,short,1.563417866393641,9079.0,1999.0,02,22
800,Western,Taï,North,Individual 45,22.02.99,2.33708,11,With,Build-Up,after,1,0,NV,NV,Traveling,7,0.544793,544.793,Taï (North),North (Individual 45),0.5505569826836013,67.30725441232441,long,1.563417866393641,9079.0,1999.0,02,22
800,Western,Taï,North,Individual 45,22.02.99,2.33708,11,With,Build-Up,after,1,0,NV,NV,Traveling,8,0.10659,106.59,Taï (North),North (Individual 45),0.5505569826836013,67.30725441232441,short,1.563417866393641,9079.0,1999.0,02,22
800,Western,Taï,North,Individual 45,22.02.99,2.33708,11,With,Build-Up,after,1,0,NV,NV,Traveling,9,0.146068,146.068,Taï (North),North (Individual 45),0.5505569826836013,67.30725441232441,short,1.563417866393641,9079.0,1999.0,02,22
800,Western,Taï,North,Individual 45,22.02.99,2.33708,11,With,Build-Up,after,1,0,NV,NV,Traveling,10,0.226024,226.024,Taï (North),North (Individual 45),0.5505569826836013,67.30725441232441,short,1.563417866393641,9079.0,1999.0,02,22
801,Western,Taï,North,Individual 45,22.02.99,3.64081,17,With,Build-Up,Climax,1,2,NV,NV,Traveling,1,0.143245,143.245,Taï (North),North (Individual 45),0.6542199938406844,46.962570542732514,short,1.5593509992552081,9079.0,1999.0,02,22
801,Western,Taï,North,Individual 45,22.02.99,3.64081,17,With,Build-Up,Climax,1,2,NV,NV,Traveling,2,0.149214,149.21400000000003,Taï (North),North (Individual 45),0.6542199938406844,46.962570542732514,short,1.5593509992552081,9079.0,1999.0,02,22
801,Western,Taï,North,Individual 45,22.02.99,3.64081,17,With,Build-Up,Climax,1,2,NV,NV,Traveling,3,0.125339,125.33900000000001,Taï (North),North (Individual 45),0.6542199938406844,46.962570542732514,short,1.5593509992552081,9079.0,1999.0,02,22
801,Western,Taï,North,Individual 45,22.02.99,3.64081,17,With,Build-Up,Climax,1,2,NV,NV,Traveling,4,0.232773,232.773,Taï (North),North (Individual 45),0.6542199938406844,46.962570542732514,short,1.5593509992552081,9079.0,1999.0,02,22
801,Western,Taï,North,Individual 45,22.02.99,3.64081,17,With,Build-Up,Climax,1,2,NV,NV,Traveling,5,0.208899,208.899,Taï (North),North (Individual 45),0.6542199938406844,46.962570542732514,short,1.5593509992552081,9079.0,1999.0,02,22
801,Western,Taï,North,Individual 45,22.02.99,3.64081,17,With,Build-Up,Climax,1,2,NV,NV,Traveling,6,0.161151,161.15099999999998,Taï (North),North (Individual 45),0.6542199938406844,46.962570542732514,short,1.5593509992552081,9079.0,1999.0,02,22
801,Western,Taï,North,Individual 45,22.02.99,3.64081,17,With,Build-Up,Climax,1,2,NV,NV,Traveling,7,0.20293,202.93,Taï (North),North (Individual 45),0.6542199938406844,46.962570542732514,short,1.5593509992552081,9079.0,1999.0,02,22
801,Western,Taï,North,Individual 45,22.02.99,3.64081,17,With,Build-Up,Climax,1,2,NV,NV,Traveling,8,0.190993,190.993,Taï (North),North (Individual 45),0.6542199938406844,46.962570542732514,short,1.5593509992552081,9079.0,1999.0,02,22
801,Western,Taï,North,Individual 45,22.02.99,3.64081,17,With,Build-Up,Climax,1,2,NV,NV,Traveling,9,0.173088,173.088,Taï (North),North (Individual 45),0.6542199938406844,46.962570542732514,short,1.5593509992552081,9079.0,1999.0,02,22
801,Western,Taï,North,Individual 45,22.02.99,3.64081,17,With,Build-Up,Climax,1,2,NV,NV,Traveling,10,0.692351,692.351,Taï (North),North (Individual 45),0.6542199938406844,46.962570542732514,long,1.5593509992552081,9079.0,1999.0,02,22
801,Western,Taï,North,Individual 45,22.02.99,3.64081,17,With,Build-Up,Climax,1,2,NV,NV,Traveling,11,0.113402,113.402,Taï (North),North (Individual 45),0.6542199938406844,46.962570542732514,short,1.5593509992552081,9079.0,1999.0,02,22
801,Western,Taï,North,Individual 45,22.02.99,3.64081,17,With,Build-Up,Climax,1,2,NV,NV,Traveling,12,0.20293,202.93,Taï (North),North (Individual 45),0.6542199938406844,46.962570542732514,short,1.5593509992552081,9079.0,1999.0,02,22
801,Western,Taï,North,Individual 45,22.02.99,3.64081,17,With,Build-Up,Climax,1,2,NV,NV,Traveling,13,0.143245,143.245,Taï (North),North (Individual 45),0.6542199938406844,46.962570542732514,short,1.5593509992552081,9079.0,1999.0,02,22
801,Western,Taï,North,Individual 45,22.02.99,3.64081,17,With,Build-Up,Climax,1,2,NV,NV,Traveling,14,0.113402,113.402,Taï (North),North (Individual 45),0.6542199938406844,46.962570542732514,short,1.5593509992552081,9079.0,1999.0,02,22
801,Western,Taï,North,Individual 45,22.02.99,3.64081,17,With,Build-Up,Climax,1,2,NV,NV,Traveling,15,0.483452,483.452,Taï (North),North (Individual 45),0.6542199938406844,46.962570542732514,short,1.5593509992552081,9079.0,1999.0,02,22
801,Western,Taï,North,Individual 45,22.02.99,3.64081,17,With,Build-Up,Climax,1,2,NV,NV,Traveling,16,0.304396,304.396,Taï (North),North (Individual 45),0.6542199938406844,46.962570542732514,short,1.5593509992552081,9079.0,1999.0,02,22
802,Western,Taï,North,Individual 45,22.02.99,2.93961,11,With,Build-Up,Let-Down,1,3,NV,NV,Traveling,1,0.140069,140.069,Taï (North),North (Individual 45),0.9895054969687778,68.90984004674684,short,1.563417866393641,9079.0,1999.0,02,22
802,Western,Taï,North,Individual 45,22.02.99,2.93961,11,With,Build-Up,Let-Down,1,3,NV,NV,Traveling,2,0.114115,114.115,Taï (North),North (Individual 45),0.9895054969687778,68.90984004674684,short,1.563417866393641,9079.0,1999.0,02,22
802,Western,Taï,North,Individual 45,22.02.99,2.93961,11,With,Build-Up,Let-Down,1,3,NV,NV,Traveling,3,0.333217,333.217,Taï (North),North (Individual 45),0.9895054969687778,68.90984004674684,short,1.563417866393641,9079.0,1999.0,02,22
802,Western,Taï,North,Individual 45,22.02.99,2.93961,11,With,Build-Up,Let-Down,1,3,NV,NV,Traveling,4,1.141154,1141.154,Taï (North),North (Individual 45),0.9895054969687778,68.90984004674684,long,1.563417866393641,9079.0,1999.0,02,22
802,Western,Taï,North,Individual 45,22.02.99,2.93961,11,With,Build-Up,Let-Down,1,3,NV,NV,Traveling,5,0.136938,136.93800000000002,Taï (North),North (Individual 45),0.9895054969687778,68.90984004674684,short,1.563417866393641,9079.0,1999.0,02,22
802,Western,Taï,North,Individual 45,22.02.99,2.93961,11,With,Build-Up,Let-Down,1,3,NV,NV,Traveling,6,0.278442,278.442,Taï (North),North (Individual 45),0.9895054969687778,68.90984004674684,short,1.563417866393641,9079.0,1999.0,02,22
802,Western,Taï,North,Individual 45,22.02.99,2.93961,11,With,Build-Up,Let-Down,1,3,NV,NV,Traveling,7,0.11868,118.67999999999999,Taï (North),North (Individual 45),0.9895054969687778,68.90984004674684,short,1.563417866393641,9079.0,1999.0,02,22
802,Western,Taï,North,Individual 45,22.02.99,2.93961,11,With,Build-Up,Let-Down,1,3,NV,NV,Traveling,8,0.219102,219.102,Taï (North),North (Individual 45),0.9895054969687778,68.90984004674684,short,1.563417866393641,9079.0,1999.0,02,22
802,Western,Taï,North,Individual 45,22.02.99,2.93961,11,With,Build-Up,Let-Down,1,3,NV,NV,Traveling,9,0.205408,205.40800000000002,Taï (North),North (Individual 45),0.9895054969687778,68.90984004674684,short,1.563417866393641,9079.0,1999.0,02,22
802,Western,Taï,North,Individual 45,22.02.99,2.93961,11,With,Build-Up,Let-Down,1,3,NV,NV,Traveling,10,0.252488,252.488,Taï (North),North (Individual 45),0.9895054969687778,68.90984004674684,short,1.563417866393641,9079.0,1999.0,02,22
803,Western,Taï,North,Individual 45,22.02.99,2.05864,10,With,Build-Up,after,1,0,NV,NV,Traveling,1,0.136568,136.56799999999998,Taï (North),North (Individual 45),0.8436367271079853,61.813046866939814,short,1.5605694548611453,9079.0,1999.0,02,22
803,Western,Taï,North,Individual 45,22.02.99,2.05864,10,With,Build-Up,after,1,0,NV,NV,Traveling,2,0.075871,75.871,Taï (North),North (Individual 45),0.8436367271079853,61.813046866939814,short,1.5605694548611453,9079.0,1999.0,02,22
803,Western,Taï,North,Individual 45,22.02.99,2.05864,10,With,Build-Up,after,1,0,NV,NV,Traveling,3,0.060697,60.697,Taï (North),North (Individual 45),0.8436367271079853,61.813046866939814,short,1.5605694548611453,9079.0,1999.0,02,22
803,Western,Taï,North,Individual 45,22.02.99,2.05864,10,With,Build-Up,after,1,0,NV,NV,Traveling,4,0.192207,192.207,Taï (North),North (Individual 45),0.8436367271079853,61.813046866939814,short,1.5605694548611453,9079.0,1999.0,02,22
803,Western,Taï,North,Individual 45,22.02.99,2.05864,10,With,Build-Up,after,1,0,NV,NV,Traveling,5,0.738481,738.4810000000001,Taï (North),North (Individual 45),0.8436367271079853,61.813046866939814,long,1.5605694548611453,9079.0,1999.0,02,22
803,Western,Taï,North,Individual 45,22.02.99,2.05864,10,With,Build-Up,after,1,0,NV,NV,Traveling,6,0.207382,207.382,Taï (North),North (Individual 45),0.8436367271079853,61.813046866939814,short,1.5605694548611453,9079.0,1999.0,02,22
803,Western,Taï,North,Individual 45,22.02.99,2.05864,10,With,Build-Up,after,1,0,NV,NV,Traveling,7,0.166917,166.917,Taï (North),North (Individual 45),0.8436367271079853,61.813046866939814,short,1.5605694548611453,9079.0,1999.0,02,22
803,Western,Taï,North,Individual 45,22.02.99,2.05864,10,With,Build-Up,after,1,0,NV,NV,Traveling,8,0.171975,171.975,Taï (North),North (Individual 45),0.8436367271079853,61.813046866939814,short,1.5605694548611453,9079.0,1999.0,02,22
803,Western,Taï,North,Individual 45,22.02.99,2.05864,10,With,Build-Up,after,1,0,NV,NV,Traveling,9,0.308543,308.543,Taï (North),North (Individual 45),0.8436367271079853,61.813046866939814,short,1.5605694548611453,9079.0,1999.0,02,22
804,Western,Taï,North,Individual 45,22.02.99,0.27131,3,With,Build-Up,Build-Up,1,1,NV,NV,Traveling,1,0.152051,152.051,Taï (North),North (Individual 45),0.12087782475203362,24.175564950406724,short,0.0,9079.0,1999.0,02,22
804,Western,Taï,North,Individual 45,22.02.99,0.27131,3,With,Build-Up,Build-Up,1,1,NV,NV,Traveling,2,0.119256,119.256,Taï (North),North (Individual 45),0.12087782475203362,24.175564950406724,short,0.0,9079.0,1999.0,02,22
805,Western,Taï,North,Individual 45,22.02.99,0.88547,6,With,Climax,Climax,2,2,NV,NV,Traveling,1,0.103976,103.976,Taï (North),North (Individual 45),0.3399399303683972,25.637620919694054,short,0.0,9079.0,1999.0,02,22
805,Western,Taï,North,Individual 45,22.02.99,0.88547,6,With,Climax,Climax,2,2,NV,NV,Traveling,2,0.10733,107.33,Taï (North),North (Individual 45),0.3399399303683972,25.637620919694054,short,0.0,9079.0,1999.0,02,22
805,Western,Taï,North,Individual 45,22.02.99,0.88547,6,With,Climax,Climax,2,2,NV,NV,Traveling,3,0.251555,251.55499999999998,Taï (North),North (Individual 45),0.3399399303683972,25.637620919694054,short,0.0,9079.0,1999.0,02,22
805,Western,Taï,North,Individual 45,22.02.99,0.88547,6,With,Climax,Climax,2,2,NV,NV,Traveling,4,0.21466,214.66,Taï (North),North (Individual 45),0.3399399303683972,25.637620919694054,short,0.0,9079.0,1999.0,02,22
805,Western,Taï,North,Individual 45,22.02.99,0.88547,6,With,Climax,Climax,2,2,NV,NV,Traveling,5,0.207952,207.952,Taï (North),North (Individual 45),0.3399399303683972,25.637620919694054,short,0.0,9079.0,1999.0,02,22
806,Western,Taï,North,Individual 45,22.02.99,2.51893,5,With,Build-Up,after,1,0,NV,NV,Traveling,1,0.354066,354.066,Taï (North),North (Individual 45),0.8788028748535144,100.62134551196637,short,1.4338343733773984,9079.0,1999.0,02,22
806,Western,Taï,North,Individual 45,22.02.99,2.51893,5,With,Build-Up,after,1,0,NV,NV,Traveling,2,0.455228,455.228,Taï (North),North (Individual 45),0.8788028748535144,100.62134551196637,short,1.4338343733773984,9079.0,1999.0,02,22
806,Western,Taï,North,Individual 45,22.02.99,2.51893,5,With,Build-Up,after,1,0,NV,NV,Traveling,3,1.568007,1568.0069999999998,Taï (North),North (Individual 45),0.8788028748535144,100.62134551196637,long,1.4338343733773984,9079.0,1999.0,02,22
806,Western,Taï,North,Individual 45,22.02.99,2.51893,5,With,Build-Up,after,1,0,NV,NV,Traveling,4,0.141626,141.626,Taï (North),North (Individual 45),0.8788028748535144,100.62134551196637,short,1.4338343733773984,9079.0,1999.0,02,22
807,Western,Taï,North,Individual 45,22.02.99,2.17736,9,With,Build-Up,Climax,1,2,NV,NV,Traveling,1,0.141233,141.233,Taï (North),North (Individual 45),0.98214151512893,72.2226368687701,short,1.5549511023971747,9079.0,1999.0,02,22
807,Western,Taï,North,Individual 45,22.02.99,2.17736,9,With,Build-Up,Climax,1,2,NV,NV,Traveling,2,0.11539,115.39,Taï (North),North (Individual 45),0.98214151512893,72.2226368687701,short,1.5549511023971747,9079.0,1999.0,02,22
807,Western,Taï,North,Individual 45,22.02.99,2.17736,9,With,Build-Up,Climax,1,2,NV,NV,Traveling,3,0.11539,115.39,Taï (North),North (Individual 45),0.98214151512893,72.2226368687701,short,1.5549511023971747,9079.0,1999.0,02,22
807,Western,Taï,North,Individual 45,22.02.99,2.17736,9,With,Build-Up,Climax,1,2,NV,NV,Traveling,4,0.175594,175.594,Taï (North),North (Individual 45),0.98214151512893,72.2226368687701,short,1.5549511023971747,9079.0,1999.0,02,22
807,Western,Taï,North,Individual 45,22.02.99,2.17736,9,With,Build-Up,Climax,1,2,NV,NV,Traveling,5,0.953223,953.2230000000001,Taï (North),North (Individual 45),0.98214151512893,72.2226368687701,long,1.5549511023971747,9079.0,1999.0,02,22
807,Western,Taï,North,Individual 45,22.02.99,2.17736,9,With,Build-Up,Climax,1,2,NV,NV,Traveling,6,0.301018,301.01800000000003,Taï (North),North (Individual 45),0.98214151512893,72.2226368687701,short,1.5549511023971747,9079.0,1999.0,02,22
807,Western,Taï,North,Individual 45,22.02.99,2.17736,9,With,Build-Up,Climax,1,2,NV,NV,Traveling,7,0.095322,95.322,Taï (North),North (Individual 45),0.98214151512893,72.2226368687701,short,1.5549511023971747,9079.0,1999.0,02,22
807,Western,Taï,North,Individual 45,22.02.99,2.17736,9,With,Build-Up,Climax,1,2,NV,NV,Traveling,8,0.280193,280.19300000000004,Taï (North),North (Individual 45),0.98214151512893,72.2226368687701,short,1.5549511023971747,9079.0,1999.0,02,22
808,Western,Taï,North,Individual 45,22.02.99,3.44789,16,With,Build-Up,after,1,0,NV,NV,Traveling,1,0.191549,191.549,Taï (North),North (Individual 45),0.3913598809278755,51.43313680407987,short,0.0,9079.0,1999.0,02,22
808,Western,Taï,North,Individual 45,22.02.99,3.44789,16,With,Build-Up,after,1,0,NV,NV,Traveling,2,0.112676,112.676,Taï (North),North (Individual 45),0.3913598809278755,51.43313680407987,short,0.0,9079.0,1999.0,02,22
808,Western,Taï,North,Individual 45,22.02.99,3.44789,16,With,Build-Up,after,1,0,NV,NV,Traveling,3,0.202817,202.817,Taï (North),North (Individual 45),0.3913598809278755,51.43313680407987,short,0.0,9079.0,1999.0,02,22
808,Western,Taï,North,Individual 45,22.02.99,3.44789,16,With,Build-Up,after,1,0,NV,NV,Traveling,4,0.23662,236.62,Taï (North),North (Individual 45),0.3913598809278755,51.43313680407987,short,0.0,9079.0,1999.0,02,22
808,Western,Taï,North,Individual 45,22.02.99,3.44789,16,With,Build-Up,after,1,0,NV,NV,Traveling,5,0.4,400.0,Taï (North),North (Individual 45),0.3913598809278755,51.43313680407987,short,0.0,9079.0,1999.0,02,22
808,Western,Taï,North,Individual 45,22.02.99,3.44789,16,With,Build-Up,after,1,0,NV,NV,Traveling,6,0.073239,73.239,Taï (North),North (Individual 45),0.3913598809278755,51.43313680407987,short,0.0,9079.0,1999.0,02,22
808,Western,Taï,North,Individual 45,22.02.99,3.44789,16,With,Build-Up,after,1,0,NV,NV,Traveling,7,0.35493,354.93,Taï (North),North (Individual 45),0.3913598809278755,51.43313680407987,short,0.0,9079.0,1999.0,02,22
808,Western,Taï,North,Individual 45,22.02.99,3.44789,16,With,Build-Up,after,1,0,NV,NV,Traveling,8,0.242254,242.254,Taï (North),North (Individual 45),0.3913598809278755,51.43313680407987,short,0.0,9079.0,1999.0,02,22
808,Western,Taï,North,Individual 45,22.02.99,3.44789,16,With,Build-Up,after,1,0,NV,NV,Traveling,9,0.304225,304.225,Taï (North),North (Individual 45),0.3913598809278755,51.43313680407987,short,0.0,9079.0,1999.0,02,22
808,Western,Taï,North,Individual 45,22.02.99,3.44789,16,With,Build-Up,after,1,0,NV,NV,Traveling,10,0.270423,270.423,Taï (North),North (Individual 45),0.3913598809278755,51.43313680407987,short,0.0,9079.0,1999.0,02,22
808,Western,Taï,North,Individual 45,22.02.99,3.44789,16,With,Build-Up,after,1,0,NV,NV,Traveling,11,0.208451,208.451,Taï (North),North (Individual 45),0.3913598809278755,51.43313680407987,short,0.0,9079.0,1999.0,02,22
808,Western,Taï,North,Individual 45,22.02.99,3.44789,16,With,Build-Up,after,1,0,NV,NV,Traveling,12,0.191549,191.549,Taï (North),North (Individual 45),0.3913598809278755,51.43313680407987,short,0.0,9079.0,1999.0,02,22
808,Western,Taï,North,Individual 45,22.02.99,3.44789,16,With,Build-Up,after,1,0,NV,NV,Traveling,13,0.107042,107.042,Taï (North),North (Individual 45),0.3913598809278755,51.43313680407987,short,0.0,9079.0,1999.0,02,22
808,Western,Taï,North,Individual 45,22.02.99,3.44789,16,With,Build-Up,after,1,0,NV,NV,Traveling,14,0.214085,214.085,Taï (North),North (Individual 45),0.3913598809278755,51.43313680407987,short,0.0,9079.0,1999.0,02,22
808,Western,Taï,North,Individual 45,22.02.99,3.44789,16,With,Build-Up,after,1,0,NV,NV,Traveling,15,0.338028,338.028,Taï (North),North (Individual 45),0.3913598809278755,51.43313680407987,short,0.0,9079.0,1999.0,02,22
809,Western,Taï,North,Individual 45,22.02.99,0.90544,4,With,Build-Up,Climax,1,2,NV,NV,Resting,1,0.183376,183.376,Taï (North),North (Individual 45),0.8226590688048959,121.36888287896332,short,1.3082708345352603,9079.0,1999.0,02,22
809,Western,Taï,North,Individual 45,22.02.99,0.90544,4,With,Build-Up,Climax,1,2,NV,NV,Resting,2,0.074761,74.761,Taï (North),North (Individual 45),0.8226590688048959,121.36888287896332,short,1.3082708345352603,9079.0,1999.0,02,22
809,Western,Taï,North,Individual 45,22.02.99,0.90544,4,With,Build-Up,Climax,1,2,NV,NV,Resting,3,0.647302,647.302,Taï (North),North (Individual 45),0.8226590688048959,121.36888287896332,long,1.3082708345352603,9079.0,1999.0,02,22
810,Western,Taï,North,Individual 45,22.02.99,1.60954,8,With,Build-Up,After Climax,1,3,NV,NV,Traveling,1,0.211782,211.782,Taï (North),North (Individual 45),0.4216435942288241,60.72438497364804,short,0.0,9079.0,1999.0,02,22
810,Western,Taï,North,Individual 45,22.02.99,1.60954,8,With,Build-Up,After Climax,1,3,NV,NV,Traveling,2,0.118598,118.598,Taï (North),North (Individual 45),0.4216435942288241,60.72438497364804,short,0.0,9079.0,1999.0,02,22
810,Western,Taï,North,Individual 45,22.02.99,1.60954,8,With,Build-Up,After Climax,1,3,NV,NV,Traveling,3,0.177897,177.897,Taï (North),North (Individual 45),0.4216435942288241,60.72438497364804,short,0.0,9079.0,1999.0,02,22
810,Western,Taï,North,Individual 45,22.02.99,1.60954,8,With,Build-Up,After Climax,1,3,NV,NV,Traveling,4,0.415092,415.09200000000004,Taï (North),North (Individual 45),0.4216435942288241,60.72438497364804,short,0.0,9079.0,1999.0,02,22
810,Western,Taï,North,Individual 45,22.02.99,1.60954,8,With,Build-Up,After Climax,1,3,NV,NV,Traveling,5,0.127069,127.06899999999999,Taï (North),North (Individual 45),0.4216435942288241,60.72438497364804,short,0.0,9079.0,1999.0,02,22
810,Western,Taï,North,Individual 45,22.02.99,1.60954,8,With,Build-Up,After Climax,1,3,NV,NV,Traveling,6,0.262609,262.609,Taï (North),North (Individual 45),0.4216435942288241,60.72438497364804,short,0.0,9079.0,1999.0,02,22
810,Western,Taï,North,Individual 45,22.02.99,1.60954,8,With,Build-Up,After Climax,1,3,NV,NV,Traveling,7,0.296494,296.49399999999997,Taï (North),North (Individual 45),0.4216435942288241,60.72438497364804,short,0.0,9079.0,1999.0,02,22
811,Western,Taï,North,Individual 45,23.02.99,0.81916,4,With,Build-Up,Climax,1,2,NV,NV,Traveling,1,0.136527,136.52700000000002,Taï (North),North (Individual 45),0.3535538221964963,42.85720264939467,short,0.0,9078.0,1999.0,02,23
811,Western,Taï,North,Individual 45,23.02.99,0.81916,4,With,Build-Up,Climax,1,2,NV,NV,Traveling,2,0.341318,341.318,Taï (North),North (Individual 45),0.3535538221964963,42.85720264939467,short,0.0,9078.0,1999.0,02,23
811,Western,Taï,North,Individual 45,23.02.99,0.81916,4,With,Build-Up,Climax,1,2,NV,NV,Traveling,3,0.341318,341.318,Taï (North),North (Individual 45),0.3535538221964963,42.85720264939467,short,0.0,9078.0,1999.0,02,23
812,Western,Taï,North,Individual 45,27.03.99,5.26452,9,With,Build-Up,Let-Down,1,3,NV,NV,Traveling,1,0.470613,470.613,Taï (North),North (Individual 45),0.3712551652104336,31.811055731720334,short,2.8676687467547968,9046.0,1999.0,03,27
812,Western,Taï,North,Individual 45,27.03.99,5.26452,9,With,Build-Up,Let-Down,1,3,NV,NV,Traveling,2,0.547795,547.7950000000001,Taï (North),North (Individual 45),0.3712551652104336,31.811055731720334,long,2.8676687467547968,9046.0,1999.0,03,27
812,Western,Taï,North,Individual 45,27.03.99,5.26452,9,With,Build-Up,Let-Down,1,3,NV,NV,Traveling,3,0.597595,597.595,Taï (North),North (Individual 45),0.3712551652104336,31.811055731720334,long,2.8676687467547968,9046.0,1999.0,03,27
812,Western,Taï,North,Individual 45,27.03.99,5.26452,9,With,Build-Up,Let-Down,1,3,NV,NV,Traveling,4,0.626051,626.051,Taï (North),North (Individual 45),0.3712551652104336,31.811055731720334,long,2.8676687467547968,9046.0,1999.0,03,27
812,Western,Taï,North,Individual 45,27.03.99,5.26452,9,With,Build-Up,Let-Down,1,3,NV,NV,Traveling,5,0.583366,583.3660000000001,Taï (North),North (Individual 45),0.3712551652104336,31.811055731720334,long,2.8676687467547968,9046.0,1999.0,03,27
812,Western,Taï,North,Individual 45,27.03.99,5.26452,9,With,Build-Up,Let-Down,1,3,NV,NV,Traveling,6,1.287674,1287.674,Taï (North),North (Individual 45),0.3712551652104336,31.811055731720334,long,2.8676687467547968,9046.0,1999.0,03,27
812,Western,Taï,North,Individual 45,27.03.99,5.26452,9,With,Build-Up,Let-Down,1,3,NV,NV,Traveling,7,0.50511,505.10999999999996,Taï (North),North (Individual 45),0.3712551652104336,31.811055731720334,short,2.8676687467547968,9046.0,1999.0,03,27
812,Western,Taï,North,Individual 45,27.03.99,5.26452,9,With,Build-Up,Let-Down,1,3,NV,NV,Traveling,8,0.64632,646.32,Taï (North),North (Individual 45),0.3712551652104336,31.811055731720334,long,2.8676687467547968,9046.0,1999.0,03,27
813,Western,Taï,North,Individual 45,27.03.99,0.57374,4,With,Build-Up,Build-Up,1,1,NV,NV,Traveling,1,0.211348,211.348,Taï (North),North (Individual 45),0.07916007732736215,12.985418409115052,short,0.0,9046.0,1999.0,03,27
813,Western,Taï,North,Individual 45,27.03.99,0.57374,4,With,Build-Up,Build-Up,1,1,NV,NV,Traveling,2,0.174812,174.81199999999998,Taï (North),North (Individual 45),0.07916007732736215,12.985418409115052,short,0.0,9046.0,1999.0,03,27
813,Western,Taï,North,Individual 45,27.03.99,0.57374,4,With,Build-Up,Build-Up,1,1,NV,NV,Traveling,3,0.187583,187.583,Taï (North),North (Individual 45),0.07916007732736215,12.985418409115052,short,0.0,9046.0,1999.0,03,27
814,Western,Taï,North,Individual 45,27.03.99,1.48708,5,Unk,Unk,Unk,0,0,NV,NV,Traveling,1,0.310887,310.887,Taï (North),North (Individual 45),0.4832417399735313,70.62348322500976,short,1.4338343733773984,9046.0,1999.0,03,27
814,Western,Taï,North,Individual 45,27.03.99,1.48708,5,Unk,Unk,Unk,0,0,NV,NV,Traveling,2,0.632138,632.138,Taï (North),North (Individual 45),0.4832417399735313,70.62348322500976,long,1.4338343733773984,9046.0,1999.0,03,27
814,Western,Taï,North,Individual 45,27.03.99,1.48708,5,Unk,Unk,Unk,0,0,NV,NV,Traveling,3,0.409335,409.335,Taï (North),North (Individual 45),0.4832417399735313,70.62348322500976,short,1.4338343733773984,9046.0,1999.0,03,27
814,Western,Taï,North,Individual 45,27.03.99,1.48708,5,Unk,Unk,Unk,0,0,NV,NV,Traveling,4,0.134718,134.71800000000002,Taï (North),North (Individual 45),0.4832417399735313,70.62348322500976,short,1.4338343733773984,9046.0,1999.0,03,27
815,Western,Taï,North,Individual 45,27.03.99,2.63662,8,With,Build-Up,after,1,0,NV,NV,Traveling,1,0.338028,338.028,Taï (North),North (Individual 45),0.3442232124510983,35.50873284725597,short,1.544783155738533,9046.0,1999.0,03,27
815,Western,Taï,North,Individual 45,27.03.99,2.63662,8,With,Build-Up,after,1,0,NV,NV,Traveling,2,0.682541,682.5409999999999,Taï (North),North (Individual 45),0.3442232124510983,35.50873284725597,long,1.544783155738533,9046.0,1999.0,03,27
815,Western,Taï,North,Individual 45,27.03.99,2.63662,8,With,Build-Up,after,1,0,NV,NV,Traveling,3,0.371831,371.831,Taï (North),North (Individual 45),0.3442232124510983,35.50873284725597,short,1.544783155738533,9046.0,1999.0,03,27
815,Western,Taï,North,Individual 45,27.03.99,2.63662,8,With,Build-Up,after,1,0,NV,NV,Traveling,4,0.264789,264.789,Taï (North),North (Individual 45),0.3442232124510983,35.50873284725597,short,1.544783155738533,9046.0,1999.0,03,27
815,Western,Taï,North,Individual 45,27.03.99,2.63662,8,With,Build-Up,after,1,0,NV,NV,Traveling,5,0.315493,315.49300000000005,Taï (North),North (Individual 45),0.3442232124510983,35.50873284725597,short,1.544783155738533,9046.0,1999.0,03,27
815,Western,Taï,North,Individual 45,27.03.99,2.63662,8,With,Build-Up,after,1,0,NV,NV,Traveling,6,0.366197,366.197,Taï (North),North (Individual 45),0.3442232124510983,35.50873284725597,short,1.544783155738533,9046.0,1999.0,03,27
815,Western,Taï,North,Individual 45,27.03.99,2.63662,8,With,Build-Up,after,1,0,NV,NV,Traveling,7,0.297741,297.741,Taï (North),North (Individual 45),0.3442232124510983,35.50873284725597,short,1.544783155738533,9046.0,1999.0,03,27
816,Western,Taï,North,Individual 45,30.03.99,1.3758,5,With,Roar,Climax,1,2,NV,NV,Traveling,1,0.096474,96.474,Taï (North),North (Individual 45),0.6653882645976148,77.61244768948198,short,1.4338343733773984,9043.0,1999.0,03,30
816,Western,Taï,North,Individual 45,30.03.99,1.3758,5,With,Roar,Climax,1,2,NV,NV,Traveling,2,0.188753,188.75300000000001,Taï (North),North (Individual 45),0.6653882645976148,77.61244768948198,short,1.4338343733773984,9043.0,1999.0,03,30
816,Western,Taï,North,Individual 45,30.03.99,1.3758,5,With,Roar,Climax,1,2,NV,NV,Traveling,3,0.692094,692.0939999999999,Taï (North),North (Individual 45),0.6653882645976148,77.61244768948198,long,1.4338343733773984,9043.0,1999.0,03,30
816,Western,Taï,North,Individual 45,30.03.99,1.3758,5,With,Roar,Climax,1,2,NV,NV,Traveling,4,0.398479,398.47900000000004,Taï (North),North (Individual 45),0.6653882645976148,77.61244768948198,short,1.4338343733773984,9043.0,1999.0,03,30
817,Western,Taï,North,Individual 45,30.03.99,1.13472,4,Unk,Unk,Unk,0,0,NV,NV,Traveling,1,0.247207,247.20700000000002,Taï (North),North (Individual 45),0.693028551324836,117.80048736306603,short,1.3082708345352603,9043.0,1999.0,03,30
817,Western,Taï,North,Individual 45,30.03.99,1.13472,4,Unk,Unk,Unk,0,0,NV,NV,Traveling,2,0.744074,744.0740000000001,Taï (North),North (Individual 45),0.693028551324836,117.80048736306603,long,1.3082708345352603,9043.0,1999.0,03,30
817,Western,Taï,North,Individual 45,30.03.99,1.13472,4,Unk,Unk,Unk,0,0,NV,NV,Traveling,3,0.143436,143.436,Taï (North),North (Individual 45),0.693028551324836,117.80048736306603,short,1.3082708345352603,9043.0,1999.0,03,30
818,Western,Taï,North,Individual 45,07.03.99,1.64803,7,With,Build-Up,Unk,1,0,NV,NV,Traveling,1,0.20512,205.12,Taï (North),North (Individual 45),0.5515807870088427,47.89457886121718,short,1.5268037744276668,9066.0,1999.0,03,07
818,Western,Taï,North,Individual 45,07.03.99,1.64803,7,With,Build-Up,Unk,1,0,NV,NV,Traveling,2,0.608286,608.286,Taï (North),North (Individual 45),0.5515807870088427,47.89457886121718,long,1.5268037744276668,9066.0,1999.0,03,07
818,Western,Taï,North,Individual 45,07.03.99,1.64803,7,With,Build-Up,Unk,1,0,NV,NV,Traveling,3,0.261705,261.70500000000004,Taï (North),North (Individual 45),0.5515807870088427,47.89457886121718,short,1.5268037744276668,9066.0,1999.0,03,07
818,Western,Taï,North,Individual 45,07.03.99,1.64803,7,With,Build-Up,Unk,1,0,NV,NV,Traveling,4,0.176827,176.827,Taï (North),North (Individual 45),0.5515807870088427,47.89457886121718,short,1.5268037744276668,9066.0,1999.0,03,07
818,Western,Taï,North,Individual 45,07.03.99,1.64803,7,With,Build-Up,Unk,1,0,NV,NV,Traveling,5,0.20512,205.12,Taï (North),North (Individual 45),0.5515807870088427,47.89457886121718,short,1.5268037744276668,9066.0,1999.0,03,07
818,Western,Taï,North,Individual 45,07.03.99,1.64803,7,With,Build-Up,Unk,1,0,NV,NV,Traveling,6,0.190974,190.97400000000002,Taï (North),North (Individual 45),0.5515807870088427,47.89457886121718,short,1.5268037744276668,9066.0,1999.0,03,07
819,Western,Taï,North,Individual 45,07.03.99,1.71361,11,With,Build-Up,Climax,1,2,NV,NV,Traveling,1,0.238451,238.451,Taï (North),North (Individual 45),0.17046569474738787,18.39945399729701,short,0.0,9066.0,1999.0,03,07
819,Western,Taï,North,Individual 45,07.03.99,1.71361,11,With,Build-Up,Climax,1,2,NV,NV,Traveling,2,0.173786,173.786,Taï (North),North (Individual 45),0.17046569474738787,18.39945399729701,short,0.0,9066.0,1999.0,03,07
819,Western,Taï,North,Individual 45,07.03.99,1.71361,11,With,Build-Up,Climax,1,2,NV,NV,Traveling,3,0.181869,181.869,Taï (North),North (Individual 45),0.17046569474738787,18.39945399729701,short,0.0,9066.0,1999.0,03,07
819,Western,Taï,North,Individual 45,07.03.99,1.71361,11,With,Build-Up,Climax,1,2,NV,NV,Traveling,4,0.145495,145.495,Taï (North),North (Individual 45),0.17046569474738787,18.39945399729701,short,0.0,9066.0,1999.0,03,07
819,Western,Taï,North,Individual 45,07.03.99,1.71361,11,With,Build-Up,Climax,1,2,NV,NV,Traveling,5,0.169744,169.744,Taï (North),North (Individual 45),0.17046569474738787,18.39945399729701,short,0.0,9066.0,1999.0,03,07
819,Western,Taï,North,Individual 45,07.03.99,1.71361,11,With,Build-Up,Climax,1,2,NV,NV,Traveling,6,0.117205,117.205,Taï (North),North (Individual 45),0.17046569474738787,18.39945399729701,short,0.0,9066.0,1999.0,03,07
819,Western,Taï,North,Individual 45,07.03.99,1.71361,11,With,Build-Up,Climax,1,2,NV,NV,Traveling,7,0.169744,169.744,Taï (North),North (Individual 45),0.17046569474738787,18.39945399729701,short,0.0,9066.0,1999.0,03,07
819,Western,Taï,North,Individual 45,07.03.99,1.71361,11,With,Build-Up,Climax,1,2,NV,NV,Traveling,8,0.169744,169.744,Taï (North),North (Individual 45),0.17046569474738787,18.39945399729701,short,0.0,9066.0,1999.0,03,07
819,Western,Taï,North,Individual 45,07.03.99,1.71361,11,With,Build-Up,Climax,1,2,NV,NV,Traveling,9,0.161661,161.661,Taï (North),North (Individual 45),0.17046569474738787,18.39945399729701,short,0.0,9066.0,1999.0,03,07
819,Western,Taï,North,Individual 45,07.03.99,1.71361,11,With,Build-Up,Climax,1,2,NV,NV,Traveling,10,0.185911,185.911,Taï (North),North (Individual 45),0.17046569474738787,18.39945399729701,short,0.0,9066.0,1999.0,03,07
820,Western,Taï,North,Individual 45,15.03.99,0.8292,3,With,Climax,Climax,2,2,NV,NV,Traveling,1,0.456818,456.818,Taï (North),North (Individual 45),0.10183225457882743,20.366450915765487,short,0.0,9058.0,1999.0,03,15
820,Western,Taï,North,Individual 45,15.03.99,0.8292,3,With,Climax,Climax,2,2,NV,NV,Traveling,2,0.372379,372.379,Taï (North),North (Individual 45),0.10183225457882743,20.366450915765487,short,0.0,9058.0,1999.0,03,15
825,Western,Taï,East,Individual 01,13.10.13,0.49244,4,With,Build-Up,Build-Up,1,1,NV,NV,Traveling,1,0.106272,106.272,Taï (East),East (Individual 01),0.3249863714141277,59.42468318125691,short,0.0,3732.0,2013.0,10,13
825,Western,Taï,East,Individual 01,13.10.13,0.49244,4,With,Build-Up,Build-Up,1,1,NV,NV,Traveling,2,0.234996,234.996,Taï (East),East (Individual 01),0.3249863714141277,59.42468318125691,short,0.0,3732.0,2013.0,10,13
825,Western,Taï,East,Individual 01,13.10.13,0.49244,4,With,Build-Up,Build-Up,1,1,NV,NV,Traveling,3,0.151176,151.17600000000002,Taï (East),East (Individual 01),0.3249863714141277,59.42468318125691,short,0.0,3732.0,2013.0,10,13
826,Western,Taï,East,Individual 01,13.10.13,0.85814,5,With,Build-Up,Build-Up,1,1,NV,NV,Traveling,1,0.248912,248.912,Taï (East),East (Individual 01),0.20246491147368215,31.068295928156232,short,0.0,3732.0,2013.0,10,13
826,Western,Taï,East,Individual 01,13.10.13,0.85814,5,With,Build-Up,Build-Up,1,1,NV,NV,Traveling,2,0.160139,160.139,Taï (East),East (Individual 01),0.20246491147368215,31.068295928156232,short,0.0,3732.0,2013.0,10,13
826,Western,Taï,East,Individual 01,13.10.13,0.85814,5,With,Build-Up,Build-Up,1,1,NV,NV,Traveling,3,0.184508,184.508,Taï (East),East (Individual 01),0.20246491147368215,31.068295928156232,short,0.0,3732.0,2013.0,10,13
826,Western,Taï,East,Individual 01,13.10.13,0.85814,5,With,Build-Up,Build-Up,1,1,NV,NV,Traveling,4,0.264578,264.578,Taï (East),East (Individual 01),0.20246491147368215,31.068295928156232,short,0.0,3732.0,2013.0,10,13
827,Western,Taï,East,Individual 03,24.10.13,0.56947,6,With,Build-Up,Climax,1,2,NV,NV,Resting,1,0.108127,108.127,Taï (East),East (Individual 03),0.2592807578993826,46.76434431243843,short,0.0,3721.0,2013.0,10,24
827,Western,Taï,East,Individual 03,24.10.13,0.56947,6,With,Build-Up,Climax,1,2,NV,NV,Resting,2,0.067904,67.90400000000001,Taï (East),East (Individual 03),0.2592807578993826,46.76434431243843,short,0.0,3721.0,2013.0,10,24
827,Western,Taï,East,Individual 03,24.10.13,0.56947,6,With,Build-Up,Climax,1,2,NV,NV,Resting,3,0.141799,141.799,Taï (East),East (Individual 03),0.2592807578993826,46.76434431243843,short,0.0,3721.0,2013.0,10,24
827,Western,Taï,East,Individual 03,24.10.13,0.56947,6,With,Build-Up,Climax,1,2,NV,NV,Resting,4,0.101856,101.85600000000001,Taï (East),East (Individual 03),0.2592807578993826,46.76434431243843,short,0.0,3721.0,2013.0,10,24
827,Western,Taï,East,Individual 03,24.10.13,0.56947,6,With,Build-Up,Climax,1,2,NV,NV,Resting,5,0.149788,149.788,Taï (East),East (Individual 03),0.2592807578993826,46.76434431243843,short,0.0,3721.0,2013.0,10,24
828,Western,Taï,East,Individual 03,24.10.13,0.33151,3,With,Build-Up,Build-Up,1,1,NV,NV,Resting,1,0.182481,182.481,Taï (East),East (Individual 03),0.10091792933482556,20.18358586696511,short,0.0,3721.0,2013.0,10,24
828,Western,Taï,East,Individual 03,24.10.13,0.33151,3,With,Build-Up,Build-Up,1,1,NV,NV,Resting,2,0.149026,149.02599999999998,Taï (East),East (Individual 03),0.10091792933482556,20.18358586696511,short,0.0,3721.0,2013.0,10,24
829,Western,Taï,East,Individual 03,24.10.13,0.8362,8,With,Build-Up,Build-Up,1,1,NV,NV,Traveling,1,0.105908,105.908,Taï (East),East (Individual 03),0.22654489388450624,30.020094588557207,short,0.0,3721.0,2013.0,10,24
829,Western,Taï,East,Individual 03,24.10.13,0.8362,8,With,Build-Up,Build-Up,1,1,NV,NV,Traveling,2,0.067971,67.971,Taï (East),East (Individual 03),0.22654489388450624,30.020094588557207,short,0.0,3721.0,2013.0,10,24
829,Western,Taï,East,Individual 03,24.10.13,0.8362,8,With,Build-Up,Build-Up,1,1,NV,NV,Traveling,3,0.154911,154.911,Taï (East),East (Individual 03),0.22654489388450624,30.020094588557207,short,0.0,3721.0,2013.0,10,24
829,Western,Taï,East,Individual 03,24.10.13,0.8362,8,With,Build-Up,Build-Up,1,1,NV,NV,Traveling,4,0.137523,137.523,Taï (East),East (Individual 03),0.22654489388450624,30.020094588557207,short,0.0,3721.0,2013.0,10,24
829,Western,Taï,East,Individual 03,24.10.13,0.8362,8,With,Build-Up,Build-Up,1,1,NV,NV,Traveling,5,0.142265,142.26500000000001,Taï (East),East (Individual 03),0.22654489388450624,30.020094588557207,short,0.0,3721.0,2013.0,10,24
829,Western,Taï,East,Individual 03,24.10.13,0.8362,8,With,Build-Up,Build-Up,1,1,NV,NV,Traveling,6,0.105908,105.908,Taï (East),East (Individual 03),0.22654489388450624,30.020094588557207,short,0.0,3721.0,2013.0,10,24
829,Western,Taï,East,Individual 03,24.10.13,0.8362,8,With,Build-Up,Build-Up,1,1,NV,NV,Traveling,7,0.121715,121.715,Taï (East),East (Individual 03),0.22654489388450624,30.020094588557207,short,0.0,3721.0,2013.0,10,24
830,Western,Taï,East,Individual 01,25.10.13,0.38019,4,With,Build-Up,Build-Up,1,1,NV,NV,Traveling,1,0.054313,54.313,Taï (East),East (Individual 01),0.5661674490939937,68.0103800850659,short,0.0,3720.0,2013.0,10,25
830,Western,Taï,East,Individual 01,25.10.13,0.38019,4,With,Build-Up,Build-Up,1,1,NV,NV,Traveling,2,0.101384,101.384,Taï (East),East (Individual 01),0.5661674490939937,68.0103800850659,short,0.0,3720.0,2013.0,10,25
830,Western,Taï,East,Individual 01,25.10.13,0.38019,4,With,Build-Up,Build-Up,1,1,NV,NV,Traveling,3,0.224494,224.494,Taï (East),East (Individual 01),0.5661674490939937,68.0103800850659,short,0.0,3720.0,2013.0,10,25
831,Western,Taï,East,Individual 08,25.10.13,0.66954,5,With,Climax,after,2,0,NV,NV,Resting,1,0.282032,282.032,Taï (East),East (Individual 08),0.5206397960658365,100.86339867516773,short,0.0,3720.0,2013.0,10,25
831,Western,Taï,East,Individual 08,25.10.13,0.66954,5,With,Climax,after,2,0,NV,NV,Resting,2,0.068788,68.788,Taï (East),East (Individual 08),0.5206397960658365,100.86339867516773,short,0.0,3720.0,2013.0,10,25
831,Western,Taï,East,Individual 08,25.10.13,0.66954,5,With,Climax,after,2,0,NV,NV,Resting,3,0.220122,220.122,Taï (East),East (Individual 08),0.5206397960658365,100.86339867516773,short,0.0,3720.0,2013.0,10,25
831,Western,Taï,East,Individual 08,25.10.13,0.66954,5,With,Climax,after,2,0,NV,NV,Resting,4,0.098596,98.596,Taï (East),East (Individual 08),0.5206397960658365,100.86339867516773,short,0.0,3720.0,2013.0,10,25
832,Western,Taï,East,Individual 08,26.10.13,1.14415,8,With,Climax,after,2,0,NV,NV,Traveling,1,0.154724,154.724,Taï (East),East (Individual 08),0.37736713203814165,75.41025440972132,short,0.0,3719.0,2013.0,10,26
832,Western,Taï,East,Individual 08,26.10.13,1.14415,8,With,Climax,after,2,0,NV,NV,Traveling,2,0.209692,209.69199999999998,Taï (East),East (Individual 08),0.37736713203814165,75.41025440972132,short,0.0,3719.0,2013.0,10,26
832,Western,Taï,East,Individual 08,26.10.13,1.14415,8,With,Climax,after,2,0,NV,NV,Traveling,3,0.089577,89.577,Taï (East),East (Individual 08),0.37736713203814165,75.41025440972132,short,0.0,3719.0,2013.0,10,26
832,Western,Taï,East,Individual 08,26.10.13,1.14415,8,With,Climax,after,2,0,NV,NV,Traveling,4,0.242266,242.26600000000002,Taï (East),East (Individual 08),0.37736713203814165,75.41025440972132,short,0.0,3719.0,2013.0,10,26
832,Western,Taï,East,Individual 08,26.10.13,1.14415,8,With,Climax,after,2,0,NV,NV,Traveling,5,0.085506,85.506,Taï (East),East (Individual 08),0.37736713203814165,75.41025440972132,short,0.0,3719.0,2013.0,10,26
832,Western,Taï,East,Individual 08,26.10.13,1.14415,8,With,Climax,after,2,0,NV,NV,Traveling,6,0.236158,236.15800000000002,Taï (East),East (Individual 08),0.37736713203814165,75.41025440972132,short,0.0,3719.0,2013.0,10,26
832,Western,Taï,East,Individual 08,26.10.13,1.14415,8,With,Climax,after,2,0,NV,NV,Traveling,7,0.126222,126.222,Taï (East),East (Individual 08),0.37736713203814165,75.41025440972132,short,0.0,3719.0,2013.0,10,26
833,Western,Taï,East,Individual 01,28.10.13,0.60001,5,With,Build-Up,Build-Up,1,1,NV,NV,Traveling,1,0.179225,179.225,Taï (East),East (Individual 01),0.24400528191133455,39.324631027745774,short,0.0,3717.0,2013.0,10,28
833,Western,Taï,East,Individual 01,28.10.13,0.60001,5,With,Build-Up,Build-Up,1,1,NV,NV,Traveling,2,0.128574,128.57399999999998,Taï (East),East (Individual 01),0.24400528191133455,39.324631027745774,short,0.0,3717.0,2013.0,10,28
833,Western,Taï,East,Individual 01,28.10.13,0.60001,5,With,Build-Up,Build-Up,1,1,NV,NV,Traveling,3,0.101301,101.301,Taï (East),East (Individual 01),0.24400528191133455,39.324631027745774,short,0.0,3717.0,2013.0,10,28
833,Western,Taï,East,Individual 01,28.10.13,0.60001,5,With,Build-Up,Build-Up,1,1,NV,NV,Traveling,4,0.190914,190.914,Taï (East),East (Individual 01),0.24400528191133455,39.324631027745774,short,0.0,3717.0,2013.0,10,28
834,Western,Taï,East,Individual 01,28.10.13,1.68049,8,With,Build-Up,Climax,1,2,NV,NV,Traveling,1,0.262731,262.731,Taï (East),East (Individual 01),0.44490973840714504,56.983732121293265,short,0.0,3717.0,2013.0,10,28
834,Western,Taï,East,Individual 01,28.10.13,1.68049,8,With,Build-Up,Climax,1,2,NV,NV,Traveling,2,0.218117,218.11700000000002,Taï (East),East (Individual 01),0.44490973840714504,56.983732121293265,short,0.0,3717.0,2013.0,10,28
834,Western,Taï,East,Individual 01,28.10.13,1.68049,8,With,Build-Up,Climax,1,2,NV,NV,Traveling,3,0.094187,94.18700000000001,Taï (East),East (Individual 01),0.44490973840714504,56.983732121293265,short,0.0,3717.0,2013.0,10,28
834,Western,Taï,East,Individual 01,28.10.13,1.68049,8,With,Build-Up,Climax,1,2,NV,NV,Traveling,4,0.470934,470.934,Taï (East),East (Individual 01),0.44490973840714504,56.983732121293265,short,0.0,3717.0,2013.0,10,28
834,Western,Taï,East,Individual 01,28.10.13,1.68049,8,With,Build-Up,Climax,1,2,NV,NV,Traveling,5,0.218117,218.11700000000002,Taï (East),East (Individual 01),0.44490973840714504,56.983732121293265,short,0.0,3717.0,2013.0,10,28
834,Western,Taï,East,Individual 01,28.10.13,1.68049,8,With,Build-Up,Climax,1,2,NV,NV,Traveling,6,0.237945,237.945,Taï (East),East (Individual 01),0.44490973840714504,56.983732121293265,short,0.0,3717.0,2013.0,10,28
834,Western,Taï,East,Individual 01,28.10.13,1.68049,8,With,Build-Up,Climax,1,2,NV,NV,Traveling,7,0.178459,178.459,Taï (East),East (Individual 01),0.44490973840714504,56.983732121293265,short,0.0,3717.0,2013.0,10,28
835,Western,Taï,East,Individual 01,28.10.13,1.66665,8,With,Build-Up,Climax,1,2,NV,NV,Resting,1,0.208331,208.331,Taï (East),East (Individual 01),0.32215466977443163,40.485167743829656,short,0.0,3717.0,2013.0,10,28
835,Western,Taï,East,Individual 01,28.10.13,1.66665,8,With,Build-Up,Climax,1,2,NV,NV,Resting,2,0.149999,149.999,Taï (East),East (Individual 01),0.32215466977443163,40.485167743829656,short,0.0,3717.0,2013.0,10,28
835,Western,Taï,East,Individual 01,28.10.13,1.66665,8,With,Build-Up,Climax,1,2,NV,NV,Resting,3,0.319442,319.442,Taï (East),East (Individual 01),0.32215466977443163,40.485167743829656,short,0.0,3717.0,2013.0,10,28
835,Western,Taï,East,Individual 01,28.10.13,1.66665,8,With,Build-Up,Climax,1,2,NV,NV,Resting,4,0.361108,361.108,Taï (East),East (Individual 01),0.32215466977443163,40.485167743829656,short,0.0,3717.0,2013.0,10,28
835,Western,Taï,East,Individual 01,28.10.13,1.66665,8,With,Build-Up,Climax,1,2,NV,NV,Resting,5,0.166665,166.66500000000002,Taï (East),East (Individual 01),0.32215466977443163,40.485167743829656,short,0.0,3717.0,2013.0,10,28
835,Western,Taï,East,Individual 01,28.10.13,1.66665,8,With,Build-Up,Climax,1,2,NV,NV,Resting,6,0.177776,177.77599999999998,Taï (East),East (Individual 01),0.32215466977443163,40.485167743829656,short,0.0,3717.0,2013.0,10,28
835,Western,Taï,East,Individual 01,28.10.13,1.66665,8,With,Build-Up,Climax,1,2,NV,NV,Resting,7,0.283331,283.331,Taï (East),East (Individual 01),0.32215466977443163,40.485167743829656,short,0.0,3717.0,2013.0,10,28
837,Western,Taï,East,Individual 08,07.11.13,3.37229,16,With,Build-Up,Climax,1,2,NV,NV,Resting,1,0.096981,96.981,Taï (East),East (Individual 08),0.6935355725598622,64.60416292635483,short,1.5610588407725163,3707.0,2013.0,11,07
837,Western,Taï,East,Individual 08,07.11.13,3.37229,16,With,Build-Up,Climax,1,2,NV,NV,Resting,2,0.185145,185.145,Taï (East),East (Individual 08),0.6935355725598622,64.60416292635483,short,1.5610588407725163,3707.0,2013.0,11,07
837,Western,Taï,East,Individual 08,07.11.13,3.37229,16,With,Build-Up,Climax,1,2,NV,NV,Resting,3,0.163104,163.10399999999998,Taï (East),East (Individual 08),0.6935355725598622,64.60416292635483,short,1.5610588407725163,3707.0,2013.0,11,07
837,Western,Taï,East,Individual 08,07.11.13,3.37229,16,With,Build-Up,Climax,1,2,NV,NV,Resting,4,0.160769,160.769,Taï (East),East (Individual 08),0.6935355725598622,64.60416292635483,short,1.5610588407725163,3707.0,2013.0,11,07
837,Western,Taï,East,Individual 08,07.11.13,3.37229,16,With,Build-Up,Climax,1,2,NV,NV,Resting,5,0.102534,102.534,Taï (East),East (Individual 08),0.6935355725598622,64.60416292635483,short,1.5610588407725163,3707.0,2013.0,11,07
837,Western,Taï,East,Individual 08,07.11.13,3.37229,16,With,Build-Up,Climax,1,2,NV,NV,Resting,6,0.208604,208.604,Taï (East),East (Individual 08),0.6935355725598622,64.60416292635483,short,1.5610588407725163,3707.0,2013.0,11,07
837,Western,Taï,East,Individual 08,07.11.13,3.37229,16,With,Build-Up,Climax,1,2,NV,NV,Resting,7,0.116677,116.677,Taï (East),East (Individual 08),0.6935355725598622,64.60416292635483,short,1.5610588407725163,3707.0,2013.0,11,07
837,Western,Taï,East,Individual 08,07.11.13,3.37229,16,With,Build-Up,Climax,1,2,NV,NV,Resting,8,0.233354,233.354,Taï (East),East (Individual 08),0.6935355725598622,64.60416292635483,short,1.5610588407725163,3707.0,2013.0,11,07
837,Western,Taï,East,Individual 08,07.11.13,3.37229,16,With,Build-Up,Climax,1,2,NV,NV,Resting,9,0.113141,113.141,Taï (East),East (Individual 08),0.6935355725598622,64.60416292635483,short,1.5610588407725163,3707.0,2013.0,11,07
837,Western,Taï,East,Individual 08,07.11.13,3.37229,16,With,Build-Up,Climax,1,2,NV,NV,Resting,10,0.342959,342.959,Taï (East),East (Individual 08),0.6935355725598622,64.60416292635483,short,1.5610588407725163,3707.0,2013.0,11,07
837,Western,Taï,East,Individual 08,07.11.13,3.37229,16,With,Build-Up,Climax,1,2,NV,NV,Resting,11,0.123748,123.74799999999999,Taï (East),East (Individual 08),0.6935355725598622,64.60416292635483,short,1.5610588407725163,3707.0,2013.0,11,07
837,Western,Taï,East,Individual 08,07.11.13,3.37229,16,With,Build-Up,Climax,1,2,NV,NV,Resting,12,0.254568,254.568,Taï (East),East (Individual 08),0.6935355725598622,64.60416292635483,short,1.5610588407725163,3707.0,2013.0,11,07
837,Western,Taï,East,Individual 08,07.11.13,3.37229,16,With,Build-Up,Climax,1,2,NV,NV,Resting,13,0.737309,737.309,Taï (East),East (Individual 08),0.6935355725598622,64.60416292635483,long,1.5610588407725163,3707.0,2013.0,11,07
837,Western,Taï,East,Individual 08,07.11.13,3.37229,16,With,Build-Up,Climax,1,2,NV,NV,Resting,14,0.202778,202.77800000000002,Taï (East),East (Individual 08),0.6935355725598622,64.60416292635483,short,1.5610588407725163,3707.0,2013.0,11,07
837,Western,Taï,East,Individual 08,07.11.13,3.37229,16,With,Build-Up,Climax,1,2,NV,NV,Resting,15,0.330616,330.61600000000004,Taï (East),East (Individual 08),0.6935355725598622,64.60416292635483,short,1.5610588407725163,3707.0,2013.0,11,07
838,Western,Taï,East,Individual 08,07.11.13,0.26524,3,With,Build-Up,Climax,1,2,NV,NV,Traveling,1,0.151408,151.408,Taï (East),East (Individual 08),0.14166361912374026,28.33272382474805,short,0.0,3707.0,2013.0,11,07
838,Western,Taï,East,Individual 08,07.11.13,0.26524,3,With,Build-Up,Climax,1,2,NV,NV,Traveling,2,0.113833,113.833,Taï (East),East (Individual 08),0.14166361912374026,28.33272382474805,short,0.0,3707.0,2013.0,11,07
839,Western,Taï,East,Individual 01,07.11.13,1.64775,6,With,Build-Up,Climax,1,2,NV,NV,Traveling,1,0.333056,333.05600000000004,Taï (East),East (Individual 01),0.19383995059585485,25.436972735841646,short,0.0,3707.0,2013.0,11,07
839,Western,Taï,East,Individual 01,07.11.13,1.64775,6,With,Build-Up,Climax,1,2,NV,NV,Traveling,2,0.283974,283.974,Taï (East),East (Individual 01),0.19383995059585485,25.436972735841646,short,0.0,3707.0,2013.0,11,07
839,Western,Taï,East,Individual 01,07.11.13,1.64775,6,With,Build-Up,Climax,1,2,NV,NV,Traveling,3,0.399668,399.668,Taï (East),East (Individual 01),0.19383995059585485,25.436972735841646,short,0.0,3707.0,2013.0,11,07
839,Western,Taï,East,Individual 01,07.11.13,1.64775,6,With,Build-Up,Climax,1,2,NV,NV,Traveling,4,0.396162,396.16200000000003,Taï (East),East (Individual 01),0.19383995059585485,25.436972735841646,short,0.0,3707.0,2013.0,11,07
839,Western,Taï,East,Individual 01,07.11.13,1.64775,6,With,Build-Up,Climax,1,2,NV,NV,Traveling,5,0.234892,234.892,Taï (East),East (Individual 01),0.19383995059585485,25.436972735841646,short,0.0,3707.0,2013.0,11,07
840,Western,Taï,East,Individual 01,07.11.13,3.34547,8,With,Build-Up,Build-Up,1,1,NV,NV,Traveling,1,0.377841,377.841,Taï (East),East (Individual 01),0.8401596771750652,62.83286101544123,short,1.544783155738533,3707.0,2013.0,11,07
840,Western,Taï,East,Individual 01,07.11.13,3.34547,8,With,Build-Up,Build-Up,1,1,NV,NV,Traveling,2,0.291253,291.253,Taï (East),East (Individual 01),0.8401596771750652,62.83286101544123,short,1.544783155738533,3707.0,2013.0,11,07
840,Western,Taï,East,Individual 01,07.11.13,3.34547,8,With,Build-Up,Build-Up,1,1,NV,NV,Traveling,3,1.452327,1452.327,Taï (East),East (Individual 01),0.8401596771750652,62.83286101544123,long,1.544783155738533,3707.0,2013.0,11,07
840,Western,Taï,East,Individual 01,07.11.13,3.34547,8,With,Build-Up,Build-Up,1,1,NV,NV,Traveling,4,0.299124,299.124,Taï (East),East (Individual 01),0.8401596771750652,62.83286101544123,short,1.544783155738533,3707.0,2013.0,11,07
840,Western,Taï,East,Individual 01,07.11.13,3.34547,8,With,Build-Up,Build-Up,1,1,NV,NV,Traveling,5,0.389649,389.649,Taï (East),East (Individual 01),0.8401596771750652,62.83286101544123,short,1.544783155738533,3707.0,2013.0,11,07
840,Western,Taï,East,Individual 01,07.11.13,3.34547,8,With,Build-Up,Build-Up,1,1,NV,NV,Traveling,6,0.322739,322.739,Taï (East),East (Individual 01),0.8401596771750652,62.83286101544123,short,1.544783155738533,3707.0,2013.0,11,07
840,Western,Taï,East,Individual 01,07.11.13,3.34547,8,With,Build-Up,Build-Up,1,1,NV,NV,Traveling,7,0.212536,212.536,Taï (East),East (Individual 01),0.8401596771750652,62.83286101544123,short,1.544783155738533,3707.0,2013.0,11,07
841,Western,Taï,East,Individual 08,07.11.13,4.13883,21,With,after,after,0,0,NV,NV,Traveling,1,0.169857,169.857,Taï (East),East (Individual 08),0.9481938781239027,54.83967241602987,short,1.5518068998045416,3707.0,2013.0,11,07
841,Western,Taï,East,Individual 08,07.11.13,4.13883,21,With,after,after,0,0,NV,NV,Traveling,2,0.055001,55.001000000000005,Taï (East),East (Individual 08),0.9481938781239027,54.83967241602987,short,1.5518068998045416,3707.0,2013.0,11,07
841,Western,Taï,East,Individual 08,07.11.13,4.13883,21,With,after,after,0,0,NV,NV,Traveling,3,0.146214,146.214,Taï (East),East (Individual 08),0.9481938781239027,54.83967241602987,short,1.5518068998045416,3707.0,2013.0,11,07
841,Western,Taï,East,Individual 08,07.11.13,4.13883,21,With,after,after,0,0,NV,NV,Traveling,4,0.125433,125.43299999999999,Taï (East),East (Individual 08),0.9481938781239027,54.83967241602987,short,1.5518068998045416,3707.0,2013.0,11,07
841,Western,Taï,East,Individual 08,07.11.13,4.13883,21,With,after,after,0,0,NV,NV,Traveling,5,0.201215,201.215,Taï (East),East (Individual 08),0.9481938781239027,54.83967241602987,short,1.5518068998045416,3707.0,2013.0,11,07
841,Western,Taï,East,Individual 08,07.11.13,4.13883,21,With,after,after,0,0,NV,NV,Traveling,6,0.135885,135.88500000000002,Taï (East),East (Individual 08),0.9481938781239027,54.83967241602987,short,1.5518068998045416,3707.0,2013.0,11,07
841,Western,Taï,East,Individual 08,07.11.13,4.13883,21,With,after,after,0,0,NV,NV,Traveling,7,0.209054,209.054,Taï (East),East (Individual 08),0.9481938781239027,54.83967241602987,short,1.5518068998045416,3707.0,2013.0,11,07
841,Western,Taï,East,Individual 08,07.11.13,4.13883,21,With,after,after,0,0,NV,NV,Traveling,8,0.125433,125.43299999999999,Taï (East),East (Individual 08),0.9481938781239027,54.83967241602987,short,1.5518068998045416,3707.0,2013.0,11,07
841,Western,Taï,East,Individual 08,07.11.13,4.13883,21,With,after,after,0,0,NV,NV,Traveling,9,0.216894,216.894,Taï (East),East (Individual 08),0.9481938781239027,54.83967241602987,short,1.5518068998045416,3707.0,2013.0,11,07
841,Western,Taï,East,Individual 08,07.11.13,4.13883,21,With,after,after,0,0,NV,NV,Traveling,10,0.11498,114.98,Taï (East),East (Individual 08),0.9481938781239027,54.83967241602987,short,1.5518068998045416,3707.0,2013.0,11,07
841,Western,Taï,East,Individual 08,07.11.13,4.13883,21,With,after,after,0,0,NV,NV,Traveling,11,0.146338,146.338,Taï (East),East (Individual 08),0.9481938781239027,54.83967241602987,short,1.5518068998045416,3707.0,2013.0,11,07
841,Western,Taï,East,Individual 08,07.11.13,4.13883,21,With,after,after,0,0,NV,NV,Traveling,12,0.141112,141.112,Taï (East),East (Individual 08),0.9481938781239027,54.83967241602987,short,1.5518068998045416,3707.0,2013.0,11,07
841,Western,Taï,East,Individual 08,07.11.13,4.13883,21,With,after,after,0,0,NV,NV,Traveling,13,0.224733,224.73299999999998,Taï (East),East (Individual 08),0.9481938781239027,54.83967241602987,short,1.5518068998045416,3707.0,2013.0,11,07
841,Western,Taï,East,Individual 08,07.11.13,4.13883,21,With,after,after,0,0,NV,NV,Traveling,14,0.141112,141.112,Taï (East),East (Individual 08),0.9481938781239027,54.83967241602987,short,1.5518068998045416,3707.0,2013.0,11,07
841,Western,Taï,East,Individual 08,07.11.13,4.13883,21,With,after,after,0,0,NV,NV,Traveling,15,1.038127,1038.127,Taï (East),East (Individual 08),0.9481938781239027,54.83967241602987,long,1.5518068998045416,3707.0,2013.0,11,07
841,Western,Taï,East,Individual 08,07.11.13,4.13883,21,With,after,after,0,0,NV,NV,Traveling,16,0.250989,250.989,Taï (East),East (Individual 08),0.9481938781239027,54.83967241602987,short,1.5518068998045416,3707.0,2013.0,11,07
841,Western,Taï,East,Individual 08,07.11.13,4.13883,21,With,after,after,0,0,NV,NV,Traveling,17,0.14461,144.60999999999999,Taï (East),East (Individual 08),0.9481938781239027,54.83967241602987,short,1.5518068998045416,3707.0,2013.0,11,07
841,Western,Taï,East,Individual 08,07.11.13,4.13883,21,With,after,after,0,0,NV,NV,Traveling,18,0.186164,186.164,Taï (East),East (Individual 08),0.9481938781239027,54.83967241602987,short,1.5518068998045416,3707.0,2013.0,11,07
841,Western,Taï,East,Individual 08,07.11.13,4.13883,21,With,after,after,0,0,NV,NV,Traveling,19,0.227719,227.719,Taï (East),East (Individual 08),0.9481938781239027,54.83967241602987,short,1.5518068998045416,3707.0,2013.0,11,07
841,Western,Taï,East,Individual 08,07.11.13,4.13883,21,With,after,after,0,0,NV,NV,Traveling,20,0.137961,137.961,Taï (East),East (Individual 08),0.9481938781239027,54.83967241602987,short,1.5518068998045416,3707.0,2013.0,11,07
844,Western,Taï,East,Individual 01,12.11.13,1.94706,9,With,Build-Up,after,1,0,NV,NV,Resting,1,0.188955,188.955,Taï (East),East (Individual 01),0.3510859771564266,46.429954496784,short,0.0,3702.0,2013.0,11,12
844,Western,Taï,East,Individual 01,12.11.13,1.94706,9,With,Build-Up,after,1,0,NV,NV,Resting,2,0.142401,142.401,Taï (East),East (Individual 01),0.3510859771564266,46.429954496784,short,0.0,3702.0,2013.0,11,12
844,Western,Taï,East,Individual 01,12.11.13,1.94706,9,With,Build-Up,after,1,0,NV,NV,Resting,3,0.232771,232.77100000000002,Taï (East),East (Individual 01),0.3510859771564266,46.429954496784,short,0.0,3702.0,2013.0,11,12
844,Western,Taï,East,Individual 01,12.11.13,1.94706,9,With,Build-Up,after,1,0,NV,NV,Resting,4,0.191694,191.69400000000002,Taï (East),East (Individual 01),0.3510859771564266,46.429954496784,short,0.0,3702.0,2013.0,11,12
844,Western,Taï,East,Individual 01,12.11.13,1.94706,9,With,Build-Up,after,1,0,NV,NV,Resting,5,0.377911,377.911,Taï (East),East (Individual 01),0.3510859771564266,46.429954496784,short,0.0,3702.0,2013.0,11,12
844,Western,Taï,East,Individual 01,12.11.13,1.94706,9,With,Build-Up,after,1,0,NV,NV,Resting,6,0.287541,287.541,Taï (East),East (Individual 01),0.3510859771564266,46.429954496784,short,0.0,3702.0,2013.0,11,12
844,Western,Taï,East,Individual 01,12.11.13,1.94706,9,With,Build-Up,after,1,0,NV,NV,Resting,7,0.158832,158.832,Taï (East),East (Individual 01),0.3510859771564266,46.429954496784,short,0.0,3702.0,2013.0,11,12
844,Western,Taï,East,Individual 01,12.11.13,1.94706,9,With,Build-Up,after,1,0,NV,NV,Resting,8,0.366957,366.957,Taï (East),East (Individual 01),0.3510859771564266,46.429954496784,short,0.0,3702.0,2013.0,11,12
845,Western,Taï,East,Individual 01,12.11.13,2.02626,10,With,Build-Up,Build-Up,1,1,NV,NV,Traveling,1,0.32163,321.63000000000005,Taï (East),East (Individual 01),0.2569985725518004,31.21727132865304,short,0.0,3702.0,2013.0,11,12
845,Western,Taï,East,Individual 01,12.11.13,2.02626,10,With,Build-Up,Build-Up,1,1,NV,NV,Traveling,2,0.24006,240.06,Taï (East),East (Individual 01),0.2569985725518004,31.21727132865304,short,0.0,3702.0,2013.0,11,12
845,Western,Taï,East,Individual 01,12.11.13,2.02626,10,With,Build-Up,Build-Up,1,1,NV,NV,Traveling,3,0.084977,84.977,Taï (East),East (Individual 01),0.2569985725518004,31.21727132865304,short,0.0,3702.0,2013.0,11,12
845,Western,Taï,East,Individual 01,12.11.13,2.02626,10,With,Build-Up,Build-Up,1,1,NV,NV,Traveling,4,0.237935,237.935,Taï (East),East (Individual 01),0.2569985725518004,31.21727132865304,short,0.0,3702.0,2013.0,11,12
845,Western,Taï,East,Individual 01,12.11.13,2.02626,10,With,Build-Up,Build-Up,1,1,NV,NV,Traveling,5,0.244309,244.309,Taï (East),East (Individual 01),0.2569985725518004,31.21727132865304,short,0.0,3702.0,2013.0,11,12
845,Western,Taï,East,Individual 01,12.11.13,2.02626,10,With,Build-Up,Build-Up,1,1,NV,NV,Traveling,6,0.223064,223.06400000000002,Taï (East),East (Individual 01),0.2569985725518004,31.21727132865304,short,0.0,3702.0,2013.0,11,12
845,Western,Taï,East,Individual 01,12.11.13,2.02626,10,With,Build-Up,Build-Up,1,1,NV,NV,Traveling,7,0.208193,208.19299999999998,Taï (East),East (Individual 01),0.2569985725518004,31.21727132865304,short,0.0,3702.0,2013.0,11,12
845,Western,Taï,East,Individual 01,12.11.13,2.02626,10,With,Build-Up,Build-Up,1,1,NV,NV,Traveling,8,0.231562,231.56199999999998,Taï (East),East (Individual 01),0.2569985725518004,31.21727132865304,short,0.0,3702.0,2013.0,11,12
845,Western,Taï,East,Individual 01,12.11.13,2.02626,10,With,Build-Up,Build-Up,1,1,NV,NV,Traveling,9,0.234528,234.528,Taï (East),East (Individual 01),0.2569985725518004,31.21727132865304,short,0.0,3702.0,2013.0,11,12
847,Western,Taï,East,Individual 04,14.11.13,0.61621,5,With,Build-Up,Climax,1,2,NV,NV,Traveling,1,0.114979,114.979,Taï (East),East (Individual 04),0.6522457789789701,136.14464054202057,short,1.4338343733773984,3700.0,2013.0,11,14
847,Western,Taï,East,Individual 04,14.11.13,0.61621,5,With,Build-Up,Climax,1,2,NV,NV,Traveling,2,0.301819,301.819,Taï (East),East (Individual 04),0.6522457789789701,136.14464054202057,long,1.4338343733773984,3700.0,2013.0,11,14
847,Western,Taï,East,Individual 04,14.11.13,0.61621,5,With,Build-Up,Climax,1,2,NV,NV,Traveling,3,0.025152,25.152,Taï (East),East (Individual 04),0.6522457789789701,136.14464054202057,short,1.4338343733773984,3700.0,2013.0,11,14
847,Western,Taï,East,Individual 04,14.11.13,0.61621,5,With,Build-Up,Climax,1,2,NV,NV,Traveling,4,0.174264,174.264,Taï (East),East (Individual 04),0.6522457789789701,136.14464054202057,short,1.4338343733773984,3700.0,2013.0,11,14
848,Western,Taï,East,Individual 06,15.11.13,0.37411,4,With,Build-Up,Build-Up,1,1,NV,NV,Traveling,1,0.186321,186.321,Taï (East),East (Individual 06),0.4848798457568073,117.50752842349566,short,0.0,3699.0,2013.0,11,15
848,Western,Taï,East,Individual 06,15.11.13,0.37411,4,With,Build-Up,Build-Up,1,1,NV,NV,Traveling,2,0.042546,42.546,Taï (East),East (Individual 06),0.4848798457568073,117.50752842349566,short,0.0,3699.0,2013.0,11,15
848,Western,Taï,East,Individual 06,15.11.13,0.37411,4,With,Build-Up,Build-Up,1,1,NV,NV,Traveling,3,0.145242,145.24200000000002,Taï (East),East (Individual 06),0.4848798457568073,117.50752842349566,short,0.0,3699.0,2013.0,11,15
849,Western,Taï,East,Individual 03,18.11.13,1.32227,9,With,after,after,0,0,NV,NV,Traveling,1,0.193992,193.992,Taï (East),East (Individual 03),0.6530972656061517,101.24310388200975,short,0.0,3696.0,2013.0,11,18
849,Western,Taï,East,Individual 03,18.11.13,1.32227,9,With,after,after,0,0,NV,NV,Traveling,2,0.060204,60.204,Taï (East),East (Individual 03),0.6530972656061517,101.24310388200975,short,0.0,3696.0,2013.0,11,18
849,Western,Taï,East,Individual 03,18.11.13,1.32227,9,With,after,after,0,0,NV,NV,Traveling,3,0.115949,115.949,Taï (East),East (Individual 03),0.6530972656061517,101.24310388200975,short,0.0,3696.0,2013.0,11,18
849,Western,Taï,East,Individual 03,18.11.13,1.32227,9,With,after,after,0,0,NV,NV,Traveling,4,0.372375,372.375,Taï (East),East (Individual 03),0.6530972656061517,101.24310388200975,short,0.0,3696.0,2013.0,11,18
849,Western,Taï,East,Individual 03,18.11.13,1.32227,9,With,after,after,0,0,NV,NV,Traveling,5,0.026758,26.758,Taï (East),East (Individual 03),0.6530972656061517,101.24310388200975,short,0.0,3696.0,2013.0,11,18
849,Western,Taï,East,Individual 03,18.11.13,1.32227,9,With,after,after,0,0,NV,NV,Traveling,6,0.245277,245.277,Taï (East),East (Individual 03),0.6530972656061517,101.24310388200975,short,0.0,3696.0,2013.0,11,18
849,Western,Taï,East,Individual 03,18.11.13,1.32227,9,With,after,after,0,0,NV,NV,Traveling,7,0.225209,225.209,Taï (East),East (Individual 03),0.6530972656061517,101.24310388200975,short,0.0,3696.0,2013.0,11,18
849,Western,Taï,East,Individual 03,18.11.13,1.32227,9,With,after,after,0,0,NV,NV,Traveling,8,0.082502,82.50200000000001,Taï (East),East (Individual 03),0.6530972656061517,101.24310388200975,short,0.0,3696.0,2013.0,11,18
850,Western,Taï,East,Individual 03,18.11.13,0.30899,3,With,Build-Up,Build-Up,1,1,NV,NV,Traveling,1,0.177775,177.77499999999998,Taï (East),East (Individual 03),0.15068448817113814,30.136897634227626,short,0.0,3696.0,2013.0,11,18
850,Western,Taï,East,Individual 03,18.11.13,0.30899,3,With,Build-Up,Build-Up,1,1,NV,NV,Traveling,2,0.131215,131.215,Taï (East),East (Individual 03),0.15068448817113814,30.136897634227626,short,0.0,3696.0,2013.0,11,18
851,Western,Taï,East,Individual 01,18.11.13,1.84995,5,With,Build-Up,Build-Up,1,1,NV,NV,Resting,1,0.638888,638.888,Taï (East),East (Individual 01),0.46880209043265575,72.13785174072468,long,2.0,3696.0,2013.0,11,18
851,Western,Taï,East,Individual 01,18.11.13,1.84995,5,With,Build-Up,Build-Up,1,1,NV,NV,Resting,2,0.211017,211.017,Taï (East),East (Individual 01),0.46880209043265575,72.13785174072468,short,2.0,3696.0,2013.0,11,18
851,Western,Taï,East,Individual 01,18.11.13,1.84995,5,With,Build-Up,Build-Up,1,1,NV,NV,Resting,3,0.286876,286.87600000000003,Taï (East),East (Individual 01),0.46880209043265575,72.13785174072468,short,2.0,3696.0,2013.0,11,18
851,Western,Taï,East,Individual 01,18.11.13,1.84995,5,With,Build-Up,Build-Up,1,1,NV,NV,Resting,4,0.713169,713.1690000000001,Taï (East),East (Individual 01),0.46880209043265575,72.13785174072468,long,2.0,3696.0,2013.0,11,18
852,Western,Taï,East,Individual 01,19.11.13,2.19521,7,With,Build-Up,after,1,0,NV,NV,Traveling,1,0.301912,301.91200000000003,Taï (East),East (Individual 01),0.6175558772040826,64.20971130734642,short,1.5268037744276668,3695.0,2013.0,11,19
852,Western,Taï,East,Individual 01,19.11.13,2.19521,7,With,Build-Up,after,1,0,NV,NV,Traveling,2,0.214443,214.44299999999998,Taï (East),East (Individual 01),0.6175558772040826,64.20971130734642,short,1.5268037744276668,3695.0,2013.0,11,19
852,Western,Taï,East,Individual 01,19.11.13,2.19521,7,With,Build-Up,after,1,0,NV,NV,Traveling,3,0.843662,843.662,Taï (East),East (Individual 01),0.6175558772040826,64.20971130734642,long,1.5268037744276668,3695.0,2013.0,11,19
852,Western,Taï,East,Individual 01,19.11.13,2.19521,7,With,Build-Up,after,1,0,NV,NV,Traveling,4,0.411955,411.95500000000004,Taï (East),East (Individual 01),0.6175558772040826,64.20971130734642,short,1.5268037744276668,3695.0,2013.0,11,19
852,Western,Taï,East,Individual 01,19.11.13,2.19521,7,With,Build-Up,after,1,0,NV,NV,Traveling,5,0.186226,186.226,Taï (East),East (Individual 01),0.6175558772040826,64.20971130734642,short,1.5268037744276668,3695.0,2013.0,11,19
852,Western,Taï,East,Individual 01,19.11.13,2.19521,7,With,Build-Up,after,1,0,NV,NV,Traveling,6,0.237015,237.01500000000001,Taï (East),East (Individual 01),0.6175558772040826,64.20971130734642,short,1.5268037744276668,3695.0,2013.0,11,19
855,Western,Taï,East,Individual 03,19.11.13,1.70764,9,With,Build-Up,Build-Up,1,1,NV,NV,Traveling,1,0.248818,248.818,Taï (East),East (Individual 03),1.2038145017521573,71.86577131907927,short,1.5549511023971747,3695.0,2013.0,11,19
855,Western,Taï,East,Individual 03,19.11.13,1.70764,9,With,Build-Up,Build-Up,1,1,NV,NV,Traveling,2,0.068169,68.169,Taï (East),East (Individual 03),1.2038145017521573,71.86577131907927,short,1.5549511023971747,3695.0,2013.0,11,19
855,Western,Taï,East,Individual 03,19.11.13,1.70764,9,With,Build-Up,Build-Up,1,1,NV,NV,Traveling,3,0.08862,88.62,Taï (East),East (Individual 03),1.2038145017521573,71.86577131907927,short,1.5549511023971747,3695.0,2013.0,11,19
855,Western,Taï,East,Individual 03,19.11.13,1.70764,9,With,Build-Up,Build-Up,1,1,NV,NV,Traveling,4,0.879385,879.385,Taï (East),East (Individual 03),1.2038145017521573,71.86577131907927,long,1.5549511023971747,3695.0,2013.0,11,19
855,Western,Taï,East,Individual 03,19.11.13,1.70764,9,With,Build-Up,Build-Up,1,1,NV,NV,Traveling,5,0.11248,112.47999999999999,Taï (East),East (Individual 03),1.2038145017521573,71.86577131907927,short,1.5549511023971747,3695.0,2013.0,11,19
855,Western,Taï,East,Individual 03,19.11.13,1.70764,9,With,Build-Up,Build-Up,1,1,NV,NV,Traveling,6,0.102254,102.25399999999999,Taï (East),East (Individual 03),1.2038145017521573,71.86577131907927,short,1.5549511023971747,3695.0,2013.0,11,19
855,Western,Taï,East,Individual 03,19.11.13,1.70764,9,With,Build-Up,Build-Up,1,1,NV,NV,Traveling,7,0.115888,115.888,Taï (East),East (Individual 03),1.2038145017521573,71.86577131907927,short,1.5549511023971747,3695.0,2013.0,11,19
855,Western,Taï,East,Individual 03,19.11.13,1.70764,9,With,Build-Up,Build-Up,1,1,NV,NV,Traveling,8,0.092029,92.029,Taï (East),East (Individual 03),1.2038145017521573,71.86577131907927,short,1.5549511023971747,3695.0,2013.0,11,19
856,Western,Taï,East,Individual 06,27.11.13,1.02559,7,With,Build-Up,Climax,1,2,NV,NV,Traveling,1,0.104193,104.193,Taï (East),East (Individual 06),0.44591267494963094,36.548190074160225,short,0.0,3687.0,2013.0,11,27
856,Western,Taï,East,Individual 06,27.11.13,1.02559,7,With,Build-Up,Climax,1,2,NV,NV,Traveling,2,0.098064,98.064,Taï (East),East (Individual 06),0.44591267494963094,36.548190074160225,short,0.0,3687.0,2013.0,11,27
856,Western,Taï,East,Individual 06,27.11.13,1.02559,7,With,Build-Up,Climax,1,2,NV,NV,Traveling,3,0.157311,157.311,Taï (East),East (Individual 06),0.44591267494963094,36.548190074160225,short,0.0,3687.0,2013.0,11,27
856,Western,Taï,East,Individual 06,27.11.13,1.02559,7,With,Build-Up,Climax,1,2,NV,NV,Traveling,4,0.118494,118.494,Taï (East),East (Individual 06),0.44591267494963094,36.548190074160225,short,0.0,3687.0,2013.0,11,27
856,Western,Taï,East,Individual 06,27.11.13,1.02559,7,With,Build-Up,Climax,1,2,NV,NV,Traveling,5,0.296235,296.235,Taï (East),East (Individual 06),0.44591267494963094,36.548190074160225,short,0.0,3687.0,2013.0,11,27
856,Western,Taï,East,Individual 06,27.11.13,1.02559,7,With,Build-Up,Climax,1,2,NV,NV,Traveling,6,0.251289,251.289,Taï (East),East (Individual 06),0.44591267494963094,36.548190074160225,short,0.0,3687.0,2013.0,11,27
859,Western,Taï,East,Individual 01,28.11.13,1.4874,9,With,Build-Up,Climax,1,2,NV,NV,Resting,1,0.215103,215.10299999999998,Taï (East),East (Individual 01),0.46168901308822197,66.03393704830293,short,0.0,3686.0,2013.0,11,28
859,Western,Taï,East,Individual 01,28.11.13,1.4874,9,With,Build-Up,Climax,1,2,NV,NV,Resting,2,0.094898,94.898,Taï (East),East (Individual 01),0.46168901308822197,66.03393704830293,short,0.0,3686.0,2013.0,11,28
859,Western,Taï,East,Individual 01,28.11.13,1.4874,9,With,Build-Up,Climax,1,2,NV,NV,Resting,3,0.057361,57.361000000000004,Taï (East),East (Individual 01),0.46168901308822197,66.03393704830293,short,0.0,3686.0,2013.0,11,28
859,Western,Taï,East,Individual 01,28.11.13,1.4874,9,With,Build-Up,Climax,1,2,NV,NV,Resting,4,0.259293,259.293,Taï (East),East (Individual 01),0.46168901308822197,66.03393704830293,short,0.0,3686.0,2013.0,11,28
859,Western,Taï,East,Individual 01,28.11.13,1.4874,9,With,Build-Up,Climax,1,2,NV,NV,Resting,5,0.312755,312.755,Taï (East),East (Individual 01),0.46168901308822197,66.03393704830293,short,0.0,3686.0,2013.0,11,28
859,Western,Taï,East,Individual 01,28.11.13,1.4874,9,With,Build-Up,Climax,1,2,NV,NV,Resting,6,0.16306,163.06,Taï (East),East (Individual 01),0.46168901308822197,66.03393704830293,short,0.0,3686.0,2013.0,11,28
859,Western,Taï,East,Individual 01,28.11.13,1.4874,9,With,Build-Up,Climax,1,2,NV,NV,Resting,7,0.267312,267.312,Taï (East),East (Individual 01),0.46168901308822197,66.03393704830293,short,0.0,3686.0,2013.0,11,28
859,Western,Taï,East,Individual 01,28.11.13,1.4874,9,With,Build-Up,Climax,1,2,NV,NV,Resting,8,0.117617,117.617,Taï (East),East (Individual 01),0.46168901308822197,66.03393704830293,short,0.0,3686.0,2013.0,11,28
860,Western,Taï,East,Individual 03,05.11.13,1.10737,5,With,after,after,0,0,NV,NV,Traveling,1,0.274153,274.15299999999996,Taï (East),East (Individual 03),0.45837199992796335,52.84741119497108,short,1.4338343733773984,3709.0,2013.0,11,05
860,Western,Taï,East,Individual 03,05.11.13,1.10737,5,With,after,after,0,0,NV,NV,Traveling,2,0.19352,193.52,Taï (East),East (Individual 03),0.45837199992796335,52.84741119497108,short,1.4338343733773984,3709.0,2013.0,11,05
860,Western,Taï,East,Individual 03,05.11.13,1.10737,5,With,after,after,0,0,NV,NV,Traveling,3,0.155891,155.891,Taï (East),East (Individual 03),0.45837199992796335,52.84741119497108,short,1.4338343733773984,3709.0,2013.0,11,05
860,Western,Taï,East,Individual 03,05.11.13,1.10737,5,With,after,after,0,0,NV,NV,Traveling,4,0.4838,483.8,Taï (East),East (Individual 03),0.45837199992796335,52.84741119497108,long,1.4338343733773984,3709.0,2013.0,11,05
861,Western,Taï,East,Individual 08,07.11.13,4.62335,22,With,Climax,after,2,0,NV,NV,Traveling,1,0.095323,95.32300000000001,Taï (East),East (Individual 08),0.6143993811413416,45.81788377767492,short,1.5499070752065705,3707.0,2013.0,11,07
861,Western,Taï,East,Individual 08,07.11.13,4.62335,22,With,Climax,after,2,0,NV,NV,Traveling,2,0.185629,185.629,Taï (East),East (Individual 08),0.6143993811413416,45.81788377767492,short,1.5499070752065705,3707.0,2013.0,11,07
861,Western,Taï,East,Individual 08,07.11.13,4.62335,22,With,Climax,after,2,0,NV,NV,Traveling,3,0.180612,180.612,Taï (East),East (Individual 08),0.6143993811413416,45.81788377767492,short,1.5499070752065705,3707.0,2013.0,11,07
861,Western,Taï,East,Individual 08,07.11.13,4.62335,22,With,Climax,after,2,0,NV,NV,Traveling,4,0.205697,205.697,Taï (East),East (Individual 08),0.6143993811413416,45.81788377767492,short,1.5499070752065705,3707.0,2013.0,11,07
861,Western,Taï,East,Individual 08,07.11.13,4.62335,22,With,Climax,after,2,0,NV,NV,Traveling,5,0.185629,185.629,Taï (East),East (Individual 08),0.6143993811413416,45.81788377767492,short,1.5499070752065705,3707.0,2013.0,11,07
861,Western,Taï,East,Individual 08,07.11.13,4.62335,22,With,Climax,after,2,0,NV,NV,Traveling,6,0.110374,110.374,Taï (East),East (Individual 08),0.6143993811413416,45.81788377767492,short,1.5499070752065705,3707.0,2013.0,11,07
861,Western,Taï,East,Individual 08,07.11.13,4.62335,22,With,Climax,after,2,0,NV,NV,Traveling,7,0.040136,40.135999999999996,Taï (East),East (Individual 08),0.6143993811413416,45.81788377767492,short,1.5499070752065705,3707.0,2013.0,11,07
861,Western,Taï,East,Individual 08,07.11.13,4.62335,22,With,Climax,after,2,0,NV,NV,Traveling,8,0.15051,150.51,Taï (East),East (Individual 08),0.6143993811413416,45.81788377767492,short,1.5499070752065705,3707.0,2013.0,11,07
861,Western,Taï,East,Individual 08,07.11.13,4.62335,22,With,Climax,after,2,0,NV,NV,Traveling,9,0.15051,150.51,Taï (East),East (Individual 08),0.6143993811413416,45.81788377767492,short,1.5499070752065705,3707.0,2013.0,11,07
861,Western,Taï,East,Individual 08,07.11.13,4.62335,22,With,Climax,after,2,0,NV,NV,Traveling,10,0.290985,290.985,Taï (East),East (Individual 08),0.6143993811413416,45.81788377767492,short,1.5499070752065705,3707.0,2013.0,11,07
861,Western,Taï,East,Individual 08,07.11.13,4.62335,22,With,Climax,after,2,0,NV,NV,Traveling,11,0.220747,220.74699999999999,Taï (East),East (Individual 08),0.6143993811413416,45.81788377767492,short,1.5499070752065705,3707.0,2013.0,11,07
861,Western,Taï,East,Individual 08,07.11.13,4.62335,22,With,Climax,after,2,0,NV,NV,Traveling,12,0.145493,145.49300000000002,Taï (East),East (Individual 08),0.6143993811413416,45.81788377767492,short,1.5499070752065705,3707.0,2013.0,11,07
861,Western,Taï,East,Individual 08,07.11.13,4.62335,22,With,Climax,after,2,0,NV,NV,Traveling,13,0.185629,185.629,Taï (East),East (Individual 08),0.6143993811413416,45.81788377767492,short,1.5499070752065705,3707.0,2013.0,11,07
861,Western,Taï,East,Individual 08,07.11.13,4.62335,22,With,Climax,after,2,0,NV,NV,Traveling,14,0.155527,155.527,Taï (East),East (Individual 08),0.6143993811413416,45.81788377767492,short,1.5499070752065705,3707.0,2013.0,11,07
861,Western,Taï,East,Individual 08,07.11.13,4.62335,22,With,Climax,after,2,0,NV,NV,Traveling,15,0.381291,381.291,Taï (East),East (Individual 08),0.6143993811413416,45.81788377767492,short,1.5499070752065705,3707.0,2013.0,11,07
861,Western,Taï,East,Individual 08,07.11.13,4.62335,22,With,Climax,after,2,0,NV,NV,Traveling,16,0.341155,341.155,Taï (East),East (Individual 08),0.6143993811413416,45.81788377767492,short,1.5499070752065705,3707.0,2013.0,11,07
861,Western,Taï,East,Individual 08,07.11.13,4.62335,22,With,Climax,after,2,0,NV,NV,Traveling,17,0.245832,245.832,Taï (East),East (Individual 08),0.6143993811413416,45.81788377767492,short,1.5499070752065705,3707.0,2013.0,11,07
861,Western,Taï,East,Individual 08,07.11.13,4.62335,22,With,Climax,after,2,0,NV,NV,Traveling,18,0.708823,708.823,Taï (East),East (Individual 08),0.6143993811413416,45.81788377767492,long,1.5499070752065705,3707.0,2013.0,11,07
861,Western,Taï,East,Individual 08,07.11.13,4.62335,22,With,Climax,after,2,0,NV,NV,Traveling,19,0.289455,289.45500000000004,Taï (East),East (Individual 08),0.6143993811413416,45.81788377767492,short,1.5499070752065705,3707.0,2013.0,11,07
861,Western,Taï,East,Individual 08,07.11.13,4.62335,22,With,Climax,after,2,0,NV,NV,Traveling,20,0.230781,230.78099999999998,Taï (East),East (Individual 08),0.6143993811413416,45.81788377767492,short,1.5499070752065705,3707.0,2013.0,11,07
861,Western,Taï,East,Individual 08,07.11.13,4.62335,22,With,Climax,after,2,0,NV,NV,Traveling,21,0.123214,123.214,Taï (East),East (Individual 08),0.6143993811413416,45.81788377767492,short,1.5499070752065705,3707.0,2013.0,11,07
862,Western,Taï,East,Individual 03,13.01.14,1.53089,13,With,Build-Up,Climax,1,2,NV,NV,Traveling,1,0.125277,125.277,Taï (East),East (Individual 03),0.46940913846726007,49.51689946174507,short,0.0,3640.0,2014.0,01,13
862,Western,Taï,East,Individual 03,13.01.14,1.53089,13,With,Build-Up,Climax,1,2,NV,NV,Traveling,2,0.125277,125.277,Taï (East),East (Individual 03),0.46940913846726007,49.51689946174507,short,0.0,3640.0,2014.0,01,13
862,Western,Taï,East,Individual 03,13.01.14,1.53089,13,With,Build-Up,Climax,1,2,NV,NV,Traveling,3,0.130288,130.28799999999998,Taï (East),East (Individual 03),0.46940913846726007,49.51689946174507,short,0.0,3640.0,2014.0,01,13
862,Western,Taï,East,Individual 03,13.01.14,1.53089,13,With,Build-Up,Climax,1,2,NV,NV,Traveling,4,0.120266,120.26599999999999,Taï (East),East (Individual 03),0.46940913846726007,49.51689946174507,short,0.0,3640.0,2014.0,01,13
862,Western,Taï,East,Individual 03,13.01.14,1.53089,13,With,Build-Up,Climax,1,2,NV,NV,Traveling,5,0.102727,102.727,Taï (East),East (Individual 03),0.46940913846726007,49.51689946174507,short,0.0,3640.0,2014.0,01,13
862,Western,Taï,East,Individual 03,13.01.14,1.53089,13,With,Build-Up,Climax,1,2,NV,NV,Traveling,6,0.055122,55.122,Taï (East),East (Individual 03),0.46940913846726007,49.51689946174507,short,0.0,3640.0,2014.0,01,13
862,Western,Taï,East,Individual 03,13.01.14,1.53089,13,With,Build-Up,Climax,1,2,NV,NV,Traveling,7,0.092705,92.705,Taï (East),East (Individual 03),0.46940913846726007,49.51689946174507,short,0.0,3640.0,2014.0,01,13
862,Western,Taï,East,Individual 03,13.01.14,1.53089,13,With,Build-Up,Climax,1,2,NV,NV,Traveling,8,0.150333,150.333,Taï (East),East (Individual 03),0.46940913846726007,49.51689946174507,short,0.0,3640.0,2014.0,01,13
862,Western,Taï,East,Individual 03,13.01.14,1.53089,13,With,Build-Up,Climax,1,2,NV,NV,Traveling,9,0.092705,92.705,Taï (East),East (Individual 03),0.46940913846726007,49.51689946174507,short,0.0,3640.0,2014.0,01,13
862,Western,Taï,East,Individual 03,13.01.14,1.53089,13,With,Build-Up,Climax,1,2,NV,NV,Traveling,10,0.192927,192.927,Taï (East),East (Individual 03),0.46940913846726007,49.51689946174507,short,0.0,3640.0,2014.0,01,13
862,Western,Taï,East,Individual 03,13.01.14,1.53089,13,With,Build-Up,Climax,1,2,NV,NV,Traveling,11,0.057627,57.626999999999995,Taï (East),East (Individual 03),0.46940913846726007,49.51689946174507,short,0.0,3640.0,2014.0,01,13
862,Western,Taï,East,Individual 03,13.01.14,1.53089,13,With,Build-Up,Climax,1,2,NV,NV,Traveling,12,0.285632,285.632,Taï (East),East (Individual 03),0.46940913846726007,49.51689946174507,short,0.0,3640.0,2014.0,01,13
865,Western,Taï,East,Individual 03,19.02.14,0.98599,10,With,Build-Up,Build-Up,1,1,NV,NV,Traveling,1,0.167665,167.66500000000002,Taï (East),East (Individual 03),0.3095854679762294,36.40814871591229,short,0.0,3603.0,2014.0,02,19
865,Western,Taï,East,Individual 03,19.02.14,0.98599,10,With,Build-Up,Build-Up,1,1,NV,NV,Traveling,2,0.076911,76.91099999999999,Taï (East),East (Individual 03),0.3095854679762294,36.40814871591229,short,0.0,3603.0,2014.0,02,19
865,Western,Taï,East,Individual 03,19.02.14,0.98599,10,With,Build-Up,Build-Up,1,1,NV,NV,Traveling,3,0.061528,61.528,Taï (East),East (Individual 03),0.3095854679762294,36.40814871591229,short,0.0,3603.0,2014.0,02,19
865,Western,Taï,East,Individual 03,19.02.14,0.98599,10,With,Build-Up,Build-Up,1,1,NV,NV,Traveling,4,0.081525,81.525,Taï (East),East (Individual 03),0.3095854679762294,36.40814871591229,short,0.0,3603.0,2014.0,02,19
865,Western,Taï,East,Individual 03,19.02.14,0.98599,10,With,Build-Up,Build-Up,1,1,NV,NV,Traveling,5,0.147668,147.668,Taï (East),East (Individual 03),0.3095854679762294,36.40814871591229,short,0.0,3603.0,2014.0,02,19
865,Western,Taï,East,Individual 03,19.02.14,0.98599,10,With,Build-Up,Build-Up,1,1,NV,NV,Traveling,6,0.121519,121.519,Taï (East),East (Individual 03),0.3095854679762294,36.40814871591229,short,0.0,3603.0,2014.0,02,19
865,Western,Taï,East,Individual 03,19.02.14,0.98599,10,With,Build-Up,Build-Up,1,1,NV,NV,Traveling,7,0.081525,81.525,Taï (East),East (Individual 03),0.3095854679762294,36.40814871591229,short,0.0,3603.0,2014.0,02,19
865,Western,Taï,East,Individual 03,19.02.14,0.98599,10,With,Build-Up,Build-Up,1,1,NV,NV,Traveling,8,0.127672,127.67200000000001,Taï (East),East (Individual 03),0.3095854679762294,36.40814871591229,short,0.0,3603.0,2014.0,02,19
865,Western,Taï,East,Individual 03,19.02.14,0.98599,10,With,Build-Up,Build-Up,1,1,NV,NV,Traveling,9,0.11998,119.98,Taï (East),East (Individual 03),0.3095854679762294,36.40814871591229,short,0.0,3603.0,2014.0,02,19
866,Western,Taï,East,Individual 06,20.02.14,0.42159,3,With,Build-Up,Build-Up,1,1,NV,NV,Traveling,1,0.205237,205.237,Taï (East),East (Individual 06),0.026369158734413187,5.273831746882637,short,0.0,3602.0,2014.0,02,20
866,Western,Taï,East,Individual 06,20.02.14,0.42159,3,With,Build-Up,Build-Up,1,1,NV,NV,Traveling,2,0.216354,216.35399999999998,Taï (East),East (Individual 06),0.026369158734413187,5.273831746882637,short,0.0,3602.0,2014.0,02,20
870,Western,Taï,East,Individual 08,02.04.14,1.31354,10,With,after,after,0,0,NV,NV,Traveling,1,0.070259,70.259,Taï (East),East (Individual 08),0.3374574215202007,52.93730166809147,short,0.0,3561.0,2014.0,04,02
870,Western,Taï,East,Individual 08,02.04.14,1.31354,10,With,after,after,0,0,NV,NV,Traveling,2,0.140518,140.518,Taï (East),East (Individual 08),0.3374574215202007,52.93730166809147,short,0.0,3561.0,2014.0,04,02
870,Western,Taï,East,Individual 08,02.04.14,1.31354,10,With,after,after,0,0,NV,NV,Traveling,3,0.076369,76.369,Taï (East),East (Individual 08),0.3374574215202007,52.93730166809147,short,0.0,3561.0,2014.0,04,02
870,Western,Taï,East,Individual 08,02.04.14,1.31354,10,With,after,after,0,0,NV,NV,Traveling,4,0.189394,189.394,Taï (East),East (Individual 08),0.3374574215202007,52.93730166809147,short,0.0,3561.0,2014.0,04,02
870,Western,Taï,East,Individual 08,02.04.14,1.31354,10,With,after,after,0,0,NV,NV,Traveling,5,0.134409,134.409,Taï (East),East (Individual 08),0.3374574215202007,52.93730166809147,short,0.0,3561.0,2014.0,04,02
870,Western,Taï,East,Individual 08,02.04.14,1.31354,10,With,after,after,0,0,NV,NV,Traveling,6,0.204668,204.66799999999998,Taï (East),East (Individual 08),0.3374574215202007,52.93730166809147,short,0.0,3561.0,2014.0,04,02
870,Western,Taï,East,Individual 08,02.04.14,1.31354,10,With,after,after,0,0,NV,NV,Traveling,7,0.12219,122.19,Taï (East),East (Individual 08),0.3374574215202007,52.93730166809147,short,0.0,3561.0,2014.0,04,02
870,Western,Taï,East,Individual 08,02.04.14,1.31354,10,With,after,after,0,0,NV,NV,Traveling,8,0.216887,216.887,Taï (East),East (Individual 08),0.3374574215202007,52.93730166809147,short,0.0,3561.0,2014.0,04,02
870,Western,Taï,East,Individual 08,02.04.14,1.31354,10,With,after,after,0,0,NV,NV,Traveling,9,0.158847,158.84699999999998,Taï (East),East (Individual 08),0.3374574215202007,52.93730166809147,short,0.0,3561.0,2014.0,04,02
871,Western,Taï,East,Individual 08,02.04.14,1.16453,11,With,Build-Up,after,1,0,NV,NV,Traveling,1,0.128684,128.684,Taï (East),East (Individual 08),0.4302786788566254,47.97895933480055,short,0.0,3561.0,2014.0,04,02
871,Western,Taï,East,Individual 08,02.04.14,1.16453,11,With,Build-Up,after,1,0,NV,NV,Traveling,2,0.050059,50.059,Taï (East),East (Individual 08),0.4302786788566254,47.97895933480055,short,0.0,3561.0,2014.0,04,02
871,Western,Taï,East,Individual 08,02.04.14,1.16453,11,With,Build-Up,after,1,0,NV,NV,Traveling,3,0.081804,81.804,Taï (East),East (Individual 08),0.4302786788566254,47.97895933480055,short,0.0,3561.0,2014.0,04,02
871,Western,Taï,East,Individual 08,02.04.14,1.16453,11,With,Build-Up,after,1,0,NV,NV,Traveling,4,0.062268,62.267999999999994,Taï (East),East (Individual 08),0.4302786788566254,47.97895933480055,short,0.0,3561.0,2014.0,04,02
871,Western,Taï,East,Individual 08,02.04.14,1.16453,11,With,Build-Up,after,1,0,NV,NV,Traveling,5,0.097676,97.676,Taï (East),East (Individual 08),0.4302786788566254,47.97895933480055,short,0.0,3561.0,2014.0,04,02
871,Western,Taï,East,Individual 08,02.04.14,1.16453,11,With,Build-Up,after,1,0,NV,NV,Traveling,6,0.194131,194.131,Taï (East),East (Individual 08),0.4302786788566254,47.97895933480055,short,0.0,3561.0,2014.0,04,02
871,Western,Taï,East,Individual 08,02.04.14,1.16453,11,With,Build-Up,after,1,0,NV,NV,Traveling,7,0.199015,199.015,Taï (East),East (Individual 08),0.4302786788566254,47.97895933480055,short,0.0,3561.0,2014.0,04,02
871,Western,Taï,East,Individual 08,02.04.14,1.16453,11,With,Build-Up,after,1,0,NV,NV,Traveling,8,0.148956,148.95600000000002,Taï (East),East (Individual 08),0.4302786788566254,47.97895933480055,short,0.0,3561.0,2014.0,04,02
871,Western,Taï,East,Individual 08,02.04.14,1.16453,11,With,Build-Up,after,1,0,NV,NV,Traveling,9,0.072036,72.036,Taï (East),East (Individual 08),0.4302786788566254,47.97895933480055,short,0.0,3561.0,2014.0,04,02
871,Western,Taï,East,Individual 08,02.04.14,1.16453,11,With,Build-Up,after,1,0,NV,NV,Traveling,10,0.129905,129.905,Taï (East),East (Individual 08),0.4302786788566254,47.97895933480055,short,0.0,3561.0,2014.0,04,02
872,Western,Taï,East,Individual 08,02.04.14,2.67403,12,With,after,after,0,0,NV,NV,Traveling,1,0.169533,169.533,Taï (East),East (Individual 08),0.9008698882556175,56.32655395664937,short,3.026160224303905,3561.0,2014.0,04,02
872,Western,Taï,East,Individual 08,02.04.14,2.67403,12,With,after,after,0,0,NV,NV,Traveling,2,0.121095,121.095,Taï (East),East (Individual 08),0.9008698882556175,56.32655395664937,short,3.026160224303905,3561.0,2014.0,04,02
872,Western,Taï,East,Individual 08,02.04.14,2.67403,12,With,after,after,0,0,NV,NV,Traveling,3,0.141277,141.27700000000002,Taï (East),East (Individual 08),0.9008698882556175,56.32655395664937,short,3.026160224303905,3561.0,2014.0,04,02
872,Western,Taï,East,Individual 08,02.04.14,2.67403,12,With,after,after,0,0,NV,NV,Traveling,4,0.145314,145.314,Taï (East),East (Individual 08),0.9008698882556175,56.32655395664937,short,3.026160224303905,3561.0,2014.0,04,02
872,Western,Taï,East,Individual 08,02.04.14,2.67403,12,With,after,after,0,0,NV,NV,Traveling,5,0.131859,131.859,Taï (East),East (Individual 08),0.9008698882556175,56.32655395664937,short,3.026160224303905,3561.0,2014.0,04,02
872,Western,Taï,East,Individual 08,02.04.14,2.67403,12,With,after,after,0,0,NV,NV,Traveling,6,0.766631,766.631,Taï (East),East (Individual 08),0.9008698882556175,56.32655395664937,long,3.026160224303905,3561.0,2014.0,04,02
872,Western,Taï,East,Individual 08,02.04.14,2.67403,12,With,after,after,0,0,NV,NV,Traveling,7,0.270588,270.588,Taï (East),East (Individual 08),0.9008698882556175,56.32655395664937,short,3.026160224303905,3561.0,2014.0,04,02
872,Western,Taï,East,Individual 08,02.04.14,2.67403,12,With,after,after,0,0,NV,NV,Traveling,8,0.618487,618.487,Taï (East),East (Individual 08),0.9008698882556175,56.32655395664937,long,3.026160224303905,3561.0,2014.0,04,02
872,Western,Taï,East,Individual 08,02.04.14,2.67403,12,With,after,after,0,0,NV,NV,Traveling,9,0.08868,88.67999999999999,Taï (East),East (Individual 08),0.9008698882556175,56.32655395664937,short,3.026160224303905,3561.0,2014.0,04,02
872,Western,Taï,East,Individual 08,02.04.14,2.67403,12,With,after,after,0,0,NV,NV,Traveling,10,0.115966,115.966,Taï (East),East (Individual 08),0.9008698882556175,56.32655395664937,short,3.026160224303905,3561.0,2014.0,04,02
872,Western,Taï,East,Individual 08,02.04.14,2.67403,12,With,after,after,0,0,NV,NV,Traveling,11,0.104597,104.597,Taï (East),East (Individual 08),0.9008698882556175,56.32655395664937,short,3.026160224303905,3561.0,2014.0,04,02
874,Western,Taï,East,Individual 03,02.04.14,0.55955,5,With,Build-Up,Build-Up,1,1,NV,NV,Traveling,1,0.195057,195.05700000000002,Taï (East),East (Individual 03),0.2516242334361236,38.7212306635519,short,0.0,3561.0,2014.0,04,02
874,Western,Taï,East,Individual 03,02.04.14,0.55955,5,With,Build-Up,Build-Up,1,1,NV,NV,Traveling,2,0.101661,101.661,Taï (East),East (Individual 03),0.2516242334361236,38.7212306635519,short,0.0,3561.0,2014.0,04,02
874,Western,Taï,East,Individual 03,02.04.14,0.55955,5,With,Build-Up,Build-Up,1,1,NV,NV,Traveling,3,0.143813,143.813,Taï (East),East (Individual 03),0.2516242334361236,38.7212306635519,short,0.0,3561.0,2014.0,04,02
874,Western,Taï,East,Individual 03,02.04.14,0.55955,5,With,Build-Up,Build-Up,1,1,NV,NV,Traveling,4,0.119018,119.018,Taï (East),East (Individual 03),0.2516242334361236,38.7212306635519,short,0.0,3561.0,2014.0,04,02
876,Western,Taï,East,Individual 05,18.01.20,1.83806,10,With,Climax,after,2,0,NV,NV,Resting,1,0.170214,170.214,Taï (East),East (Individual 05),0.6563611483219277,85.46013202275364,short,1.5605694548611453,1444.0,2020.0,01,18
876,Western,Taï,East,Individual 05,18.01.20,1.83806,10,With,Climax,after,2,0,NV,NV,Resting,2,0.046386,46.385999999999996,Taï (East),East (Individual 05),0.6563611483219277,85.46013202275364,short,1.5605694548611453,1444.0,2020.0,01,18
876,Western,Taï,East,Individual 05,18.01.20,1.83806,10,With,Climax,after,2,0,NV,NV,Resting,3,0.213644,213.644,Taï (East),East (Individual 05),0.6563611483219277,85.46013202275364,short,1.5605694548611453,1444.0,2020.0,01,18
876,Western,Taï,East,Individual 05,18.01.20,1.83806,10,With,Climax,after,2,0,NV,NV,Resting,4,0.055715,55.715,Taï (East),East (Individual 05),0.6563611483219277,85.46013202275364,short,1.5605694548611453,1444.0,2020.0,01,18
876,Western,Taï,East,Individual 05,18.01.20,1.83806,10,With,Climax,after,2,0,NV,NV,Resting,5,0.204288,204.288,Taï (East),East (Individual 05),0.6563611483219277,85.46013202275364,short,1.5605694548611453,1444.0,2020.0,01,18
876,Western,Taï,East,Individual 05,18.01.20,1.83806,10,With,Climax,after,2,0,NV,NV,Resting,6,0.526197,526.197,Taï (East),East (Individual 05),0.6563611483219277,85.46013202275364,long,1.5605694548611453,1444.0,2020.0,01,18
876,Western,Taï,East,Individual 05,18.01.20,1.83806,10,With,Climax,after,2,0,NV,NV,Resting,7,0.287861,287.861,Taï (East),East (Individual 05),0.6563611483219277,85.46013202275364,short,1.5605694548611453,1444.0,2020.0,01,18
876,Western,Taï,East,Individual 05,18.01.20,1.83806,10,With,Climax,after,2,0,NV,NV,Resting,8,0.161628,161.628,Taï (East),East (Individual 05),0.6563611483219277,85.46013202275364,short,1.5605694548611453,1444.0,2020.0,01,18
876,Western,Taï,East,Individual 05,18.01.20,1.83806,10,With,Climax,after,2,0,NV,NV,Resting,9,0.172127,172.127,Taï (East),East (Individual 05),0.6563611483219277,85.46013202275364,short,1.5605694548611453,1444.0,2020.0,01,18
877,Western,Taï,East,Individual 05,18.01.20,1.44939,10,With,Build-Up,after,1,0,NV,NV,Traveling,1,0.24286,242.85999999999999,Taï (East),East (Individual 05),0.4503458493834644,49.57855532907541,short,0.0,1444.0,2020.0,01,18
877,Western,Taï,East,Individual 05,18.01.20,1.44939,10,With,Build-Up,after,1,0,NV,NV,Traveling,2,0.048572,48.571999999999996,Taï (East),East (Individual 05),0.4503458493834644,49.57855532907541,short,0.0,1444.0,2020.0,01,18
877,Western,Taï,East,Individual 05,18.01.20,1.44939,10,With,Build-Up,after,1,0,NV,NV,Traveling,3,0.10103,101.03,Taï (East),East (Individual 05),0.4503458493834644,49.57855532907541,short,0.0,1444.0,2020.0,01,18
877,Western,Taï,East,Individual 05,18.01.20,1.44939,10,With,Build-Up,after,1,0,NV,NV,Traveling,4,0.122401,122.401,Taï (East),East (Individual 05),0.4503458493834644,49.57855532907541,short,0.0,1444.0,2020.0,01,18
877,Western,Taï,East,Individual 05,18.01.20,1.44939,10,With,Build-Up,after,1,0,NV,NV,Traveling,5,0.136002,136.002,Taï (East),East (Individual 05),0.4503458493834644,49.57855532907541,short,0.0,1444.0,2020.0,01,18
877,Western,Taï,East,Individual 05,18.01.20,1.44939,10,With,Build-Up,after,1,0,NV,NV,Traveling,6,0.184574,184.57399999999998,Taï (East),East (Individual 05),0.4503458493834644,49.57855532907541,short,0.0,1444.0,2020.0,01,18
877,Western,Taï,East,Individual 05,18.01.20,1.44939,10,With,Build-Up,after,1,0,NV,NV,Traveling,7,0.303089,303.089,Taï (East),East (Individual 05),0.4503458493834644,49.57855532907541,short,0.0,1444.0,2020.0,01,18
877,Western,Taï,East,Individual 05,18.01.20,1.44939,10,With,Build-Up,after,1,0,NV,NV,Traveling,8,0.182631,182.631,Taï (East),East (Individual 05),0.4503458493834644,49.57855532907541,short,0.0,1444.0,2020.0,01,18
877,Western,Taï,East,Individual 05,18.01.20,1.44939,10,With,Build-Up,after,1,0,NV,NV,Traveling,9,0.12823,128.23000000000002,Taï (East),East (Individual 05),0.4503458493834644,49.57855532907541,short,0.0,1444.0,2020.0,01,18
878,Western,Taï,East,Individual 05,18.01.20,0.92383,4,With,Build-Up,after,1,0,NV,NV,Traveling,1,0.061461,61.461,Taï (East),East (Individual 05),0.7529024697576492,125.35066617016552,short,1.3082708345352603,1444.0,2020.0,01,18
878,Western,Taï,East,Individual 05,18.01.20,0.92383,4,With,Build-Up,after,1,0,NV,NV,Traveling,2,0.618448,618.448,Taï (East),East (Individual 05),0.7529024697576492,125.35066617016552,long,1.3082708345352603,1444.0,2020.0,01,18
878,Western,Taï,East,Individual 05,18.01.20,0.92383,4,With,Build-Up,after,1,0,NV,NV,Traveling,3,0.243922,243.922,Taï (East),East (Individual 05),0.7529024697576492,125.35066617016552,short,1.3082708345352603,1444.0,2020.0,01,18
879,Western,Taï,East,Individual 04,19.01.20,0.38965,5,With,Build-Up,Build-Up,1,1,NV,NV,Traveling,1,0.026642,26.642,Taï (East),East (Individual 04),0.6463368989299769,62.41060418110959,short,0.0,1443.0,2020.0,01,19
879,Western,Taï,East,Individual 04,19.01.20,0.38965,5,With,Build-Up,Build-Up,1,1,NV,NV,Traveling,2,0.052175,52.175,Taï (East),East (Individual 04),0.6463368989299769,62.41060418110959,short,0.0,1443.0,2020.0,01,19
879,Western,Taï,East,Individual 04,19.01.20,0.38965,5,With,Build-Up,Build-Up,1,1,NV,NV,Traveling,3,0.123222,123.222,Taï (East),East (Individual 04),0.6463368989299769,62.41060418110959,short,0.0,1443.0,2020.0,01,19
879,Western,Taï,East,Individual 04,19.01.20,0.38965,5,With,Build-Up,Build-Up,1,1,NV,NV,Traveling,4,0.187608,187.608,Taï (East),East (Individual 04),0.6463368989299769,62.41060418110959,short,0.0,1443.0,2020.0,01,19
882,Western,Taï,East,Individual 08,19.01.20,1.80675,13,With,Build-Up,after,1,0,NV,NV,Traveling,1,0.149622,149.622,Taï (East),East (Individual 08),0.23918010123139802,33.47563127025608,short,0.0,1443.0,2020.0,01,19
882,Western,Taï,East,Individual 08,19.01.20,1.80675,13,With,Build-Up,after,1,0,NV,NV,Traveling,2,0.10163,101.63,Taï (East),East (Individual 08),0.23918010123139802,33.47563127025608,short,0.0,1443.0,2020.0,01,19
882,Western,Taï,East,Individual 08,19.01.20,1.80675,13,With,Build-Up,after,1,0,NV,NV,Traveling,3,0.16656,166.56,Taï (East),East (Individual 08),0.23918010123139802,33.47563127025608,short,0.0,1443.0,2020.0,01,19
882,Western,Taï,East,Individual 08,19.01.20,1.80675,13,With,Build-Up,after,1,0,NV,NV,Traveling,4,0.169383,169.383,Taï (East),East (Individual 08),0.23918010123139802,33.47563127025608,short,0.0,1443.0,2020.0,01,19
882,Western,Taï,East,Individual 08,19.01.20,1.80675,13,With,Build-Up,after,1,0,NV,NV,Traveling,5,0.206083,206.083,Taï (East),East (Individual 08),0.23918010123139802,33.47563127025608,short,0.0,1443.0,2020.0,01,19
882,Western,Taï,East,Individual 08,19.01.20,1.80675,13,With,Build-Up,after,1,0,NV,NV,Traveling,6,0.16656,166.56,Taï (East),East (Individual 08),0.23918010123139802,33.47563127025608,short,0.0,1443.0,2020.0,01,19
882,Western,Taï,East,Individual 08,19.01.20,1.80675,13,With,Build-Up,after,1,0,NV,NV,Traveling,7,0.183498,183.498,Taï (East),East (Individual 08),0.23918010123139802,33.47563127025608,short,0.0,1443.0,2020.0,01,19
882,Western,Taï,East,Individual 08,19.01.20,1.80675,13,With,Build-Up,after,1,0,NV,NV,Traveling,8,0.06493,64.93,Taï (East),East (Individual 08),0.23918010123139802,33.47563127025608,short,0.0,1443.0,2020.0,01,19
882,Western,Taï,East,Individual 08,19.01.20,1.80675,13,With,Build-Up,after,1,0,NV,NV,Traveling,9,0.146799,146.799,Taï (East),East (Individual 08),0.23918010123139802,33.47563127025608,short,0.0,1443.0,2020.0,01,19
882,Western,Taï,East,Individual 08,19.01.20,1.80675,13,With,Build-Up,after,1,0,NV,NV,Traveling,10,0.169383,169.383,Taï (East),East (Individual 08),0.23918010123139802,33.47563127025608,short,0.0,1443.0,2020.0,01,19
882,Western,Taï,East,Individual 08,19.01.20,1.80675,13,With,Build-Up,after,1,0,NV,NV,Traveling,11,0.12986,129.86,Taï (East),East (Individual 08),0.23918010123139802,33.47563127025608,short,0.0,1443.0,2020.0,01,19
882,Western,Taï,East,Individual 08,19.01.20,1.80675,13,With,Build-Up,after,1,0,NV,NV,Traveling,12,0.152445,152.445,Taï (East),East (Individual 08),0.23918010123139802,33.47563127025608,short,0.0,1443.0,2020.0,01,19
885,Western,Taï,East,Individual 08,19.01.20,3.48086,17,With,Build-Up,Let-Down,1,3,NV,NV,Traveling,1,0.326251,326.25100000000003,Taï (East),East (Individual 08),0.5498802791475074,66.51822361501125,short,1.5593509992552081,1443.0,2020.0,01,19
885,Western,Taï,East,Individual 08,19.01.20,3.48086,17,With,Build-Up,Let-Down,1,3,NV,NV,Traveling,2,0.171526,171.526,Taï (East),East (Individual 08),0.5498802791475074,66.51822361501125,short,1.5593509992552081,1443.0,2020.0,01,19
885,Western,Taï,East,Individual 08,19.01.20,3.48086,17,With,Build-Up,Let-Down,1,3,NV,NV,Traveling,3,0.21532,215.32000000000002,Taï (East),East (Individual 08),0.5498802791475074,66.51822361501125,short,1.5593509992552081,1443.0,2020.0,01,19
885,Western,Taï,East,Individual 08,19.01.20,3.48086,17,With,Build-Up,Let-Down,1,3,NV,NV,Traveling,4,0.135031,135.031,Taï (East),East (Individual 08),0.5498802791475074,66.51822361501125,short,1.5593509992552081,1443.0,2020.0,01,19
885,Western,Taï,East,Individual 08,19.01.20,3.48086,17,With,Build-Up,Let-Down,1,3,NV,NV,Traveling,5,0.302908,302.908,Taï (East),East (Individual 08),0.5498802791475074,66.51822361501125,short,1.5593509992552081,1443.0,2020.0,01,19
885,Western,Taï,East,Individual 08,19.01.20,3.48086,17,With,Build-Up,Let-Down,1,3,NV,NV,Traveling,6,0.127732,127.73200000000001,Taï (East),East (Individual 08),0.5498802791475074,66.51822361501125,short,1.5593509992552081,1443.0,2020.0,01,19
885,Western,Taï,East,Individual 08,19.01.20,3.48086,17,With,Build-Up,Let-Down,1,3,NV,NV,Traveling,7,0.251815,251.815,Taï (East),East (Individual 08),0.5498802791475074,66.51822361501125,short,1.5593509992552081,1443.0,2020.0,01,19
885,Western,Taï,East,Individual 08,19.01.20,3.48086,17,With,Build-Up,Let-Down,1,3,NV,NV,Traveling,8,0.186124,186.12400000000002,Taï (East),East (Individual 08),0.5498802791475074,66.51822361501125,short,1.5593509992552081,1443.0,2020.0,01,19
885,Western,Taï,East,Individual 08,19.01.20,3.48086,17,With,Build-Up,Let-Down,1,3,NV,NV,Traveling,9,0.178825,178.82500000000002,Taï (East),East (Individual 08),0.5498802791475074,66.51822361501125,short,1.5593509992552081,1443.0,2020.0,01,19
885,Western,Taï,East,Individual 08,19.01.20,3.48086,17,With,Build-Up,Let-Down,1,3,NV,NV,Traveling,10,0.295609,295.60900000000004,Taï (East),East (Individual 08),0.5498802791475074,66.51822361501125,short,1.5593509992552081,1443.0,2020.0,01,19
885,Western,Taï,East,Individual 08,19.01.20,3.48086,17,With,Build-Up,Let-Down,1,3,NV,NV,Traveling,11,0.102186,102.18599999999999,Taï (East),East (Individual 08),0.5498802791475074,66.51822361501125,short,1.5593509992552081,1443.0,2020.0,01,19
885,Western,Taï,East,Individual 08,19.01.20,3.48086,17,With,Build-Up,Let-Down,1,3,NV,NV,Traveling,12,0.138681,138.681,Taï (East),East (Individual 08),0.5498802791475074,66.51822361501125,short,1.5593509992552081,1443.0,2020.0,01,19
885,Western,Taï,East,Individual 08,19.01.20,3.48086,17,With,Build-Up,Let-Down,1,3,NV,NV,Traveling,13,0.197073,197.073,Taï (East),East (Individual 08),0.5498802791475074,66.51822361501125,short,1.5593509992552081,1443.0,2020.0,01,19
885,Western,Taï,East,Individual 08,19.01.20,3.48086,17,With,Build-Up,Let-Down,1,3,NV,NV,Traveling,14,0.583919,583.919,Taï (East),East (Individual 08),0.5498802791475074,66.51822361501125,long,1.5593509992552081,1443.0,2020.0,01,19
885,Western,Taï,East,Individual 08,19.01.20,3.48086,17,With,Build-Up,Let-Down,1,3,NV,NV,Traveling,15,0.047443,47.443,Taï (East),East (Individual 08),0.5498802791475074,66.51822361501125,short,1.5593509992552081,1443.0,2020.0,01,19
885,Western,Taï,East,Individual 08,19.01.20,3.48086,17,With,Build-Up,Let-Down,1,3,NV,NV,Traveling,16,0.220416,220.416,Taï (East),East (Individual 08),0.5498802791475074,66.51822361501125,short,1.5593509992552081,1443.0,2020.0,01,19
886,Western,Taï,East,Individual 06,19.01.20,0.52799,6,With,Build-Up,Climax,1,2,NV,NV,Traveling,1,0.076266,76.266,Taï (East),East (Individual 06),0.3876950409911764,58.90893937239221,short,0.0,1443.0,2020.0,01,19
886,Western,Taï,East,Individual 06,19.01.20,0.52799,6,With,Build-Up,Climax,1,2,NV,NV,Traveling,2,0.058666,58.666000000000004,Taï (East),East (Individual 06),0.3876950409911764,58.90893937239221,short,0.0,1443.0,2020.0,01,19
886,Western,Taï,East,Individual 06,19.01.20,0.52799,6,With,Build-Up,Climax,1,2,NV,NV,Traveling,3,0.164264,164.26399999999998,Taï (East),East (Individual 06),0.3876950409911764,58.90893937239221,short,0.0,1443.0,2020.0,01,19
886,Western,Taï,East,Individual 06,19.01.20,0.52799,6,With,Build-Up,Climax,1,2,NV,NV,Traveling,4,0.085065,85.065,Taï (East),East (Individual 06),0.3876950409911764,58.90893937239221,short,0.0,1443.0,2020.0,01,19
886,Western,Taï,East,Individual 06,19.01.20,0.52799,6,With,Build-Up,Climax,1,2,NV,NV,Traveling,5,0.143731,143.731,Taï (East),East (Individual 06),0.3876950409911764,58.90893937239221,short,0.0,1443.0,2020.0,01,19
887,Western,Taï,East,Individual 06,19.01.20,0.43892,3,Without,0,0,0,0,NV,NV,Traveling,1,0.259694,259.69399999999996,Taï (East),East (Individual 06),0.18333451046776278,36.66690209355256,short,0.0,1443.0,2020.0,01,19
887,Western,Taï,East,Individual 06,19.01.20,0.43892,3,Without,0,0,0,0,NV,NV,Traveling,2,0.179225,179.225,Taï (East),East (Individual 06),0.18333451046776278,36.66690209355256,short,0.0,1443.0,2020.0,01,19
888,Western,Taï,East,Individual 06,19.01.20,1.56665,9,With,Build-Up,Climax,1,2,NV,NV,Traveling,1,0.079324,79.32400000000001,Taï (East),East (Individual 06),0.9615338323900177,70.36208542632377,short,1.5549511023971747,1443.0,2020.0,01,19
888,Western,Taï,East,Individual 06,19.01.20,1.56665,9,With,Build-Up,Climax,1,2,NV,NV,Traveling,2,0.042967,42.967,Taï (East),East (Individual 06),0.9615338323900177,70.36208542632377,short,1.5549511023971747,1443.0,2020.0,01,19
888,Western,Taï,East,Individual 06,19.01.20,1.56665,9,With,Build-Up,Climax,1,2,NV,NV,Traveling,3,0.109071,109.071,Taï (East),East (Individual 06),0.9615338323900177,70.36208542632377,short,1.5549511023971747,1443.0,2020.0,01,19
888,Western,Taï,East,Individual 06,19.01.20,1.56665,9,With,Build-Up,Climax,1,2,NV,NV,Traveling,4,0.188395,188.395,Taï (East),East (Individual 06),0.9615338323900177,70.36208542632377,short,1.5549511023971747,1443.0,2020.0,01,19
888,Western,Taï,East,Individual 06,19.01.20,1.56665,9,With,Build-Up,Climax,1,2,NV,NV,Traveling,5,0.677559,677.559,Taï (East),East (Individual 06),0.9615338323900177,70.36208542632377,long,1.5549511023971747,1443.0,2020.0,01,19
888,Western,Taï,East,Individual 06,19.01.20,1.56665,9,With,Build-Up,Climax,1,2,NV,NV,Traveling,6,0.1917,191.70000000000002,Taï (East),East (Individual 06),0.9615338323900177,70.36208542632377,short,1.5549511023971747,1443.0,2020.0,01,19
888,Western,Taï,East,Individual 06,19.01.20,1.56665,9,With,Build-Up,Climax,1,2,NV,NV,Traveling,7,0.122291,122.291,Taï (East),East (Individual 06),0.9615338323900177,70.36208542632377,short,1.5549511023971747,1443.0,2020.0,01,19
888,Western,Taï,East,Individual 06,19.01.20,1.56665,9,With,Build-Up,Climax,1,2,NV,NV,Traveling,8,0.155343,155.34300000000002,Taï (East),East (Individual 06),0.9615338323900177,70.36208542632377,short,1.5549511023971747,1443.0,2020.0,01,19
890,Western,Taï,East,Individual 08,02.02.20,1.69166,8,With,Build-Up,Let-Down,1,0,NV,NV,Traveling,1,0.165545,165.545,Taï (East),East (Individual 08),0.7936963019600114,56.710476316128585,short,1.5447831557385332,1429.0,2020.0,02,02
890,Western,Taï,East,Individual 08,02.02.20,1.69166,8,With,Build-Up,Let-Down,1,0,NV,NV,Traveling,2,0.131919,131.919,Taï (East),East (Individual 08),0.7936963019600114,56.710476316128585,short,1.5447831557385332,1429.0,2020.0,02,02
890,Western,Taï,East,Individual 08,02.02.20,1.69166,8,With,Build-Up,Let-Down,1,0,NV,NV,Traveling,3,0.165545,165.545,Taï (East),East (Individual 08),0.7936963019600114,56.710476316128585,short,1.5447831557385332,1429.0,2020.0,02,02
890,Western,Taï,East,Individual 08,02.02.20,1.69166,8,With,Build-Up,Let-Down,1,0,NV,NV,Traveling,4,0.708739,708.739,Taï (East),East (Individual 08),0.7936963019600114,56.710476316128585,long,1.5447831557385332,1429.0,2020.0,02,02
890,Western,Taï,East,Individual 08,02.02.20,1.69166,8,With,Build-Up,Let-Down,1,0,NV,NV,Traveling,5,0.139679,139.679,Taï (East),East (Individual 08),0.7936963019600114,56.710476316128585,short,1.5447831557385332,1429.0,2020.0,02,02
890,Western,Taï,East,Individual 08,02.02.20,1.69166,8,With,Build-Up,Let-Down,1,0,NV,NV,Traveling,6,0.193998,193.998,Taï (East),East (Individual 08),0.7936963019600114,56.710476316128585,short,1.5447831557385332,1429.0,2020.0,02,02
890,Western,Taï,East,Individual 08,02.02.20,1.69166,8,With,Build-Up,Let-Down,1,0,NV,NV,Traveling,7,0.186238,186.238,Taï (East),East (Individual 08),0.7936963019600114,56.710476316128585,short,1.5447831557385332,1429.0,2020.0,02,02
891,Western,Taï,East,Individual 08,02.02.20,1.66758,10,With,Build-Up,after,1,0,NV,NV,Traveling,1,0.077621,77.621,Taï (East),East (Individual 08),0.27667287384661876,30.07781731104544,short,0.0,1429.0,2020.0,02,02
891,Western,Taï,East,Individual 08,02.02.20,1.66758,10,With,Build-Up,after,1,0,NV,NV,Traveling,2,0.234281,234.28099999999998,Taï (East),East (Individual 08),0.27667287384661876,30.07781731104544,short,0.0,1429.0,2020.0,02,02
891,Western,Taï,East,Individual 08,02.02.20,1.66758,10,With,Build-Up,after,1,0,NV,NV,Traveling,3,0.174837,174.837,Taï (East),East (Individual 08),0.27667287384661876,30.07781731104544,short,0.0,1429.0,2020.0,02,02
891,Western,Taï,East,Individual 08,02.02.20,1.66758,10,With,Build-Up,after,1,0,NV,NV,Traveling,4,0.157353,157.35299999999998,Taï (East),East (Individual 08),0.27667287384661876,30.07781731104544,short,0.0,1429.0,2020.0,02,02
891,Western,Taï,East,Individual 08,02.02.20,1.66758,10,With,Build-Up,after,1,0,NV,NV,Traveling,5,0.180082,180.082,Taï (East),East (Individual 08),0.27667287384661876,30.07781731104544,short,0.0,1429.0,2020.0,02,02
891,Western,Taï,East,Individual 08,02.02.20,1.66758,10,With,Build-Up,after,1,0,NV,NV,Traveling,6,0.185327,185.327,Taï (East),East (Individual 08),0.27667287384661876,30.07781731104544,short,0.0,1429.0,2020.0,02,02
891,Western,Taï,East,Individual 08,02.02.20,1.66758,10,With,Build-Up,after,1,0,NV,NV,Traveling,7,0.222043,222.04299999999998,Taï (East),East (Individual 08),0.27667287384661876,30.07781731104544,short,0.0,1429.0,2020.0,02,02
891,Western,Taï,East,Individual 08,02.02.20,1.66758,10,With,Build-Up,after,1,0,NV,NV,Traveling,8,0.269249,269.249,Taï (East),East (Individual 08),0.27667287384661876,30.07781731104544,short,0.0,1429.0,2020.0,02,02
891,Western,Taï,East,Individual 08,02.02.20,1.66758,10,With,Build-Up,after,1,0,NV,NV,Traveling,9,0.166788,166.78799999999998,Taï (East),East (Individual 08),0.27667287384661876,30.07781731104544,short,0.0,1429.0,2020.0,02,02
892,Western,Taï,East,Individual 08,02.02.20,1.39519,9,With,after,after,0,0,NV,NV,Traveling,1,0.107707,107.707,Taï (East),East (Individual 08),0.5330354368906358,64.26298494125427,short,0.0,1429.0,2020.0,02,02
892,Western,Taï,East,Individual 08,02.02.20,1.39519,9,With,after,after,0,0,NV,NV,Traveling,2,0.177842,177.842,Taï (East),East (Individual 08),0.5330354368906358,64.26298494125427,short,0.0,1429.0,2020.0,02,02
892,Western,Taï,East,Individual 08,02.02.20,1.39519,9,With,after,after,0,0,NV,NV,Traveling,3,0.393759,393.759,Taï (East),East (Individual 08),0.5330354368906358,64.26298494125427,short,0.0,1429.0,2020.0,02,02
892,Western,Taï,East,Individual 08,02.02.20,1.39519,9,With,after,after,0,0,NV,NV,Traveling,4,0.070213,70.213,Taï (East),East (Individual 08),0.5330354368906358,64.26298494125427,short,0.0,1429.0,2020.0,02,02
892,Western,Taï,East,Individual 08,02.02.20,1.39519,9,With,after,after,0,0,NV,NV,Traveling,5,0.207714,207.714,Taï (East),East (Individual 08),0.5330354368906358,64.26298494125427,short,0.0,1429.0,2020.0,02,02
892,Western,Taï,East,Individual 08,02.02.20,1.39519,9,With,after,after,0,0,NV,NV,Traveling,6,0.178459,178.459,Taï (East),East (Individual 08),0.5330354368906358,64.26298494125427,short,0.0,1429.0,2020.0,02,02
892,Western,Taï,East,Individual 08,02.02.20,1.39519,9,With,after,after,0,0,NV,NV,Traveling,7,0.112634,112.634,Taï (East),East (Individual 08),0.5330354368906358,64.26298494125427,short,0.0,1429.0,2020.0,02,02
892,Western,Taï,East,Individual 08,02.02.20,1.39519,9,With,after,after,0,0,NV,NV,Traveling,8,0.146857,146.857,Taï (East),East (Individual 08),0.5330354368906358,64.26298494125427,short,0.0,1429.0,2020.0,02,02
893,Western,Taï,East,Individual 08,02.02.20,0.55104,5,With,roar,after,1,0,NV,NV,Traveling,1,0.159103,159.103,Taï (East),East (Individual 08),0.28361968107731705,41.84898993503076,short,0.0,1429.0,2020.0,02,02
893,Western,Taï,East,Individual 08,02.02.20,0.55104,5,With,roar,after,1,0,NV,NV,Traveling,2,0.110596,110.596,Taï (East),East (Individual 08),0.28361968107731705,41.84898993503076,short,0.0,1429.0,2020.0,02,02
893,Western,Taï,East,Individual 08,02.02.20,0.55104,5,With,roar,after,1,0,NV,NV,Traveling,3,0.091193,91.193,Taï (East),East (Individual 08),0.28361968107731705,41.84898993503076,short,0.0,1429.0,2020.0,02,02
893,Western,Taï,East,Individual 08,02.02.20,0.55104,5,With,roar,after,1,0,NV,NV,Traveling,4,0.190147,190.14700000000002,Taï (East),East (Individual 08),0.28361968107731705,41.84898993503076,short,0.0,1429.0,2020.0,02,02
895,Western,Taï,East,Individual 08,02.02.20,2.41357,10,With,Build-Up,Climax,1,2,NV,NV,Resting,1,0.188842,188.842,Taï (East),East (Individual 08),0.8341128788817902,50.38831333513573,short,1.5605694548611453,1429.0,2020.0,02,02
895,Western,Taï,East,Individual 08,02.02.20,2.41357,10,With,Build-Up,Climax,1,2,NV,NV,Resting,2,0.147946,147.946,Taï (East),East (Individual 08),0.8341128788817902,50.38831333513573,short,1.5605694548611453,1429.0,2020.0,02,02
895,Western,Taï,East,Individual 08,02.02.20,2.41357,10,With,Build-Up,Climax,1,2,NV,NV,Resting,3,0.126295,126.29499999999999,Taï (East),East (Individual 08),0.8341128788817902,50.38831333513573,short,1.5605694548611453,1429.0,2020.0,02,02
895,Western,Taï,East,Individual 08,02.02.20,2.41357,10,With,Build-Up,Climax,1,2,NV,NV,Resting,4,0.116673,116.673,Taï (East),East (Individual 08),0.8341128788817902,50.38831333513573,short,1.5605694548611453,1429.0,2020.0,02,02
895,Western,Taï,East,Individual 08,02.02.20,2.41357,10,With,Build-Up,Climax,1,2,NV,NV,Resting,5,0.156366,156.366,Taï (East),East (Individual 08),0.8341128788817902,50.38831333513573,short,1.5605694548611453,1429.0,2020.0,02,02
895,Western,Taï,East,Individual 08,02.02.20,2.41357,10,With,Build-Up,Climax,1,2,NV,NV,Resting,6,0.869669,869.669,Taï (East),East (Individual 08),0.8341128788817902,50.38831333513573,long,1.5605694548611453,1429.0,2020.0,02,02
895,Western,Taï,East,Individual 08,02.02.20,2.41357,10,With,Build-Up,Climax,1,2,NV,NV,Resting,7,0.250971,250.971,Taï (East),East (Individual 08),0.8341128788817902,50.38831333513573,short,1.5605694548611453,1429.0,2020.0,02,02
895,Western,Taï,East,Individual 08,02.02.20,2.41357,10,With,Build-Up,Climax,1,2,NV,NV,Resting,8,0.201944,201.94400000000002,Taï (East),East (Individual 08),0.8341128788817902,50.38831333513573,short,1.5605694548611453,1429.0,2020.0,02,02
895,Western,Taï,East,Individual 08,02.02.20,2.41357,10,With,Build-Up,Climax,1,2,NV,NV,Resting,9,0.354861,354.861,Taï (East),East (Individual 08),0.8341128788817902,50.38831333513573,short,1.5605694548611453,1429.0,2020.0,02,02
896,Western,Taï,East,Individual 06,02.02.20,0.45065,4,With,Build-Up,Build-Up,1,1,NV,NV,Traveling,1,0.144765,144.76500000000001,Taï (East),East (Individual 06),0.19263317843696343,35.97525216499956,short,0.0,1429.0,2020.0,02,02
896,Western,Taï,East,Individual 06,02.02.20,0.45065,4,With,Build-Up,Build-Up,1,1,NV,NV,Traveling,2,0.188064,188.06400000000002,Taï (East),East (Individual 06),0.19263317843696343,35.97525216499956,short,0.0,1429.0,2020.0,02,02
896,Western,Taï,East,Individual 06,02.02.20,0.45065,4,With,Build-Up,Build-Up,1,1,NV,NV,Traveling,3,0.117816,117.816,Taï (East),East (Individual 06),0.19263317843696343,35.97525216499956,short,0.0,1429.0,2020.0,02,02
897,Western,Taï,East,Individual 08,03.02.20,1.93544,11,With,Climax,after,2,0,NV,NV,Traveling,1,0.159859,159.859,Taï (East),East (Individual 08),0.7494831185595107,71.45576245346453,short,1.5634178663936409,1428.0,2020.0,02,03
897,Western,Taï,East,Individual 08,03.02.20,1.93544,11,With,Climax,after,2,0,NV,NV,Traveling,2,0.03711,37.11,Taï (East),East (Individual 08),0.7494831185595107,71.45576245346453,short,1.5634178663936409,1428.0,2020.0,02,03
897,Western,Taï,East,Individual 08,03.02.20,1.93544,11,With,Climax,after,2,0,NV,NV,Traveling,3,0.151295,151.29500000000002,Taï (East),East (Individual 08),0.7494831185595107,71.45576245346453,short,1.5634178663936409,1428.0,2020.0,02,03
897,Western,Taï,East,Individual 08,03.02.20,1.93544,11,With,Climax,after,2,0,NV,NV,Traveling,4,0.062802,62.802,Taï (East),East (Individual 08),0.7494831185595107,71.45576245346453,short,1.5634178663936409,1428.0,2020.0,02,03
897,Western,Taï,East,Individual 08,03.02.20,1.93544,11,With,Climax,after,2,0,NV,NV,Traveling,5,0.202678,202.678,Taï (East),East (Individual 08),0.7494831185595107,71.45576245346453,short,1.5634178663936409,1428.0,2020.0,02,03
897,Western,Taï,East,Individual 08,03.02.20,1.93544,11,With,Climax,after,2,0,NV,NV,Traveling,6,0.142731,142.731,Taï (East),East (Individual 08),0.7494831185595107,71.45576245346453,short,1.5634178663936409,1428.0,2020.0,02,03
897,Western,Taï,East,Individual 08,03.02.20,1.93544,11,With,Climax,after,2,0,NV,NV,Traveling,7,0.11704,117.04,Taï (East),East (Individual 08),0.7494831185595107,71.45576245346453,short,1.5634178663936409,1428.0,2020.0,02,03
897,Western,Taï,East,Individual 08,03.02.20,1.93544,11,With,Climax,after,2,0,NV,NV,Traveling,8,0.239788,239.788,Taï (East),East (Individual 08),0.7494831185595107,71.45576245346453,short,1.5634178663936409,1428.0,2020.0,02,03
897,Western,Taï,East,Individual 08,03.02.20,1.93544,11,With,Climax,after,2,0,NV,NV,Traveling,9,0.236934,236.934,Taï (East),East (Individual 08),0.7494831185595107,71.45576245346453,short,1.5634178663936409,1428.0,2020.0,02,03
897,Western,Taï,East,Individual 08,03.02.20,1.93544,11,With,Climax,after,2,0,NV,NV,Traveling,10,0.585198,585.198,Taï (East),East (Individual 08),0.7494831185595107,71.45576245346453,long,1.5634178663936409,1428.0,2020.0,02,03
898,Western,Taï,East,Individual 05,03.02.20,1.15475,7,With,Climax,after,2,0,NV,NV,Traveling,1,0.104161,104.161,Taï (East),East (Individual 05),0.3537035529197561,38.823042515705716,short,0.0,1428.0,2020.0,02,03
898,Western,Taï,East,Individual 05,03.02.20,1.15475,7,With,Climax,after,2,0,NV,NV,Traveling,2,0.201139,201.139,Taï (East),East (Individual 05),0.3537035529197561,38.823042515705716,short,0.0,1428.0,2020.0,02,03
898,Western,Taï,East,Individual 05,03.02.20,1.15475,7,With,Climax,after,2,0,NV,NV,Traveling,3,0.172404,172.404,Taï (East),East (Individual 05),0.3537035529197561,38.823042515705716,short,0.0,1428.0,2020.0,02,03
898,Western,Taï,East,Individual 05,03.02.20,1.15475,7,With,Climax,after,2,0,NV,NV,Traveling,4,0.12212,122.12,Taï (East),East (Individual 05),0.3537035529197561,38.823042515705716,short,0.0,1428.0,2020.0,02,03
898,Western,Taï,East,Individual 05,03.02.20,1.15475,7,With,Climax,after,2,0,NV,NV,Traveling,5,0.269382,269.382,Taï (East),East (Individual 05),0.3537035529197561,38.823042515705716,short,0.0,1428.0,2020.0,02,03
898,Western,Taï,East,Individual 05,03.02.20,1.15475,7,With,Climax,after,2,0,NV,NV,Traveling,6,0.285545,285.545,Taï (East),East (Individual 05),0.3537035529197561,38.823042515705716,short,0.0,1428.0,2020.0,02,03
899,Western,Taï,East,Individual 08,03.02.20,1.36411,8,With,Build-Up,after,1,0,NV,NV,Traveling,1,0.080417,80.417,Taï (East),East (Individual 08),0.389176791912851,52.301065081464536,short,0.0,1428.0,2020.0,02,03
899,Western,Taï,East,Individual 08,03.02.20,1.36411,8,With,Build-Up,after,1,0,NV,NV,Traveling,2,0.29772,297.71999999999997,Taï (East),East (Individual 08),0.389176791912851,52.301065081464536,short,0.0,1428.0,2020.0,02,03
899,Western,Taï,East,Individual 08,03.02.20,1.36411,8,With,Build-Up,after,1,0,NV,NV,Traveling,3,0.25924,259.24,Taï (East),East (Individual 08),0.389176791912851,52.301065081464536,short,0.0,1428.0,2020.0,02,03
899,Western,Taï,East,Individual 08,03.02.20,1.36411,8,With,Build-Up,after,1,0,NV,NV,Traveling,4,0.14892,148.92,Taï (East),East (Individual 08),0.389176791912851,52.301065081464536,short,0.0,1428.0,2020.0,02,03
899,Western,Taï,East,Individual 08,03.02.20,1.36411,8,With,Build-Up,after,1,0,NV,NV,Traveling,5,0.184661,184.661,Taï (East),East (Individual 08),0.389176791912851,52.301065081464536,short,0.0,1428.0,2020.0,02,03
899,Western,Taï,East,Individual 08,03.02.20,1.36411,8,With,Build-Up,after,1,0,NV,NV,Traveling,6,0.268056,268.05600000000004,Taï (East),East (Individual 08),0.389176791912851,52.301065081464536,short,0.0,1428.0,2020.0,02,03
899,Western,Taï,East,Individual 08,03.02.20,1.36411,8,With,Build-Up,after,1,0,NV,NV,Traveling,7,0.125093,125.093,Taï (East),East (Individual 08),0.389176791912851,52.301065081464536,short,0.0,1428.0,2020.0,02,03
901,Western,Taï,East,Individual 08,03.02.20,1.09884,6,With,Build-Up,Climax,1,2,NV,NV,Traveling,1,0.224909,224.909,Taï (East),East (Individual 08),0.299815444612551,53.676992623768385,short,0.0,1428.0,2020.0,02,03
901,Western,Taï,East,Individual 08,03.02.20,1.09884,6,With,Build-Up,Climax,1,2,NV,NV,Traveling,2,0.276316,276.31600000000003,Taï (East),East (Individual 08),0.299815444612551,53.676992623768385,short,0.0,1428.0,2020.0,02,03
901,Western,Taï,East,Individual 08,03.02.20,1.09884,6,With,Build-Up,Climax,1,2,NV,NV,Traveling,3,0.092105,92.105,Taï (East),East (Individual 08),0.299815444612551,53.676992623768385,short,0.0,1428.0,2020.0,02,03
901,Western,Taï,East,Individual 08,03.02.20,1.09884,6,With,Build-Up,Climax,1,2,NV,NV,Traveling,4,0.250612,250.612,Taï (East),East (Individual 08),0.299815444612551,53.676992623768385,short,0.0,1428.0,2020.0,02,03
901,Western,Taï,East,Individual 08,03.02.20,1.09884,6,With,Build-Up,Climax,1,2,NV,NV,Traveling,5,0.254896,254.89600000000002,Taï (East),East (Individual 08),0.299815444612551,53.676992623768385,short,0.0,1428.0,2020.0,02,03
902,Western,Taï,East,Individual 05,10.02.20,1.07301,10,With,after,after,0,0,NV,NV,Traveling,1,0.142016,142.016,Taï (East),East (Individual 05),0.49156826869254294,68.85219946827667,short,0.0,1421.0,2020.0,02,10
902,Western,Taï,East,Individual 05,10.02.20,1.07301,10,With,after,after,0,0,NV,NV,Traveling,2,0.183438,183.438,Taï (East),East (Individual 05),0.49156826869254294,68.85219946827667,short,0.0,1421.0,2020.0,02,10
902,Western,Taï,East,Individual 05,10.02.20,1.07301,10,With,after,after,0,0,NV,NV,Traveling,3,0.045366,45.366,Taï (East),East (Individual 05),0.49156826869254294,68.85219946827667,short,0.0,1421.0,2020.0,02,10
902,Western,Taï,East,Individual 05,10.02.20,1.07301,10,With,after,after,0,0,NV,NV,Traveling,4,0.075124,75.124,Taï (East),East (Individual 05),0.49156826869254294,68.85219946827667,short,0.0,1421.0,2020.0,02,10
902,Western,Taï,East,Individual 05,10.02.20,1.07301,10,With,after,after,0,0,NV,NV,Traveling,5,0.037306,37.306,Taï (East),East (Individual 05),0.49156826869254294,68.85219946827667,short,0.0,1421.0,2020.0,02,10
902,Western,Taï,East,Individual 05,10.02.20,1.07301,10,With,after,after,0,0,NV,NV,Traveling,6,0.18541,185.41,Taï (East),East (Individual 05),0.49156826869254294,68.85219946827667,short,0.0,1421.0,2020.0,02,10
902,Western,Taï,East,Individual 05,10.02.20,1.07301,10,With,after,after,0,0,NV,NV,Traveling,7,0.086788,86.78800000000001,Taï (East),East (Individual 05),0.49156826869254294,68.85219946827667,short,0.0,1421.0,2020.0,02,10
902,Western,Taï,East,Individual 05,10.02.20,1.07301,10,With,after,after,0,0,NV,NV,Traveling,8,0.116374,116.37400000000001,Taï (East),East (Individual 05),0.49156826869254294,68.85219946827667,short,0.0,1421.0,2020.0,02,10
902,Western,Taï,East,Individual 05,10.02.20,1.07301,10,With,after,after,0,0,NV,NV,Traveling,9,0.20119,201.19,Taï (East),East (Individual 05),0.49156826869254294,68.85219946827667,short,0.0,1421.0,2020.0,02,10
903,Western,Taï,East,Individual 08,15.02.20,3.29207,14,With,Build-Up,after,1,0,NV,NV,Traveling,1,0.190157,190.15699999999998,Taï (East),East (Individual 08),1.51514593053956,62.72063354939146,short,1.5637814635855283,1416.0,2020.0,02,15
903,Western,Taï,East,Individual 08,15.02.20,3.29207,14,With,Build-Up,after,1,0,NV,NV,Traveling,2,0.196291,196.291,Taï (East),East (Individual 08),1.51514593053956,62.72063354939146,short,1.5637814635855283,1416.0,2020.0,02,15
903,Western,Taï,East,Individual 08,15.02.20,3.29207,14,With,Build-Up,after,1,0,NV,NV,Traveling,3,0.237185,237.185,Taï (East),East (Individual 08),1.51514593053956,62.72063354939146,short,1.5637814635855283,1416.0,2020.0,02,15
903,Western,Taï,East,Individual 08,15.02.20,3.29207,14,With,Build-Up,after,1,0,NV,NV,Traveling,4,0.075654,75.654,Taï (East),East (Individual 08),1.51514593053956,62.72063354939146,short,1.5637814635855283,1416.0,2020.0,02,15
903,Western,Taï,East,Individual 08,15.02.20,3.29207,14,With,Build-Up,after,1,0,NV,NV,Traveling,5,0.094056,94.056,Taï (East),East (Individual 08),1.51514593053956,62.72063354939146,short,1.5637814635855283,1416.0,2020.0,02,15
903,Western,Taï,East,Individual 08,15.02.20,3.29207,14,With,Build-Up,after,1,0,NV,NV,Traveling,6,0.141084,141.08399999999997,Taï (East),East (Individual 08),1.51514593053956,62.72063354939146,short,1.5637814635855283,1416.0,2020.0,02,15
903,Western,Taï,East,Individual 08,15.02.20,3.29207,14,With,Build-Up,after,1,0,NV,NV,Traveling,7,0.10019,100.19,Taï (East),East (Individual 08),1.51514593053956,62.72063354939146,short,1.5637814635855283,1416.0,2020.0,02,15
903,Western,Taï,East,Individual 08,15.02.20,3.29207,14,With,Build-Up,after,1,0,NV,NV,Traveling,8,1.571724,1571.724,Taï (East),East (Individual 08),1.51514593053956,62.72063354939146,long,1.5637814635855283,1416.0,2020.0,02,15
903,Western,Taï,East,Individual 08,15.02.20,3.29207,14,With,Build-Up,after,1,0,NV,NV,Traveling,9,0.095563,95.56299999999999,Taï (East),East (Individual 08),1.51514593053956,62.72063354939146,short,1.5637814635855283,1416.0,2020.0,02,15
903,Western,Taï,East,Individual 08,15.02.20,3.29207,14,With,Build-Up,after,1,0,NV,NV,Traveling,10,0.16788,167.88,Taï (East),East (Individual 08),1.51514593053956,62.72063354939146,short,1.5637814635855283,1416.0,2020.0,02,15
903,Western,Taï,East,Individual 08,15.02.20,3.29207,14,With,Build-Up,after,1,0,NV,NV,Traveling,11,0.136887,136.887,Taï (East),East (Individual 08),1.51514593053956,62.72063354939146,short,1.5637814635855283,1416.0,2020.0,02,15
903,Western,Taï,East,Individual 08,15.02.20,3.29207,14,With,Build-Up,after,1,0,NV,NV,Traveling,12,0.192417,192.417,Taï (East),East (Individual 08),1.51514593053956,62.72063354939146,short,1.5637814635855283,1416.0,2020.0,02,15
903,Western,Taï,East,Individual 08,15.02.20,3.29207,14,With,Build-Up,after,1,0,NV,NV,Traveling,13,0.09298,92.97999999999999,Taï (East),East (Individual 08),1.51514593053956,62.72063354939146,short,1.5637814635855283,1416.0,2020.0,02,15
905,Western,Taï,East,Individual 08,15.02.20,0.31346,4,With,after,after,0,0,NV,NV,Traveling,1,0.082058,82.058,Taï (East),East (Individual 08),0.20290865903418348,38.557569469894084,short,0.0,1416.0,2020.0,02,15
905,Western,Taï,East,Individual 08,15.02.20,0.31346,4,With,after,after,0,0,NV,NV,Traveling,2,0.132934,132.934,Taï (East),East (Individual 08),0.20290865903418348,38.557569469894084,short,0.0,1416.0,2020.0,02,15
905,Western,Taï,East,Individual 08,15.02.20,0.31346,4,With,after,after,0,0,NV,NV,Traveling,3,0.09847,98.47,Taï (East),East (Individual 08),0.20290865903418348,38.557569469894084,short,0.0,1416.0,2020.0,02,15
906,Western,Taï,East,Individual 08,15.02.20,1.99971,13,With,Build-Up,after,1,0,NV,NV,Traveling,1,0.201154,201.154,Taï (East),East (Individual 08),0.6142758312346948,59.25627134451784,short,0.0,1416.0,2020.0,02,15
906,Western,Taï,East,Individual 08,15.02.20,1.99971,13,With,Build-Up,after,1,0,NV,NV,Traveling,2,0.139033,139.033,Taï (East),East (Individual 08),0.6142758312346948,59.25627134451784,short,0.0,1416.0,2020.0,02,15
906,Western,Taï,East,Individual 08,15.02.20,1.99971,13,With,Build-Up,after,1,0,NV,NV,Traveling,3,0.127201,127.20100000000001,Taï (East),East (Individual 08),0.6142758312346948,59.25627134451784,short,0.0,1416.0,2020.0,02,15
906,Western,Taï,East,Individual 08,15.02.20,1.99971,13,With,Build-Up,after,1,0,NV,NV,Traveling,4,0.221862,221.862,Taï (East),East (Individual 08),0.6142758312346948,59.25627134451784,short,0.0,1416.0,2020.0,02,15
906,Western,Taï,East,Individual 08,15.02.20,1.99971,13,With,Build-Up,after,1,0,NV,NV,Traveling,5,0.174531,174.531,Taï (East),East (Individual 08),0.6142758312346948,59.25627134451784,short,0.0,1416.0,2020.0,02,15
906,Western,Taï,East,Individual 08,15.02.20,1.99971,13,With,Build-Up,after,1,0,NV,NV,Traveling,6,0.136075,136.075,Taï (East),East (Individual 08),0.6142758312346948,59.25627134451784,short,0.0,1416.0,2020.0,02,15
906,Western,Taï,East,Individual 08,15.02.20,1.99971,13,With,Build-Up,after,1,0,NV,NV,Traveling,7,0.065079,65.079,Taï (East),East (Individual 08),0.6142758312346948,59.25627134451784,short,0.0,1416.0,2020.0,02,15
906,Western,Taï,East,Individual 08,15.02.20,1.99971,13,With,Build-Up,after,1,0,NV,NV,Traveling,8,0.127201,127.20100000000001,Taï (East),East (Individual 08),0.6142758312346948,59.25627134451784,short,0.0,1416.0,2020.0,02,15
906,Western,Taï,East,Individual 08,15.02.20,1.99971,13,With,Build-Up,after,1,0,NV,NV,Traveling,9,0.150866,150.866,Taï (East),East (Individual 08),0.6142758312346948,59.25627134451784,short,0.0,1416.0,2020.0,02,15
906,Western,Taï,East,Individual 08,15.02.20,1.99971,13,With,Build-Up,after,1,0,NV,NV,Traveling,10,0.17576,175.76,Taï (East),East (Individual 08),0.6142758312346948,59.25627134451784,short,0.0,1416.0,2020.0,02,15
906,Western,Taï,East,Individual 08,15.02.20,1.99971,13,With,Build-Up,after,1,0,NV,NV,Traveling,11,0.022436,22.436,Taï (East),East (Individual 08),0.6142758312346948,59.25627134451784,short,0.0,1416.0,2020.0,02,15
906,Western,Taï,East,Individual 08,15.02.20,1.99971,13,With,Build-Up,after,1,0,NV,NV,Traveling,12,0.458514,458.51399999999995,Taï (East),East (Individual 08),0.6142758312346948,59.25627134451784,short,0.0,1416.0,2020.0,02,15
907,Western,Taï,East,Individual 08,15.02.20,3.53916,15,With,Build-Up,after,1,0,NV,NV,Traveling,1,0.206339,206.339,Taï (East),East (Individual 08),0.7132553821283636,72.58876154890638,short,1.5625731702820085,1416.0,2020.0,02,15
907,Western,Taï,East,Individual 08,15.02.20,3.53916,15,With,Build-Up,after,1,0,NV,NV,Traveling,2,0.10317,103.17,Taï (East),East (Individual 08),0.7132553821283636,72.58876154890638,short,1.5625731702820085,1416.0,2020.0,02,15
907,Western,Taï,East,Individual 08,15.02.20,3.53916,15,With,Build-Up,after,1,0,NV,NV,Traveling,3,0.165968,165.96800000000002,Taï (East),East (Individual 08),0.7132553821283636,72.58876154890638,short,1.5625731702820085,1416.0,2020.0,02,15
907,Western,Taï,East,Individual 08,15.02.20,3.53916,15,With,Build-Up,after,1,0,NV,NV,Traveling,4,0.282595,282.59499999999997,Taï (East),East (Individual 08),0.7132553821283636,72.58876154890638,short,1.5625731702820085,1416.0,2020.0,02,15
907,Western,Taï,East,Individual 08,15.02.20,3.53916,15,With,Build-Up,after,1,0,NV,NV,Traveling,5,0.188397,188.39700000000002,Taï (East),East (Individual 08),0.7132553821283636,72.58876154890638,short,1.5625731702820085,1416.0,2020.0,02,15
907,Western,Taï,East,Individual 08,15.02.20,3.53916,15,With,Build-Up,after,1,0,NV,NV,Traveling,6,0.394736,394.736,Taï (East),East (Individual 08),0.7132553821283636,72.58876154890638,short,1.5625731702820085,1416.0,2020.0,02,15
907,Western,Taï,East,Individual 08,15.02.20,3.53916,15,With,Build-Up,after,1,0,NV,NV,Traveling,7,0.784986,784.986,Taï (East),East (Individual 08),0.7132553821283636,72.58876154890638,long,1.5625731702820085,1416.0,2020.0,02,15
907,Western,Taï,East,Individual 08,15.02.20,3.53916,15,With,Build-Up,after,1,0,NV,NV,Traveling,8,0.192882,192.882,Taï (East),East (Individual 08),0.7132553821283636,72.58876154890638,short,1.5625731702820085,1416.0,2020.0,02,15
907,Western,Taï,East,Individual 08,15.02.20,3.53916,15,With,Build-Up,after,1,0,NV,NV,Traveling,9,0.130083,130.083,Taï (East),East (Individual 08),0.7132553821283636,72.58876154890638,short,1.5625731702820085,1416.0,2020.0,02,15
907,Western,Taï,East,Individual 08,15.02.20,3.53916,15,With,Build-Up,after,1,0,NV,NV,Traveling,10,0.17494,174.94000000000003,Taï (East),East (Individual 08),0.7132553821283636,72.58876154890638,short,1.5625731702820085,1416.0,2020.0,02,15
907,Western,Taï,East,Individual 08,15.02.20,3.53916,15,With,Build-Up,after,1,0,NV,NV,Traveling,11,0.251195,251.195,Taï (East),East (Individual 08),0.7132553821283636,72.58876154890638,short,1.5625731702820085,1416.0,2020.0,02,15
907,Western,Taï,East,Individual 08,15.02.20,3.53916,15,With,Build-Up,after,1,0,NV,NV,Traveling,12,0.062799,62.79899999999999,Taï (East),East (Individual 08),0.7132553821283636,72.58876154890638,short,1.5625731702820085,1416.0,2020.0,02,15
907,Western,Taï,East,Individual 08,15.02.20,3.53916,15,With,Build-Up,after,1,0,NV,NV,Traveling,13,0.457534,457.534,Taï (East),East (Individual 08),0.7132553821283636,72.58876154890638,short,1.5625731702820085,1416.0,2020.0,02,15
907,Western,Taï,East,Individual 08,15.02.20,3.53916,15,With,Build-Up,after,1,0,NV,NV,Traveling,14,0.14354,143.54,Taï (East),East (Individual 08),0.7132553821283636,72.58876154890638,short,1.5625731702820085,1416.0,2020.0,02,15
908,Western,Taï,East,Individual 08,15.02.20,2.48516,14,With,Build-Up,after,1,0,NV,NV,Traveling,1,0.073435,73.435,Taï (East),East (Individual 08),0.6751416848437544,50.86612279648563,short,1.5637814635855283,1416.0,2020.0,02,15
908,Western,Taï,East,Individual 08,15.02.20,2.48516,14,With,Build-Up,after,1,0,NV,NV,Traveling,2,0.18552,185.51999999999998,Taï (East),East (Individual 08),0.6751416848437544,50.86612279648563,short,1.5637814635855283,1416.0,2020.0,02,15
908,Western,Taï,East,Individual 08,15.02.20,2.48516,14,With,Build-Up,after,1,0,NV,NV,Traveling,3,0.16215,162.14999999999998,Taï (East),East (Individual 08),0.6751416848437544,50.86612279648563,short,1.5637814635855283,1416.0,2020.0,02,15
908,Western,Taï,East,Individual 08,15.02.20,2.48516,14,With,Build-Up,after,1,0,NV,NV,Traveling,4,0.13932,139.32,Taï (East),East (Individual 08),0.6751416848437544,50.86612279648563,short,1.5637814635855283,1416.0,2020.0,02,15
908,Western,Taï,East,Individual 08,15.02.20,2.48516,14,With,Build-Up,after,1,0,NV,NV,Traveling,5,0.127545,127.54499999999999,Taï (East),East (Individual 08),0.6751416848437544,50.86612279648563,short,1.5637814635855283,1416.0,2020.0,02,15
908,Western,Taï,East,Individual 08,15.02.20,2.48516,14,With,Build-Up,after,1,0,NV,NV,Traveling,6,0.181655,181.655,Taï (East),East (Individual 08),0.6751416848437544,50.86612279648563,short,1.5637814635855283,1416.0,2020.0,02,15
908,Western,Taï,East,Individual 08,15.02.20,2.48516,14,With,Build-Up,after,1,0,NV,NV,Traveling,7,0.10049,100.49,Taï (East),East (Individual 08),0.6751416848437544,50.86612279648563,short,1.5637814635855283,1416.0,2020.0,02,15
908,Western,Taï,East,Individual 08,15.02.20,2.48516,14,With,Build-Up,after,1,0,NV,NV,Traveling,8,0.17006,170.06,Taï (East),East (Individual 08),0.6751416848437544,50.86612279648563,short,1.5637814635855283,1416.0,2020.0,02,15
908,Western,Taï,East,Individual 08,15.02.20,2.48516,14,With,Build-Up,after,1,0,NV,NV,Traveling,9,0.614535,614.5350000000001,Taï (East),East (Individual 08),0.6751416848437544,50.86612279648563,long,1.5637814635855283,1416.0,2020.0,02,15
908,Western,Taï,East,Individual 08,15.02.20,2.48516,14,With,Build-Up,after,1,0,NV,NV,Traveling,10,0.20098,200.98,Taï (East),East (Individual 08),0.6751416848437544,50.86612279648563,short,1.5637814635855283,1416.0,2020.0,02,15
908,Western,Taï,East,Individual 08,15.02.20,2.48516,14,With,Build-Up,after,1,0,NV,NV,Traveling,11,0.112085,112.08500000000001,Taï (East),East (Individual 08),0.6751416848437544,50.86612279648563,short,1.5637814635855283,1416.0,2020.0,02,15
908,Western,Taï,East,Individual 08,15.02.20,2.48516,14,With,Build-Up,after,1,0,NV,NV,Traveling,12,0.21644,216.44,Taï (East),East (Individual 08),0.6751416848437544,50.86612279648563,short,1.5637814635855283,1416.0,2020.0,02,15
908,Western,Taï,East,Individual 08,15.02.20,2.48516,14,With,Build-Up,after,1,0,NV,NV,Traveling,13,0.20098,200.98,Taï (East),East (Individual 08),0.6751416848437544,50.86612279648563,short,1.5637814635855283,1416.0,2020.0,02,15
917,Western,Taï,South,Individual 64,17.01.20,0.76766,7,With,after,after,0,0,NV,NV,Traveling,1,0.134781,134.781,Taï (South),South (Individual 64),0.3001796806979227,54.94100081039994,short,2.6165416690705205,1445.0,2020.0,01,17
917,Western,Taï,South,Individual 64,17.01.20,0.76766,7,With,after,after,0,0,NV,NV,Traveling,2,0.056647,56.647000000000006,Taï (South),South (Individual 64),0.3001796806979227,54.94100081039994,long,2.6165416690705205,1445.0,2020.0,01,17
917,Western,Taï,South,Individual 64,17.01.20,0.76766,7,With,after,after,0,0,NV,NV,Traveling,3,0.154314,154.314,Taï (South),South (Individual 64),0.3001796806979227,54.94100081039994,short,2.6165416690705205,1445.0,2020.0,01,17
917,Western,Taï,South,Individual 64,17.01.20,0.76766,7,With,after,after,0,0,NV,NV,Traveling,4,0.164081,164.08100000000002,Taï (South),South (Individual 64),0.3001796806979227,54.94100081039994,short,2.6165416690705205,1445.0,2020.0,01,17
917,Western,Taï,South,Individual 64,17.01.20,0.76766,7,With,after,after,0,0,NV,NV,Traveling,5,0.09962,99.62,Taï (South),South (Individual 64),0.3001796806979227,54.94100081039994,long,2.6165416690705205,1445.0,2020.0,01,17
917,Western,Taï,South,Individual 64,17.01.20,0.76766,7,With,after,after,0,0,NV,NV,Traveling,6,0.158221,158.221,Taï (South),South (Individual 64),0.3001796806979227,54.94100081039994,short,2.6165416690705205,1445.0,2020.0,01,17
919,Western,Taï,South,Individual 64,22.01.20,0.53497,3,With,Build-Up,Build-Up,1,1,NV,NV,Traveling,1,0.344295,344.295,Taï (South),South (Individual 64),0.28716831942276594,57.43366388455319,medium,1.0,1440.0,2020.0,01,22
919,Western,Taï,South,Individual 64,22.01.20,0.53497,3,With,Build-Up,Build-Up,1,1,NV,NV,Traveling,2,0.19067,190.67000000000002,Taï (South),South (Individual 64),0.28716831942276594,57.43366388455319,short,1.0,1440.0,2020.0,01,22
921,Western,Taï,South,Individual 64,24.01.20,0.6007,5,With,Build-Up,Build-Up,1,1,NV,NV,Traveling,1,0.047738,47.738,Taï (South),South (Individual 64),0.4490145953312681,60.0461471525397,long,1.4338343733773984,1438.0,2020.0,01,24
921,Western,Taï,South,Individual 64,24.01.20,0.6007,5,With,Build-Up,Build-Up,1,1,NV,NV,Traveling,2,0.234712,234.71200000000002,Taï (South),South (Individual 64),0.4490145953312681,60.0461471525397,short,1.4338343733773984,1438.0,2020.0,01,24
921,Western,Taï,South,Individual 64,24.01.20,0.6007,5,With,Build-Up,Build-Up,1,1,NV,NV,Traveling,3,0.173051,173.05100000000002,Taï (South),South (Individual 64),0.4490145953312681,60.0461471525397,short,1.4338343733773984,1438.0,2020.0,01,24
921,Western,Taï,South,Individual 64,24.01.20,0.6007,5,With,Build-Up,Build-Up,1,1,NV,NV,Traveling,4,0.145203,145.203,Taï (South),South (Individual 64),0.4490145953312681,60.0461471525397,short,1.4338343733773984,1438.0,2020.0,01,24
926,Western,Taï,South,Individual 66,27.01.20,1.48833,14,With,Build-Up,Climax,1,2,NV,NV,Resting,1,0.097519,97.51899999999999,Taï (South),South (Individual 66),0.34042329369218977,32.2946315365218,short,0.0,1435.0,2020.0,01,27
926,Western,Taï,South,Individual 66,27.01.20,1.48833,14,With,Build-Up,Climax,1,2,NV,NV,Resting,2,0.092876,92.876,Taï (South),South (Individual 66),0.34042329369218977,32.2946315365218,short,0.0,1435.0,2020.0,01,27
926,Western,Taï,South,Individual 66,27.01.20,1.48833,14,With,Build-Up,Climax,1,2,NV,NV,Resting,3,0.118417,118.417,Taï (South),South (Individual 66),0.34042329369218977,32.2946315365218,short,0.0,1435.0,2020.0,01,27
926,Western,Taï,South,Individual 66,27.01.20,1.48833,14,With,Build-Up,Climax,1,2,NV,NV,Resting,4,0.132348,132.34799999999998,Taï (South),South (Individual 66),0.34042329369218977,32.2946315365218,short,0.0,1435.0,2020.0,01,27
926,Western,Taï,South,Individual 66,27.01.20,1.48833,14,With,Build-Up,Climax,1,2,NV,NV,Resting,5,0.08591,85.91,Taï (South),South (Individual 66),0.34042329369218977,32.2946315365218,short,0.0,1435.0,2020.0,01,27
926,Western,Taï,South,Individual 66,27.01.20,1.48833,14,With,Build-Up,Climax,1,2,NV,NV,Resting,6,0.062691,62.690999999999995,Taï (South),South (Individual 66),0.34042329369218977,32.2946315365218,short,0.0,1435.0,2020.0,01,27
926,Western,Taï,South,Individual 66,27.01.20,1.48833,14,With,Build-Up,Climax,1,2,NV,NV,Resting,7,0.081266,81.266,Taï (South),South (Individual 66),0.34042329369218977,32.2946315365218,short,0.0,1435.0,2020.0,01,27
926,Western,Taï,South,Individual 66,27.01.20,1.48833,14,With,Build-Up,Climax,1,2,NV,NV,Resting,8,0.081266,81.266,Taï (South),South (Individual 66),0.34042329369218977,32.2946315365218,short,0.0,1435.0,2020.0,01,27
926,Western,Taï,South,Individual 66,27.01.20,1.48833,14,With,Build-Up,Climax,1,2,NV,NV,Resting,9,0.153245,153.245,Taï (South),South (Individual 66),0.34042329369218977,32.2946315365218,short,0.0,1435.0,2020.0,01,27
926,Western,Taï,South,Individual 66,27.01.20,1.48833,14,With,Build-Up,Climax,1,2,NV,NV,Resting,10,0.192717,192.717,Taï (South),South (Individual 66),0.34042329369218977,32.2946315365218,short,0.0,1435.0,2020.0,01,27
926,Western,Taï,South,Individual 66,27.01.20,1.48833,14,With,Build-Up,Climax,1,2,NV,NV,Resting,11,0.076622,76.622,Taï (South),South (Individual 66),0.34042329369218977,32.2946315365218,short,0.0,1435.0,2020.0,01,27
926,Western,Taï,South,Individual 66,27.01.20,1.48833,14,With,Build-Up,Climax,1,2,NV,NV,Resting,12,0.143957,143.957,Taï (South),South (Individual 66),0.34042329369218977,32.2946315365218,short,0.0,1435.0,2020.0,01,27
926,Western,Taï,South,Individual 66,27.01.20,1.48833,14,With,Build-Up,Climax,1,2,NV,NV,Resting,13,0.169498,169.49800000000002,Taï (South),South (Individual 66),0.34042329369218977,32.2946315365218,short,0.0,1435.0,2020.0,01,27
927,Western,Taï,South,Individual 66,27.01.20,4.70626,27,With,Build-Up,after,1,0,NV,NV,Traveling,1,0.150334,150.334,Taï (South),South (Individual 66),1.480927001014105,73.42304241860838,short,3.1275629271710557,1435.0,2020.0,01,27
927,Western,Taï,South,Individual 66,27.01.20,4.70626,27,With,Build-Up,after,1,0,NV,NV,Traveling,2,0.232775,232.775,Taï (South),South (Individual 66),1.480927001014105,73.42304241860838,short,3.1275629271710557,1435.0,2020.0,01,27
927,Western,Taï,South,Individual 66,27.01.20,4.70626,27,With,Build-Up,after,1,0,NV,NV,Traveling,3,0.167307,167.30700000000002,Taï (South),South (Individual 66),1.480927001014105,73.42304241860838,short,3.1275629271710557,1435.0,2020.0,01,27
927,Western,Taï,South,Individual 66,27.01.20,4.70626,27,With,Build-Up,after,1,0,NV,NV,Traveling,4,0.058194,58.194,Taï (South),South (Individual 66),1.480927001014105,73.42304241860838,short,3.1275629271710557,1435.0,2020.0,01,27
927,Western,Taï,South,Individual 66,27.01.20,4.70626,27,With,Build-Up,after,1,0,NV,NV,Traveling,5,0.093079,93.079,Taï (South),South (Individual 66),1.480927001014105,73.42304241860838,short,3.1275629271710557,1435.0,2020.0,01,27
927,Western,Taï,South,Individual 66,27.01.20,4.70626,27,With,Build-Up,after,1,0,NV,NV,Traveling,6,0.047556,47.556000000000004,Taï (South),South (Individual 66),1.480927001014105,73.42304241860838,short,3.1275629271710557,1435.0,2020.0,01,27
927,Western,Taï,South,Individual 66,27.01.20,4.70626,27,With,Build-Up,after,1,0,NV,NV,Traveling,7,0.09214,92.14,Taï (South),South (Individual 66),1.480927001014105,73.42304241860838,short,3.1275629271710557,1435.0,2020.0,01,27
927,Western,Taï,South,Individual 66,27.01.20,4.70626,27,With,Build-Up,after,1,0,NV,NV,Traveling,8,0.053344,53.344,Taï (South),South (Individual 66),1.480927001014105,73.42304241860838,short,3.1275629271710557,1435.0,2020.0,01,27
927,Western,Taï,South,Individual 66,27.01.20,4.70626,27,With,Build-Up,after,1,0,NV,NV,Traveling,9,0.058194,58.194,Taï (South),South (Individual 66),1.480927001014105,73.42304241860838,short,3.1275629271710557,1435.0,2020.0,01,27
927,Western,Taï,South,Individual 66,27.01.20,4.70626,27,With,Build-Up,after,1,0,NV,NV,Traveling,10,0.133361,133.36100000000002,Taï (South),South (Individual 66),1.480927001014105,73.42304241860838,short,3.1275629271710557,1435.0,2020.0,01,27
927,Western,Taï,South,Individual 66,27.01.20,4.70626,27,With,Build-Up,after,1,0,NV,NV,Traveling,11,0.033946,33.946,Taï (South),South (Individual 66),1.480927001014105,73.42304241860838,short,3.1275629271710557,1435.0,2020.0,01,27
927,Western,Taï,South,Individual 66,27.01.20,4.70626,27,With,Build-Up,after,1,0,NV,NV,Traveling,12,0.220651,220.651,Taï (South),South (Individual 66),1.480927001014105,73.42304241860838,short,3.1275629271710557,1435.0,2020.0,01,27
927,Western,Taï,South,Individual 66,27.01.20,4.70626,27,With,Build-Up,after,1,0,NV,NV,Traveling,13,0.089715,89.715,Taï (South),South (Individual 66),1.480927001014105,73.42304241860838,short,3.1275629271710557,1435.0,2020.0,01,27
927,Western,Taï,South,Individual 66,27.01.20,4.70626,27,With,Build-Up,after,1,0,NV,NV,Traveling,14,0.084866,84.866,Taï (South),South (Individual 66),1.480927001014105,73.42304241860838,short,3.1275629271710557,1435.0,2020.0,01,27
927,Western,Taï,South,Individual 66,27.01.20,4.70626,27,With,Build-Up,after,1,0,NV,NV,Traveling,15,0.106689,106.68900000000001,Taï (South),South (Individual 66),1.480927001014105,73.42304241860838,short,3.1275629271710557,1435.0,2020.0,01,27
927,Western,Taï,South,Individual 66,27.01.20,4.70626,27,With,Build-Up,after,1,0,NV,NV,Traveling,16,0.04607,46.07,Taï (South),South (Individual 66),1.480927001014105,73.42304241860838,short,3.1275629271710557,1435.0,2020.0,01,27
927,Western,Taï,South,Individual 66,27.01.20,4.70626,27,With,Build-Up,after,1,0,NV,NV,Traveling,17,1.183776,1183.7759999999998,Taï (South),South (Individual 66),1.480927001014105,73.42304241860838,long,3.1275629271710557,1435.0,2020.0,01,27
927,Western,Taï,South,Individual 66,27.01.20,4.70626,27,With,Build-Up,after,1,0,NV,NV,Traveling,18,0.064416,64.416,Taï (South),South (Individual 66),1.480927001014105,73.42304241860838,short,3.1275629271710557,1435.0,2020.0,01,27
927,Western,Taï,South,Individual 66,27.01.20,4.70626,27,With,Build-Up,after,1,0,NV,NV,Traveling,19,0.123266,123.266,Taï (South),South (Individual 66),1.480927001014105,73.42304241860838,short,3.1275629271710557,1435.0,2020.0,01,27
927,Western,Taï,South,Individual 66,27.01.20,4.70626,27,With,Build-Up,after,1,0,NV,NV,Traveling,20,0.16621,166.21,Taï (South),South (Individual 66),1.480927001014105,73.42304241860838,short,3.1275629271710557,1435.0,2020.0,01,27
927,Western,Taï,South,Individual 66,27.01.20,4.70626,27,With,Build-Up,after,1,0,NV,NV,Traveling,21,0.080321,80.321,Taï (South),South (Individual 66),1.480927001014105,73.42304241860838,short,3.1275629271710557,1435.0,2020.0,01,27
927,Western,Taï,South,Individual 66,27.01.20,4.70626,27,With,Build-Up,after,1,0,NV,NV,Traveling,22,0.994517,994.5169999999999,Taï (South),South (Individual 66),1.480927001014105,73.42304241860838,long,3.1275629271710557,1435.0,2020.0,01,27
927,Western,Taï,South,Individual 66,27.01.20,4.70626,27,With,Build-Up,after,1,0,NV,NV,Traveling,23,0.12688,126.88,Taï (South),South (Individual 66),1.480927001014105,73.42304241860838,short,3.1275629271710557,1435.0,2020.0,01,27
927,Western,Taï,South,Individual 66,27.01.20,4.70626,27,With,Build-Up,after,1,0,NV,NV,Traveling,24,0.11224,112.24000000000001,Taï (South),South (Individual 66),1.480927001014105,73.42304241860838,short,3.1275629271710557,1435.0,2020.0,01,27
927,Western,Taï,South,Individual 66,27.01.20,4.70626,27,With,Build-Up,after,1,0,NV,NV,Traveling,25,0.100528,100.528,Taï (South),South (Individual 66),1.480927001014105,73.42304241860838,short,3.1275629271710557,1435.0,2020.0,01,27
927,Western,Taï,South,Individual 66,27.01.20,4.70626,27,With,Build-Up,after,1,0,NV,NV,Traveling,26,0.085888,85.888,Taï (South),South (Individual 66),1.480927001014105,73.42304241860838,short,3.1275629271710557,1435.0,2020.0,01,27
931,Western,Taï,South,Individual 66,30.01.20,2.73034,16,With,Build-Up,Climax,1,2,NV,NV,Resting,1,0.080227,80.227,Taï (South),South (Individual 66),0.9141397389303991,108.5148974345664,short,1.5610588407725163,1432.0,2020.0,01,30
931,Western,Taï,South,Individual 66,30.01.20,2.73034,16,With,Build-Up,Climax,1,2,NV,NV,Resting,2,0.203652,203.652,Taï (South),South (Individual 66),0.9141397389303991,108.5148974345664,short,1.5610588407725163,1432.0,2020.0,01,30
931,Western,Taï,South,Individual 66,30.01.20,2.73034,16,With,Build-Up,Climax,1,2,NV,NV,Resting,3,0.046285,46.285,Taï (South),South (Individual 66),0.9141397389303991,108.5148974345664,short,1.5610588407725163,1432.0,2020.0,01,30
931,Western,Taï,South,Individual 66,30.01.20,2.73034,16,With,Build-Up,Climax,1,2,NV,NV,Resting,4,0.15531,155.31,Taï (South),South (Individual 66),0.9141397389303991,108.5148974345664,short,1.5610588407725163,1432.0,2020.0,01,30
931,Western,Taï,South,Individual 66,30.01.20,2.73034,16,With,Build-Up,Climax,1,2,NV,NV,Resting,5,0.041142,41.141999999999996,Taï (South),South (Individual 66),0.9141397389303991,108.5148974345664,short,1.5610588407725163,1432.0,2020.0,01,30
931,Western,Taï,South,Individual 66,30.01.20,2.73034,16,With,Build-Up,Climax,1,2,NV,NV,Resting,6,0.702735,702.735,Taï (South),South (Individual 66),0.9141397389303991,108.5148974345664,long,1.5610588407725163,1432.0,2020.0,01,30
931,Western,Taï,South,Individual 66,30.01.20,2.73034,16,With,Build-Up,Climax,1,2,NV,NV,Resting,7,0.101852,101.852,Taï (South),South (Individual 66),0.9141397389303991,108.5148974345664,short,1.5610588407725163,1432.0,2020.0,01,30
931,Western,Taï,South,Individual 66,30.01.20,2.73034,16,With,Build-Up,Climax,1,2,NV,NV,Resting,8,0.23564,235.64,Taï (South),South (Individual 66),0.9141397389303991,108.5148974345664,short,1.5610588407725163,1432.0,2020.0,01,30
931,Western,Taï,South,Individual 66,30.01.20,2.73034,16,With,Build-Up,Climax,1,2,NV,NV,Resting,9,0.035389,35.388999999999996,Taï (South),South (Individual 66),0.9141397389303991,108.5148974345664,short,1.5610588407725163,1432.0,2020.0,01,30
931,Western,Taï,South,Individual 66,30.01.20,2.73034,16,With,Build-Up,Climax,1,2,NV,NV,Resting,10,0.167451,167.451,Taï (South),South (Individual 66),0.9141397389303991,108.5148974345664,short,1.5610588407725163,1432.0,2020.0,01,30
931,Western,Taï,South,Individual 66,30.01.20,2.73034,16,With,Build-Up,Climax,1,2,NV,NV,Resting,11,0.034016,34.016,Taï (South),South (Individual 66),0.9141397389303991,108.5148974345664,short,1.5610588407725163,1432.0,2020.0,01,30
931,Western,Taï,South,Individual 66,30.01.20,2.73034,16,With,Build-Up,Climax,1,2,NV,NV,Resting,12,0.377972,377.972,Taï (South),South (Individual 66),0.9141397389303991,108.5148974345664,short,1.5610588407725163,1432.0,2020.0,01,30
931,Western,Taï,South,Individual 66,30.01.20,2.73034,16,With,Build-Up,Climax,1,2,NV,NV,Resting,13,0.214242,214.242,Taï (South),South (Individual 66),0.9141397389303991,108.5148974345664,short,1.5610588407725163,1432.0,2020.0,01,30
931,Western,Taï,South,Individual 66,30.01.20,2.73034,16,With,Build-Up,Climax,1,2,NV,NV,Resting,14,0.195082,195.082,Taï (South),South (Individual 66),0.9141397389303991,108.5148974345664,short,1.5610588407725163,1432.0,2020.0,01,30
931,Western,Taï,South,Individual 66,30.01.20,2.73034,16,With,Build-Up,Climax,1,2,NV,NV,Resting,15,0.139345,139.345,Taï (South),South (Individual 66),0.9141397389303991,108.5148974345664,short,1.5610588407725163,1432.0,2020.0,01,30
932,Western,Taï,South,Individual 66,31.01.20,0.48635,5,With,Build-Up,Climax,1,2,NV,NV,Traveling,1,0.145178,145.178,Taï (South),South (Individual 66),0.28825804856754456,53.32314291820376,short,0.0,1431.0,2020.0,01,31
932,Western,Taï,South,Individual 66,31.01.20,0.48635,5,With,Build-Up,Climax,1,2,NV,NV,Traveling,2,0.119772,119.772,Taï (South),South (Individual 66),0.28825804856754456,53.32314291820376,short,0.0,1431.0,2020.0,01,31
932,Western,Taï,South,Individual 66,31.01.20,0.48635,5,With,Build-Up,Climax,1,2,NV,NV,Traveling,3,0.06533,65.33,Taï (South),South (Individual 66),0.28825804856754456,53.32314291820376,short,0.0,1431.0,2020.0,01,31
932,Western,Taï,South,Individual 66,31.01.20,0.48635,5,With,Build-Up,Climax,1,2,NV,NV,Traveling,4,0.156067,156.067,Taï (South),South (Individual 66),0.28825804856754456,53.32314291820376,short,0.0,1431.0,2020.0,01,31
933,Western,Taï,South,Individual 66,31.01.20,0.65009,5,With,Build-Up,Build-Up,1,1,NV,NV,Traveling,1,0.104227,104.227,Taï (South),South (Individual 66),0.41211125923048214,57.81159412946769,short,0.0,1431.0,2020.0,01,31
933,Western,Taï,South,Individual 66,31.01.20,0.65009,5,With,Build-Up,Build-Up,1,1,NV,NV,Traveling,2,0.273815,273.815,Taï (South),South (Individual 66),0.41211125923048214,57.81159412946769,short,0.0,1431.0,2020.0,01,31
933,Western,Taï,South,Individual 66,31.01.20,0.65009,5,With,Build-Up,Build-Up,1,1,NV,NV,Traveling,3,0.155457,155.45700000000002,Taï (South),South (Individual 66),0.41211125923048214,57.81159412946769,short,0.0,1431.0,2020.0,01,31
933,Western,Taï,South,Individual 66,31.01.20,0.65009,5,With,Build-Up,Build-Up,1,1,NV,NV,Traveling,4,0.116592,116.592,Taï (South),South (Individual 66),0.41211125923048214,57.81159412946769,short,0.0,1431.0,2020.0,01,31
935,Western,Taï,South,Individual 66,06.02.20,0.61806,7,With,Build-Up,Build-Up,1,1,NV,NV,Traveling,1,0.081471,81.471,Taï (South),South (Individual 66),0.21969251554151453,32.73784368029212,short,0.0,1425.0,2020.0,02,06
935,Western,Taï,South,Individual 66,06.02.20,0.61806,7,With,Build-Up,Build-Up,1,1,NV,NV,Traveling,2,0.137658,137.65800000000002,Taï (South),South (Individual 66),0.21969251554151453,32.73784368029212,short,0.0,1425.0,2020.0,02,06
935,Western,Taï,South,Individual 66,06.02.20,0.61806,7,With,Build-Up,Build-Up,1,1,NV,NV,Traveling,3,0.112374,112.374,Taï (South),South (Individual 66),0.21969251554151453,32.73784368029212,short,0.0,1425.0,2020.0,02,06
935,Western,Taï,South,Individual 66,06.02.20,0.61806,7,With,Build-Up,Build-Up,1,1,NV,NV,Traveling,4,0.092708,92.708,Taï (South),South (Individual 66),0.21969251554151453,32.73784368029212,short,0.0,1425.0,2020.0,02,06
935,Western,Taï,South,Individual 66,06.02.20,0.61806,7,With,Build-Up,Build-Up,1,1,NV,NV,Traveling,5,0.073043,73.04299999999999,Taï (South),South (Individual 66),0.21969251554151453,32.73784368029212,short,0.0,1425.0,2020.0,02,06
935,Western,Taï,South,Individual 66,06.02.20,0.61806,7,With,Build-Up,Build-Up,1,1,NV,NV,Traveling,6,0.120802,120.802,Taï (South),South (Individual 66),0.21969251554151453,32.73784368029212,short,0.0,1425.0,2020.0,02,06
936,Western,Taï,South,Individual 66,09.02.20,0.59753,7,With,Build-Up,Build-Up,1,1,NV,NV,Traveling,1,0.1385,138.5,Taï (South),South (Individual 66),0.3703864889684767,70.48549459208698,short,0.0,1422.0,2020.0,02,09
936,Western,Taï,South,Individual 66,09.02.20,0.59753,7,With,Build-Up,Build-Up,1,1,NV,NV,Traveling,2,0.057379,57.379,Taï (South),South (Individual 66),0.3703864889684767,70.48549459208698,short,0.0,1422.0,2020.0,02,09
936,Western,Taï,South,Individual 66,09.02.20,0.59753,7,With,Build-Up,Build-Up,1,1,NV,NV,Traveling,3,0.148393,148.393,Taï (South),South (Individual 66),0.3703864889684767,70.48549459208698,short,0.0,1422.0,2020.0,02,09
936,Western,Taï,South,Individual 66,09.02.20,0.59753,7,With,Build-Up,Build-Up,1,1,NV,NV,Traveling,4,0.071229,71.229,Taï (South),South (Individual 66),0.3703864889684767,70.48549459208698,short,0.0,1422.0,2020.0,02,09
936,Western,Taï,South,Individual 66,09.02.20,0.59753,7,With,Build-Up,Build-Up,1,1,NV,NV,Traveling,5,0.118714,118.714,Taï (South),South (Individual 66),0.3703864889684767,70.48549459208698,short,0.0,1422.0,2020.0,02,09
936,Western,Taï,South,Individual 66,09.02.20,0.59753,7,With,Build-Up,Build-Up,1,1,NV,NV,Traveling,6,0.063314,63.31399999999999,Taï (South),South (Individual 66),0.3703864889684767,70.48549459208698,short,0.0,1422.0,2020.0,02,09
937,Western,Taï,South,Individual 66,09.02.20,1.88836,8,With,Build-Up,Climax,1,2,NV,NV,Traveling,1,0.218268,218.268,Taï (South),South (Individual 66),1.2855959581680687,80.01314630575283,short,1.544783155738533,1422.0,2020.0,02,09
937,Western,Taï,South,Individual 66,09.02.20,1.88836,8,With,Build-Up,Climax,1,2,NV,NV,Traveling,2,0.210541,210.541,Taï (South),South (Individual 66),1.2855959581680687,80.01314630575283,short,1.544783155738533,1422.0,2020.0,02,09
937,Western,Taï,South,Individual 66,09.02.20,1.88836,8,With,Build-Up,Climax,1,2,NV,NV,Traveling,3,0.106236,106.23599999999999,Taï (South),South (Individual 66),1.2855959581680687,80.01314630575283,short,1.544783155738533,1422.0,2020.0,02,09
937,Western,Taï,South,Individual 66,09.02.20,1.88836,8,With,Build-Up,Climax,1,2,NV,NV,Traveling,4,0.083058,83.058,Taï (South),South (Individual 66),1.2855959581680687,80.01314630575283,short,1.544783155738533,1422.0,2020.0,02,09
937,Western,Taï,South,Individual 66,09.02.20,1.88836,8,With,Build-Up,Climax,1,2,NV,NV,Traveling,5,1.107822,1107.8220000000001,Taï (South),South (Individual 66),1.2855959581680687,80.01314630575283,long,1.544783155738533,1422.0,2020.0,02,09
937,Western,Taï,South,Individual 66,09.02.20,1.88836,8,With,Build-Up,Climax,1,2,NV,NV,Traveling,6,0.100414,100.414,Taï (South),South (Individual 66),1.2855959581680687,80.01314630575283,short,1.544783155738533,1422.0,2020.0,02,09
937,Western,Taï,South,Individual 66,09.02.20,1.88836,8,With,Build-Up,Climax,1,2,NV,NV,Traveling,7,0.06202,62.019999999999996,Taï (South),South (Individual 66),1.2855959581680687,80.01314630575283,short,1.544783155738533,1422.0,2020.0,02,09
938,Western,Taï,South,Individual 66,09.02.20,0.97467,8,With,Build-Up,Build-Up,1,1,NV,NV,Traveling,1,0.173904,173.904,Taï (South),South (Individual 66),0.5161836075099457,99.42663721673597,short,0.0,1422.0,2020.0,02,09
938,Western,Taï,South,Individual 66,09.02.20,0.97467,8,With,Build-Up,Build-Up,1,1,NV,NV,Traveling,2,0.154582,154.582,Taï (South),South (Individual 66),0.5161836075099457,99.42663721673597,short,0.0,1422.0,2020.0,02,09
938,Western,Taï,South,Individual 66,09.02.20,0.97467,8,With,Build-Up,Build-Up,1,1,NV,NV,Traveling,3,0.031976,31.976,Taï (South),South (Individual 66),0.5161836075099457,99.42663721673597,short,0.0,1422.0,2020.0,02,09
938,Western,Taï,South,Individual 66,09.02.20,0.97467,8,With,Build-Up,Build-Up,1,1,NV,NV,Traveling,4,0.183271,183.271,Taï (South),South (Individual 66),0.5161836075099457,99.42663721673597,short,0.0,1422.0,2020.0,02,09
938,Western,Taï,South,Individual 66,09.02.20,0.97467,8,With,Build-Up,Build-Up,1,1,NV,NV,Traveling,5,0.024766,24.766,Taï (South),South (Individual 66),0.5161836075099457,99.42663721673597,short,0.0,1422.0,2020.0,02,09
938,Western,Taï,South,Individual 66,09.02.20,0.97467,8,With,Build-Up,Build-Up,1,1,NV,NV,Traveling,6,0.206387,206.387,Taï (South),South (Individual 66),0.5161836075099457,99.42663721673597,short,0.0,1422.0,2020.0,02,09
938,Western,Taï,South,Individual 66,09.02.20,0.97467,8,With,Build-Up,Build-Up,1,1,NV,NV,Traveling,7,0.199782,199.78199999999998,Taï (South),South (Individual 66),0.5161836075099457,99.42663721673597,short,0.0,1422.0,2020.0,02,09
939,Western,Taï,South,Individual 66,09.02.20,0.54108,7,With,Build-Up,Build-Up,1,1,NV,NV,Traveling,1,0.057972,57.972,Taï (South),South (Individual 66),0.25598817620346287,28.981713031982792,short,0.0,1422.0,2020.0,02,09
939,Western,Taï,South,Individual 66,09.02.20,0.54108,7,With,Build-Up,Build-Up,1,1,NV,NV,Traveling,2,0.085578,85.578,Taï (South),South (Individual 66),0.25598817620346287,28.981713031982792,short,0.0,1422.0,2020.0,02,09
939,Western,Taï,South,Individual 66,09.02.20,0.54108,7,With,Build-Up,Build-Up,1,1,NV,NV,Traveling,3,0.09478,94.78,Taï (South),South (Individual 66),0.25598817620346287,28.981713031982792,short,0.0,1422.0,2020.0,02,09
939,Western,Taï,South,Individual 66,09.02.20,0.54108,7,With,Build-Up,Build-Up,1,1,NV,NV,Traveling,4,0.091099,91.099,Taï (South),South (Individual 66),0.25598817620346287,28.981713031982792,short,0.0,1422.0,2020.0,02,09
939,Western,Taï,South,Individual 66,09.02.20,0.54108,7,With,Build-Up,Build-Up,1,1,NV,NV,Traveling,5,0.134349,134.349,Taï (South),South (Individual 66),0.25598817620346287,28.981713031982792,short,0.0,1422.0,2020.0,02,09
939,Western,Taï,South,Individual 66,09.02.20,0.54108,7,With,Build-Up,Build-Up,1,1,NV,NV,Traveling,6,0.077296,77.296,Taï (South),South (Individual 66),0.25598817620346287,28.981713031982792,short,0.0,1422.0,2020.0,02,09
947,Western,Nimba,Tongbongbon,Individual 72,13.12.12,1.00278,5,With,Build-Up,Build-Up,1,1,NV,NV,Traveling,1,0.245082,245.082,Nimba (Tongbongbon),Tongbongbon (Individual 72),0.05852400295882234,8.971586128848262,long,0.0,4036.0,2012.0,12,13
947,Western,Nimba,Tongbongbon,Individual 72,13.12.12,1.00278,5,With,Build-Up,Build-Up,1,1,NV,NV,Traveling,2,0.275016,275.01599999999996,Nimba (Tongbongbon),Tongbongbon (Individual 72),0.05852400295882234,8.971586128848262,long,0.0,4036.0,2012.0,12,13
947,Western,Nimba,Tongbongbon,Individual 72,13.12.12,1.00278,5,With,Build-Up,Build-Up,1,1,NV,NV,Traveling,3,0.246953,246.953,Nimba (Tongbongbon),Tongbongbon (Individual 72),0.05852400295882234,8.971586128848262,long,0.0,4036.0,2012.0,12,13
947,Western,Nimba,Tongbongbon,Individual 72,13.12.12,1.00278,5,With,Build-Up,Build-Up,1,1,NV,NV,Traveling,4,0.235728,235.72799999999998,Nimba (Tongbongbon),Tongbongbon (Individual 72),0.05852400295882234,8.971586128848262,long,0.0,4036.0,2012.0,12,13
948,Western,Nimba,Tongbongbon,Individual 72,03.02.12,1.10949,8,With,Build-Up,Climax,1,2,NV,NV,Traveling,1,0.215863,215.863,Nimba (Tongbongbon),Tongbongbon (Individual 72),0.36746331162657414,64.81362231701914,long,3.4170300778499563,4350.0,2012.0,02,03
948,Western,Nimba,Tongbongbon,Individual 72,03.02.12,1.10949,8,With,Build-Up,Climax,1,2,NV,NV,Traveling,2,0.111413,111.413,Nimba (Tongbongbon),Tongbongbon (Individual 72),0.36746331162657414,64.81362231701914,short,3.4170300778499563,4350.0,2012.0,02,03
948,Western,Nimba,Tongbongbon,Individual 72,03.02.12,1.10949,8,With,Build-Up,Climax,1,2,NV,NV,Traveling,3,0.155514,155.514,Nimba (Tongbongbon),Tongbongbon (Individual 72),0.36746331162657414,64.81362231701914,short,3.4170300778499563,4350.0,2012.0,02,03
948,Western,Nimba,Tongbongbon,Individual 72,03.02.12,1.10949,8,With,Build-Up,Climax,1,2,NV,NV,Traveling,4,0.192652,192.652,Nimba (Tongbongbon),Tongbongbon (Individual 72),0.36746331162657414,64.81362231701914,long,3.4170300778499563,4350.0,2012.0,02,03
948,Western,Nimba,Tongbongbon,Individual 72,03.02.12,1.10949,8,With,Build-Up,Climax,1,2,NV,NV,Traveling,5,0.04178,41.78,Nimba (Tongbongbon),Tongbongbon (Individual 72),0.36746331162657414,64.81362231701914,short,3.4170300778499563,4350.0,2012.0,02,03
948,Western,Nimba,Tongbongbon,Individual 72,03.02.12,1.10949,8,With,Build-Up,Climax,1,2,NV,NV,Traveling,6,0.178725,178.725,Nimba (Tongbongbon),Tongbongbon (Individual 72),0.36746331162657414,64.81362231701914,long,3.4170300778499563,4350.0,2012.0,02,03
948,Western,Nimba,Tongbongbon,Individual 72,03.02.12,1.10949,8,With,Build-Up,Climax,1,2,NV,NV,Traveling,7,0.213542,213.542,Nimba (Tongbongbon),Tongbongbon (Individual 72),0.36746331162657414,64.81362231701914,long,3.4170300778499563,4350.0,2012.0,02,03
949,Western,Nimba,Tongbongbon,Individual 75,24.09.13,0.29803,3,With,Build-Up,Build-Up,1,1,NV,NV,Traveling,1,0.168451,168.451,Nimba (Tongbongbon),Tongbongbon (Individual 75),0.13043361552063723,26.086723104127447,short,0.0,3751.0,2013.0,09,24
949,Western,Nimba,Tongbongbon,Individual 75,24.09.13,0.29803,3,With,Build-Up,Build-Up,1,1,NV,NV,Traveling,2,0.129578,129.578,Nimba (Tongbongbon),Tongbongbon (Individual 75),0.13043361552063723,26.086723104127447,short,0.0,3751.0,2013.0,09,24
950,Western,Nimba,Tongbongbon,Individual 72,05.01.14,1.23537,8,With,Build-Up,Build-Up,1,1,NV,NV,Traveling,1,0.291706,291.706,Nimba (Tongbongbon),Tongbongbon (Individual 72),0.48406522908322175,59.93934049878542,long,3.4170300778499563,3648.0,2014.0,01,05
950,Western,Nimba,Tongbongbon,Individual 72,05.01.14,1.23537,8,With,Build-Up,Build-Up,1,1,NV,NV,Traveling,2,0.116364,116.36399999999999,Nimba (Tongbongbon),Tongbongbon (Individual 72),0.48406522908322175,59.93934049878542,short,3.4170300778499563,3648.0,2014.0,01,05
950,Western,Nimba,Tongbongbon,Individual 72,05.01.14,1.23537,8,With,Build-Up,Build-Up,1,1,NV,NV,Traveling,3,0.090859,90.859,Nimba (Tongbongbon),Tongbongbon (Individual 72),0.48406522908322175,59.93934049878542,short,3.4170300778499563,3648.0,2014.0,01,05
950,Western,Nimba,Tongbongbon,Individual 72,05.01.14,1.23537,8,With,Build-Up,Build-Up,1,1,NV,NV,Traveling,4,0.168966,168.966,Nimba (Tongbongbon),Tongbongbon (Individual 72),0.48406522908322175,59.93934049878542,long,3.4170300778499563,3648.0,2014.0,01,05
950,Western,Nimba,Tongbongbon,Individual 72,05.01.14,1.23537,8,With,Build-Up,Build-Up,1,1,NV,NV,Traveling,5,0.28533,285.33,Nimba (Tongbongbon),Tongbongbon (Individual 72),0.48406522908322175,59.93934049878542,long,3.4170300778499563,3648.0,2014.0,01,05
950,Western,Nimba,Tongbongbon,Individual 72,05.01.14,1.23537,8,With,Build-Up,Build-Up,1,1,NV,NV,Traveling,6,0.219975,219.975,Nimba (Tongbongbon),Tongbongbon (Individual 72),0.48406522908322175,59.93934049878542,long,3.4170300778499563,3648.0,2014.0,01,05
950,Western,Nimba,Tongbongbon,Individual 72,05.01.14,1.23537,8,With,Build-Up,Build-Up,1,1,NV,NV,Traveling,7,0.062167,62.167,Nimba (Tongbongbon),Tongbongbon (Individual 72),0.48406522908322175,59.93934049878542,short,3.4170300778499563,3648.0,2014.0,01,05
951,Western,Nimba,Tongbongbon,Individual 72,07.01.14,1.21267,6,With,Build-Up,Climax,1,2,NV,NV,Traveling,1,0.239047,239.047,Nimba (Tongbongbon),Tongbongbon (Individual 72),0.4460434838062492,47.10039408174905,long,2.579470570797252,3646.0,2014.0,01,07
951,Western,Nimba,Tongbongbon,Individual 72,07.01.14,1.21267,6,With,Build-Up,Climax,1,2,NV,NV,Traveling,2,0.122014,122.014,Nimba (Tongbongbon),Tongbongbon (Individual 72),0.4460434838062492,47.10039408174905,short,2.579470570797252,3646.0,2014.0,01,07
951,Western,Nimba,Tongbongbon,Individual 72,07.01.14,1.21267,6,With,Build-Up,Climax,1,2,NV,NV,Traveling,3,0.126994,126.994,Nimba (Tongbongbon),Tongbongbon (Individual 72),0.4460434838062492,47.10039408174905,short,2.579470570797252,3646.0,2014.0,01,07
951,Western,Nimba,Tongbongbon,Individual 72,07.01.14,1.21267,6,With,Build-Up,Climax,1,2,NV,NV,Traveling,4,0.393432,393.432,Nimba (Tongbongbon),Tongbongbon (Individual 72),0.4460434838062492,47.10039408174905,medium,2.579470570797252,3646.0,2014.0,01,07
951,Western,Nimba,Tongbongbon,Individual 72,07.01.14,1.21267,6,With,Build-Up,Climax,1,2,NV,NV,Traveling,5,0.33118,331.17999999999995,Nimba (Tongbongbon),Tongbongbon (Individual 72),0.4460434838062492,47.10039408174905,long,2.579470570797252,3646.0,2014.0,01,07
952,Western,Nimba,Tongbongbon,Individual 75,09.06.20,2.2282,8,With,Build-Up,after,1,0,NV,NV,Traveling,1,0.177137,177.137,Nimba (Tongbongbon),Tongbongbon (Individual 75),1.376938364581148,93.97523912367382,short,1.544783155738533,1301.0,2020.0,06,09
952,Western,Nimba,Tongbongbon,Individual 75,09.06.20,2.2282,8,With,Build-Up,after,1,0,NV,NV,Traveling,2,0.09323,93.22999999999999,Nimba (Tongbongbon),Tongbongbon (Individual 75),1.376938364581148,93.97523912367382,short,1.544783155738533,1301.0,2020.0,06,09
952,Western,Nimba,Tongbongbon,Individual 75,09.06.20,2.2282,8,With,Build-Up,after,1,0,NV,NV,Traveling,3,1.386018,1386.018,Nimba (Tongbongbon),Tongbongbon (Individual 75),1.376938364581148,93.97523912367382,long,1.544783155738533,1301.0,2020.0,06,09
952,Western,Nimba,Tongbongbon,Individual 75,09.06.20,2.2282,8,With,Build-Up,after,1,0,NV,NV,Traveling,4,0.080799,80.79899999999999,Nimba (Tongbongbon),Tongbongbon (Individual 75),1.376938364581148,93.97523912367382,short,1.544783155738533,1301.0,2020.0,06,09
952,Western,Nimba,Tongbongbon,Individual 75,09.06.20,2.2282,8,With,Build-Up,after,1,0,NV,NV,Traveling,5,0.226859,226.859,Nimba (Tongbongbon),Tongbongbon (Individual 75),1.376938364581148,93.97523912367382,short,1.544783155738533,1301.0,2020.0,06,09
952,Western,Nimba,Tongbongbon,Individual 75,09.06.20,2.2282,8,With,Build-Up,after,1,0,NV,NV,Traveling,6,0.13363,133.63,Nimba (Tongbongbon),Tongbongbon (Individual 75),1.376938364581148,93.97523912367382,short,1.544783155738533,1301.0,2020.0,06,09
952,Western,Nimba,Tongbongbon,Individual 75,09.06.20,2.2282,8,With,Build-Up,after,1,0,NV,NV,Traveling,7,0.130522,130.522,Nimba (Tongbongbon),Tongbongbon (Individual 75),1.376938364581148,93.97523912367382,short,1.544783155738533,1301.0,2020.0,06,09
954,Western,Nimba,Tongbongbon,Individual 72,09.06.20,1.36932,6,With,Build-Up,Climax,1,2,NV,NV,Traveling,1,0.182867,182.867,Nimba (Tongbongbon),Tongbongbon (Individual 72),0.5717496055767597,68.65794106548893,long,2.579470570797252,1301.0,2020.0,06,09
954,Western,Nimba,Tongbongbon,Individual 72,09.06.20,1.36932,6,With,Build-Up,Climax,1,2,NV,NV,Traveling,2,0.113203,113.203,Nimba (Tongbongbon),Tongbongbon (Individual 72),0.5717496055767597,68.65794106548893,short,2.579470570797252,1301.0,2020.0,06,09
954,Western,Nimba,Tongbongbon,Individual 72,09.06.20,1.36932,6,With,Build-Up,Climax,1,2,NV,NV,Traveling,3,0.468052,468.052,Nimba (Tongbongbon),Tongbongbon (Individual 72),0.5717496055767597,68.65794106548893,medium,2.579470570797252,1301.0,2020.0,06,09
954,Western,Nimba,Tongbongbon,Individual 72,09.06.20,1.36932,6,With,Build-Up,Climax,1,2,NV,NV,Traveling,4,0.459344,459.344,Nimba (Tongbongbon),Tongbongbon (Individual 72),0.5717496055767597,68.65794106548893,medium,2.579470570797252,1301.0,2020.0,06,09
954,Western,Nimba,Tongbongbon,Individual 72,09.06.20,1.36932,6,With,Build-Up,Climax,1,2,NV,NV,Traveling,5,0.145858,145.85799999999998,Nimba (Tongbongbon),Tongbongbon (Individual 72),0.5717496055767597,68.65794106548893,short,2.579470570797252,1301.0,2020.0,06,09
955,Western,Nimba,Tongbongbon,Individual 74,09.06.20,1.98142,13,With,Build-Up,Climax,1,2,NV,NV,Resting,1,0.100917,100.917,Nimba (Tongbongbon),Tongbongbon (Individual 74),0.4115586039664304,54.31926777963077,short,0.0,1301.0,2020.0,06,09
955,Western,Nimba,Tongbongbon,Individual 74,09.06.20,1.98142,13,With,Build-Up,Climax,1,2,NV,NV,Resting,2,0.275675,275.675,Nimba (Tongbongbon),Tongbongbon (Individual 74),0.4115586039664304,54.31926777963077,short,0.0,1301.0,2020.0,06,09
955,Western,Nimba,Tongbongbon,Individual 74,09.06.20,1.98142,13,With,Build-Up,Climax,1,2,NV,NV,Resting,3,0.221525,221.525,Nimba (Tongbongbon),Tongbongbon (Individual 74),0.4115586039664304,54.31926777963077,short,0.0,1301.0,2020.0,06,09
955,Western,Nimba,Tongbongbon,Individual 74,09.06.20,1.98142,13,With,Build-Up,Climax,1,2,NV,NV,Resting,4,0.196911,196.911,Nimba (Tongbongbon),Tongbongbon (Individual 74),0.4115586039664304,54.31926777963077,short,0.0,1301.0,2020.0,06,09
955,Western,Nimba,Tongbongbon,Individual 74,09.06.20,1.98142,13,With,Build-Up,Climax,1,2,NV,NV,Resting,5,0.280598,280.598,Nimba (Tongbongbon),Tongbongbon (Individual 74),0.4115586039664304,54.31926777963077,short,0.0,1301.0,2020.0,06,09
955,Western,Nimba,Tongbongbon,Individual 74,09.06.20,1.98142,13,With,Build-Up,Climax,1,2,NV,NV,Resting,6,0.113224,113.224,Nimba (Tongbongbon),Tongbongbon (Individual 74),0.4115586039664304,54.31926777963077,short,0.0,1301.0,2020.0,06,09
955,Western,Nimba,Tongbongbon,Individual 74,09.06.20,1.98142,13,With,Build-Up,Climax,1,2,NV,NV,Resting,7,0.140299,140.299,Nimba (Tongbongbon),Tongbongbon (Individual 74),0.4115586039664304,54.31926777963077,short,0.0,1301.0,2020.0,06,09
955,Western,Nimba,Tongbongbon,Individual 74,09.06.20,1.98142,13,With,Build-Up,Climax,1,2,NV,NV,Resting,8,0.184604,184.60399999999998,Nimba (Tongbongbon),Tongbongbon (Individual 74),0.4115586039664304,54.31926777963077,short,0.0,1301.0,2020.0,06,09
955,Western,Nimba,Tongbongbon,Individual 74,09.06.20,1.98142,13,With,Build-Up,Climax,1,2,NV,NV,Resting,9,0.068919,68.919,Nimba (Tongbongbon),Tongbongbon (Individual 74),0.4115586039664304,54.31926777963077,short,0.0,1301.0,2020.0,06,09
955,Western,Nimba,Tongbongbon,Individual 74,09.06.20,1.98142,13,With,Build-Up,Climax,1,2,NV,NV,Resting,10,0.14276,142.76,Nimba (Tongbongbon),Tongbongbon (Individual 74),0.4115586039664304,54.31926777963077,short,0.0,1301.0,2020.0,06,09
955,Western,Nimba,Tongbongbon,Individual 74,09.06.20,1.98142,13,With,Build-Up,Climax,1,2,NV,NV,Resting,11,0.076303,76.303,Nimba (Tongbongbon),Tongbongbon (Individual 74),0.4115586039664304,54.31926777963077,short,0.0,1301.0,2020.0,06,09
955,Western,Nimba,Tongbongbon,Individual 74,09.06.20,1.98142,13,With,Build-Up,Climax,1,2,NV,NV,Resting,12,0.179681,179.681,Nimba (Tongbongbon),Tongbongbon (Individual 74),0.4115586039664304,54.31926777963077,short,0.0,1301.0,2020.0,06,09
956,Western,Nimba,Tongbongbon,Individual 74,09.06.20,2.92481,13,Without,0,0,0,0,NV,NV,Traveling,1,0.05114,51.14,Nimba (Tongbongbon),Tongbongbon (Individual 74),0.6455589479512448,66.96713889306815,short,0.0,1301.0,2020.0,06,09
956,Western,Nimba,Tongbongbon,Individual 74,09.06.20,2.92481,13,Without,0,0,0,0,NV,NV,Traveling,2,0.140634,140.63400000000001,Nimba (Tongbongbon),Tongbongbon (Individual 74),0.6455589479512448,66.96713889306815,short,0.0,1301.0,2020.0,06,09
956,Western,Nimba,Tongbongbon,Individual 74,09.06.20,2.92481,13,Without,0,0,0,0,NV,NV,Traveling,3,0.105476,105.476,Nimba (Tongbongbon),Tongbongbon (Individual 74),0.6455589479512448,66.96713889306815,short,0.0,1301.0,2020.0,06,09
956,Western,Nimba,Tongbongbon,Individual 74,09.06.20,2.92481,13,Without,0,0,0,0,NV,NV,Traveling,4,0.55934,559.3399999999999,Nimba (Tongbongbon),Tongbongbon (Individual 74),0.6455589479512448,66.96713889306815,short,0.0,1301.0,2020.0,06,09
956,Western,Nimba,Tongbongbon,Individual 74,09.06.20,2.92481,13,Without,0,0,0,0,NV,NV,Traveling,5,0.137438,137.43800000000002,Nimba (Tongbongbon),Tongbongbon (Individual 74),0.6455589479512448,66.96713889306815,short,0.0,1301.0,2020.0,06,09
956,Western,Nimba,Tongbongbon,Individual 74,09.06.20,2.92481,13,Without,0,0,0,0,NV,NV,Traveling,6,0.281268,281.26800000000003,Nimba (Tongbongbon),Tongbongbon (Individual 74),0.6455589479512448,66.96713889306815,short,0.0,1301.0,2020.0,06,09
956,Western,Nimba,Tongbongbon,Individual 74,09.06.20,2.92481,13,Without,0,0,0,0,NV,NV,Traveling,7,0.265287,265.287,Nimba (Tongbongbon),Tongbongbon (Individual 74),0.6455589479512448,66.96713889306815,short,0.0,1301.0,2020.0,06,09
956,Western,Nimba,Tongbongbon,Individual 74,09.06.20,2.92481,13,Without,0,0,0,0,NV,NV,Traveling,8,0.432328,432.328,Nimba (Tongbongbon),Tongbongbon (Individual 74),0.6455589479512448,66.96713889306815,short,0.0,1301.0,2020.0,06,09
956,Western,Nimba,Tongbongbon,Individual 74,09.06.20,2.92481,13,Without,0,0,0,0,NV,NV,Traveling,9,0.474218,474.21799999999996,Nimba (Tongbongbon),Tongbongbon (Individual 74),0.6455589479512448,66.96713889306815,short,0.0,1301.0,2020.0,06,09
956,Western,Nimba,Tongbongbon,Individual 74,09.06.20,2.92481,13,Without,0,0,0,0,NV,NV,Traveling,10,0.162688,162.688,Nimba (Tongbongbon),Tongbongbon (Individual 74),0.6455589479512448,66.96713889306815,short,0.0,1301.0,2020.0,06,09
956,Western,Nimba,Tongbongbon,Individual 74,09.06.20,2.92481,13,Without,0,0,0,0,NV,NV,Traveling,11,0.096921,96.92099999999999,Nimba (Tongbongbon),Tongbongbon (Individual 74),0.6455589479512448,66.96713889306815,short,0.0,1301.0,2020.0,06,09
956,Western,Nimba,Tongbongbon,Individual 74,09.06.20,2.92481,13,Without,0,0,0,0,NV,NV,Traveling,12,0.218071,218.071,Nimba (Tongbongbon),Tongbongbon (Individual 74),0.6455589479512448,66.96713889306815,short,0.0,1301.0,2020.0,06,09
957,Western,Nimba,Tongbongbon,Individual 76,09.06.20,2.90835,14,With,Build-Up,after,1,0,NV,NV,Traveling,1,0.051606,51.606,Nimba (Tongbongbon),Tongbongbon (Individual 76),0.5669977695198735,58.08596370127871,short,0.0,1301.0,2020.0,06,09
957,Western,Nimba,Tongbongbon,Individual 76,09.06.20,2.90835,14,With,Build-Up,after,1,0,NV,NV,Traveling,2,0.1327,132.70000000000002,Nimba (Tongbongbon),Tongbongbon (Individual 76),0.5669977695198735,58.08596370127871,short,0.0,1301.0,2020.0,06,09
957,Western,Nimba,Tongbongbon,Individual 76,09.06.20,2.90835,14,With,Build-Up,after,1,0,NV,NV,Traveling,3,0.106897,106.897,Nimba (Tongbongbon),Tongbongbon (Individual 76),0.5669977695198735,58.08596370127871,short,0.0,1301.0,2020.0,06,09
957,Western,Nimba,Tongbongbon,Individual 76,09.06.20,2.90835,14,With,Build-Up,after,1,0,NV,NV,Traveling,4,0.353867,353.86699999999996,Nimba (Tongbongbon),Tongbongbon (Individual 76),0.5669977695198735,58.08596370127871,short,0.0,1301.0,2020.0,06,09
957,Western,Nimba,Tongbongbon,Individual 76,09.06.20,2.90835,14,With,Build-Up,after,1,0,NV,NV,Traveling,5,0.213795,213.79500000000002,Nimba (Tongbongbon),Tongbongbon (Individual 76),0.5669977695198735,58.08596370127871,short,0.0,1301.0,2020.0,06,09
957,Western,Nimba,Tongbongbon,Individual 76,09.06.20,2.90835,14,With,Build-Up,after,1,0,NV,NV,Traveling,6,0.125328,125.32799999999999,Nimba (Tongbongbon),Tongbongbon (Individual 76),0.5669977695198735,58.08596370127871,short,0.0,1301.0,2020.0,06,09
957,Western,Nimba,Tongbongbon,Individual 76,09.06.20,2.90835,14,With,Build-Up,after,1,0,NV,NV,Traveling,7,0.287517,287.517,Nimba (Tongbongbon),Tongbongbon (Individual 76),0.5669977695198735,58.08596370127871,short,0.0,1301.0,2020.0,06,09
957,Western,Nimba,Tongbongbon,Individual 76,09.06.20,2.90835,14,With,Build-Up,after,1,0,NV,NV,Traveling,8,0.261714,261.714,Nimba (Tongbongbon),Tongbongbon (Individual 76),0.5669977695198735,58.08596370127871,short,0.0,1301.0,2020.0,06,09
957,Western,Nimba,Tongbongbon,Individual 76,09.06.20,2.90835,14,With,Build-Up,after,1,0,NV,NV,Traveling,9,0.42759,427.59000000000003,Nimba (Tongbongbon),Tongbongbon (Individual 76),0.5669977695198735,58.08596370127871,short,0.0,1301.0,2020.0,06,09
957,Western,Nimba,Tongbongbon,Individual 76,09.06.20,2.90835,14,With,Build-Up,after,1,0,NV,NV,Traveling,10,0.475509,475.509,Nimba (Tongbongbon),Tongbongbon (Individual 76),0.5669977695198735,58.08596370127871,short,0.0,1301.0,2020.0,06,09
957,Western,Nimba,Tongbongbon,Individual 76,09.06.20,2.90835,14,With,Build-Up,after,1,0,NV,NV,Traveling,11,0.169561,169.56099999999998,Nimba (Tongbongbon),Tongbongbon (Individual 76),0.5669977695198735,58.08596370127871,short,0.0,1301.0,2020.0,06,09
957,Western,Nimba,Tongbongbon,Individual 76,09.06.20,2.90835,14,With,Build-Up,after,1,0,NV,NV,Traveling,12,0.092153,92.153,Nimba (Tongbongbon),Tongbongbon (Individual 76),0.5669977695198735,58.08596370127871,short,0.0,1301.0,2020.0,06,09
957,Western,Nimba,Tongbongbon,Individual 76,09.06.20,2.90835,14,With,Build-Up,after,1,0,NV,NV,Traveling,13,0.210109,210.10899999999998,Nimba (Tongbongbon),Tongbongbon (Individual 76),0.5669977695198735,58.08596370127871,short,0.0,1301.0,2020.0,06,09
959,Western,Nimba,Tongbongbon,Individual 74,26.10.21,1.8949,11,With,Build-Up,Climax,1,2,NV,NV,Traveling,1,0.200448,200.44799999999998,Nimba (Tongbongbon),Tongbongbon (Individual 74),0.2706017884706862,43.11464557053688,short,0.0,797.0,2021.0,10,26
959,Western,Nimba,Tongbongbon,Individual 74,26.10.21,1.8949,11,With,Build-Up,Climax,1,2,NV,NV,Traveling,2,0.096215,96.21499999999999,Nimba (Tongbongbon),Tongbongbon (Individual 74),0.2706017884706862,43.11464557053688,short,0.0,797.0,2021.0,10,26
959,Western,Nimba,Tongbongbon,Individual 74,26.10.21,1.8949,11,With,Build-Up,Climax,1,2,NV,NV,Traveling,3,0.259246,259.246,Nimba (Tongbongbon),Tongbongbon (Individual 74),0.2706017884706862,43.11464557053688,short,0.0,797.0,2021.0,10,26
959,Western,Nimba,Tongbongbon,Individual 74,26.10.21,1.8949,11,With,Build-Up,Climax,1,2,NV,NV,Traveling,4,0.160358,160.358,Nimba (Tongbongbon),Tongbongbon (Individual 74),0.2706017884706862,43.11464557053688,short,0.0,797.0,2021.0,10,26
959,Western,Nimba,Tongbongbon,Individual 74,26.10.21,1.8949,11,With,Build-Up,Climax,1,2,NV,NV,Traveling,5,0.155013,155.013,Nimba (Tongbongbon),Tongbongbon (Individual 74),0.2706017884706862,43.11464557053688,short,0.0,797.0,2021.0,10,26
959,Western,Nimba,Tongbongbon,Individual 74,26.10.21,1.8949,11,With,Build-Up,Climax,1,2,NV,NV,Traveling,6,0.213811,213.811,Nimba (Tongbongbon),Tongbongbon (Individual 74),0.2706017884706862,43.11464557053688,short,0.0,797.0,2021.0,10,26
959,Western,Nimba,Tongbongbon,Individual 74,26.10.21,1.8949,11,With,Build-Up,Climax,1,2,NV,NV,Traveling,7,0.211138,211.138,Nimba (Tongbongbon),Tongbongbon (Individual 74),0.2706017884706862,43.11464557053688,short,0.0,797.0,2021.0,10,26
959,Western,Nimba,Tongbongbon,Individual 74,26.10.21,1.8949,11,With,Build-Up,Climax,1,2,NV,NV,Traveling,8,0.144323,144.323,Nimba (Tongbongbon),Tongbongbon (Individual 74),0.2706017884706862,43.11464557053688,short,0.0,797.0,2021.0,10,26
959,Western,Nimba,Tongbongbon,Individual 74,26.10.21,1.8949,11,With,Build-Up,Climax,1,2,NV,NV,Traveling,9,0.275282,275.28200000000004,Nimba (Tongbongbon),Tongbongbon (Individual 74),0.2706017884706862,43.11464557053688,short,0.0,797.0,2021.0,10,26
959,Western,Nimba,Tongbongbon,Individual 74,26.10.21,1.8949,11,With,Build-Up,Climax,1,2,NV,NV,Traveling,10,0.179067,179.067,Nimba (Tongbongbon),Tongbongbon (Individual 74),0.2706017884706862,43.11464557053688,short,0.0,797.0,2021.0,10,26
960,Western,Nimba,Tongbongbon,Individual 74,26.10.21,1.0973,7,With,Build-Up,Climax,1,2,NV,NV,Resting,1,0.147985,147.985,Nimba (Tongbongbon),Tongbongbon (Individual 74),0.5014398766366333,69.18531769690628,short,0.0,797.0,2021.0,10,26
960,Western,Nimba,Tongbongbon,Individual 74,26.10.21,1.0973,7,With,Build-Up,Climax,1,2,NV,NV,Resting,2,0.064547,64.547,Nimba (Tongbongbon),Tongbongbon (Individual 74),0.5014398766366333,69.18531769690628,short,0.0,797.0,2021.0,10,26
960,Western,Nimba,Tongbongbon,Individual 74,26.10.21,1.0973,7,With,Build-Up,Climax,1,2,NV,NV,Resting,3,0.244018,244.018,Nimba (Tongbongbon),Tongbongbon (Individual 74),0.5014398766366333,69.18531769690628,short,0.0,797.0,2021.0,10,26
960,Western,Nimba,Tongbongbon,Individual 74,26.10.21,1.0973,7,With,Build-Up,Climax,1,2,NV,NV,Resting,4,0.157431,157.43099999999998,Nimba (Tongbongbon),Tongbongbon (Individual 74),0.5014398766366333,69.18531769690628,short,0.0,797.0,2021.0,10,26
960,Western,Nimba,Tongbongbon,Individual 74,26.10.21,1.0973,7,With,Build-Up,Climax,1,2,NV,NV,Resting,5,0.132242,132.242,Nimba (Tongbongbon),Tongbongbon (Individual 74),0.5014398766366333,69.18531769690628,short,0.0,797.0,2021.0,10,26
960,Western,Nimba,Tongbongbon,Individual 74,26.10.21,1.0973,7,With,Build-Up,Climax,1,2,NV,NV,Resting,6,0.351071,351.071,Nimba (Tongbongbon),Tongbongbon (Individual 74),0.5014398766366333,69.18531769690628,short,0.0,797.0,2021.0,10,26
962,Western,Nimba,Tongbongbon,Individual 72,26.10.21,0.89161,7,With,Build-Up,Build-Up,1,1,NV,NV,Traveling,1,0.086396,86.396,Nimba (Tongbongbon),Tongbongbon (Individual 72),0.67388277103428,95.16722308312535,short,2.6165416690705205,797.0,2021.0,10,26
962,Western,Nimba,Tongbongbon,Individual 72,26.10.21,0.89161,7,With,Build-Up,Build-Up,1,1,NV,NV,Traveling,2,0.096764,96.764,Nimba (Tongbongbon),Tongbongbon (Individual 72),0.67388277103428,95.16722308312535,short,2.6165416690705205,797.0,2021.0,10,26
962,Western,Nimba,Tongbongbon,Individual 72,26.10.21,0.89161,7,With,Build-Up,Build-Up,1,1,NV,NV,Traveling,3,0.276468,276.468,Nimba (Tongbongbon),Tongbongbon (Individual 72),0.67388277103428,95.16722308312535,long,2.6165416690705205,797.0,2021.0,10,26
962,Western,Nimba,Tongbongbon,Individual 72,26.10.21,0.89161,7,With,Build-Up,Build-Up,1,1,NV,NV,Traveling,4,0.079485,79.485,Nimba (Tongbongbon),Tongbongbon (Individual 72),0.67388277103428,95.16722308312535,short,2.6165416690705205,797.0,2021.0,10,26
962,Western,Nimba,Tongbongbon,Individual 72,26.10.21,0.89161,7,With,Build-Up,Build-Up,1,1,NV,NV,Traveling,5,0.300659,300.659,Nimba (Tongbongbon),Tongbongbon (Individual 72),0.67388277103428,95.16722308312535,long,2.6165416690705205,797.0,2021.0,10,26
962,Western,Nimba,Tongbongbon,Individual 72,26.10.21,0.89161,7,With,Build-Up,Build-Up,1,1,NV,NV,Traveling,6,0.051838,51.838,Nimba (Tongbongbon),Tongbongbon (Individual 72),0.67388277103428,95.16722308312535,short,2.6165416690705205,797.0,2021.0,10,26
964,Western,Nimba,Tongbongbon,Individual 76,27.10.21,2.87614,9,With,Build-Up,Climax,1,2,NV,NV,Traveling,1,0.195941,195.941,Nimba (Tongbongbon),Tongbongbon (Individual 76),0.7151091016171627,73.87810162186852,short,2.8676687467547968,796.0,2021.0,10,27
964,Western,Nimba,Tongbongbon,Individual 76,27.10.21,2.87614,9,With,Build-Up,Climax,1,2,NV,NV,Traveling,2,0.297411,297.411,Nimba (Tongbongbon),Tongbongbon (Individual 76),0.7151091016171627,73.87810162186852,short,2.8676687467547968,796.0,2021.0,10,27
964,Western,Nimba,Tongbongbon,Individual 76,27.10.21,2.87614,9,With,Build-Up,Climax,1,2,NV,NV,Traveling,3,0.230931,230.93099999999998,Nimba (Tongbongbon),Tongbongbon (Individual 76),0.7151091016171627,73.87810162186852,short,2.8676687467547968,796.0,2021.0,10,27
964,Western,Nimba,Tongbongbon,Individual 76,27.10.21,2.87614,9,With,Build-Up,Climax,1,2,NV,NV,Traveling,4,0.965711,965.711,Nimba (Tongbongbon),Tongbongbon (Individual 76),0.7151091016171627,73.87810162186852,long,2.8676687467547968,796.0,2021.0,10,27
964,Western,Nimba,Tongbongbon,Individual 76,27.10.21,2.87614,9,With,Build-Up,Climax,1,2,NV,NV,Traveling,5,0.227432,227.432,Nimba (Tongbongbon),Tongbongbon (Individual 76),0.7151091016171627,73.87810162186852,short,2.8676687467547968,796.0,2021.0,10,27
964,Western,Nimba,Tongbongbon,Individual 76,27.10.21,2.87614,9,With,Build-Up,Climax,1,2,NV,NV,Traveling,6,0.206438,206.43800000000002,Nimba (Tongbongbon),Tongbongbon (Individual 76),0.7151091016171627,73.87810162186852,short,2.8676687467547968,796.0,2021.0,10,27
964,Western,Nimba,Tongbongbon,Individual 76,27.10.21,2.87614,9,With,Build-Up,Climax,1,2,NV,NV,Traveling,7,0.566831,566.831,Nimba (Tongbongbon),Tongbongbon (Individual 76),0.7151091016171627,73.87810162186852,long,2.8676687467547968,796.0,2021.0,10,27
964,Western,Nimba,Tongbongbon,Individual 76,27.10.21,2.87614,9,With,Build-Up,Climax,1,2,NV,NV,Traveling,8,0.185445,185.445,Nimba (Tongbongbon),Tongbongbon (Individual 76),0.7151091016171627,73.87810162186852,short,2.8676687467547968,796.0,2021.0,10,27
965,Western,Nimba,Tongbongbon,Individual 76,28.10.21,1.13455,12,With,Build-Up,Climax,1,2,NV,NV,Traveling,1,0.040404,40.404,Nimba (Tongbongbon),Tongbongbon (Individual 76),0.6339262748415159,51.19033847219386,short,0.0,795.0,2021.0,10,28
965,Western,Nimba,Tongbongbon,Individual 76,28.10.21,1.13455,12,With,Build-Up,Climax,1,2,NV,NV,Traveling,2,0.260203,260.20300000000003,Nimba (Tongbongbon),Tongbongbon (Individual 76),0.6339262748415159,51.19033847219386,short,0.0,795.0,2021.0,10,28
965,Western,Nimba,Tongbongbon,Individual 76,28.10.21,1.13455,12,With,Build-Up,Climax,1,2,NV,NV,Traveling,3,0.063031,63.031000000000006,Nimba (Tongbongbon),Tongbongbon (Individual 76),0.6339262748415159,51.19033847219386,short,0.0,795.0,2021.0,10,28
965,Western,Nimba,Tongbongbon,Individual 76,28.10.21,1.13455,12,With,Build-Up,Climax,1,2,NV,NV,Traveling,4,0.043637,43.637,Nimba (Tongbongbon),Tongbongbon (Individual 76),0.6339262748415159,51.19033847219386,short,0.0,795.0,2021.0,10,28
965,Western,Nimba,Tongbongbon,Individual 76,28.10.21,1.13455,12,With,Build-Up,Climax,1,2,NV,NV,Traveling,5,0.048485,48.485,Nimba (Tongbongbon),Tongbongbon (Individual 76),0.6339262748415159,51.19033847219386,short,0.0,795.0,2021.0,10,28
965,Western,Nimba,Tongbongbon,Individual 76,28.10.21,1.13455,12,With,Build-Up,Climax,1,2,NV,NV,Traveling,6,0.07596,75.96,Nimba (Tongbongbon),Tongbongbon (Individual 76),0.6339262748415159,51.19033847219386,short,0.0,795.0,2021.0,10,28
965,Western,Nimba,Tongbongbon,Individual 76,28.10.21,1.13455,12,With,Build-Up,Climax,1,2,NV,NV,Traveling,7,0.059798,59.797999999999995,Nimba (Tongbongbon),Tongbongbon (Individual 76),0.6339262748415159,51.19033847219386,short,0.0,795.0,2021.0,10,28
965,Western,Nimba,Tongbongbon,Individual 76,28.10.21,1.13455,12,With,Build-Up,Climax,1,2,NV,NV,Traveling,8,0.119596,119.59599999999999,Nimba (Tongbongbon),Tongbongbon (Individual 76),0.6339262748415159,51.19033847219386,short,0.0,795.0,2021.0,10,28
965,Western,Nimba,Tongbongbon,Individual 76,28.10.21,1.13455,12,With,Build-Up,Climax,1,2,NV,NV,Traveling,9,0.124445,124.445,Nimba (Tongbongbon),Tongbongbon (Individual 76),0.6339262748415159,51.19033847219386,short,0.0,795.0,2021.0,10,28
965,Western,Nimba,Tongbongbon,Individual 76,28.10.21,1.13455,12,With,Build-Up,Climax,1,2,NV,NV,Traveling,10,0.113132,113.13199999999999,Nimba (Tongbongbon),Tongbongbon (Individual 76),0.6339262748415159,51.19033847219386,short,0.0,795.0,2021.0,10,28
965,Western,Nimba,Tongbongbon,Individual 76,28.10.21,1.13455,12,With,Build-Up,Climax,1,2,NV,NV,Traveling,11,0.185859,185.859,Nimba (Tongbongbon),Tongbongbon (Individual 76),0.6339262748415159,51.19033847219386,short,0.0,795.0,2021.0,10,28
966,Western,Nimba,Tongbongbon,Individual 74,29.10.21,1.17316,7,With,Build-Up,Build-Up,1,1,NV,NV,Traveling,1,0.082926,82.926,Nimba (Tongbongbon),Tongbongbon (Individual 74),0.6374942069561045,84.80067662816109,short,0.0,794.0,2021.0,10,29
966,Western,Nimba,Tongbongbon,Individual 74,29.10.21,1.17316,7,With,Build-Up,Build-Up,1,1,NV,NV,Traveling,2,0.156097,156.097,Nimba (Tongbongbon),Tongbongbon (Individual 74),0.6374942069561045,84.80067662816109,short,0.0,794.0,2021.0,10,29
966,Western,Nimba,Tongbongbon,Individual 74,29.10.21,1.17316,7,With,Build-Up,Build-Up,1,1,NV,NV,Traveling,3,0.175609,175.60899999999998,Nimba (Tongbongbon),Tongbongbon (Individual 74),0.6374942069561045,84.80067662816109,short,0.0,794.0,2021.0,10,29
966,Western,Nimba,Tongbongbon,Individual 74,29.10.21,1.17316,7,With,Build-Up,Build-Up,1,1,NV,NV,Traveling,4,0.436582,436.58200000000005,Nimba (Tongbongbon),Tongbongbon (Individual 74),0.6374942069561045,84.80067662816109,short,0.0,794.0,2021.0,10,29
966,Western,Nimba,Tongbongbon,Individual 74,29.10.21,1.17316,7,With,Build-Up,Build-Up,1,1,NV,NV,Traveling,5,0.065853,65.853,Nimba (Tongbongbon),Tongbongbon (Individual 74),0.6374942069561045,84.80067662816109,short,0.0,794.0,2021.0,10,29
966,Western,Nimba,Tongbongbon,Individual 74,29.10.21,1.17316,7,With,Build-Up,Build-Up,1,1,NV,NV,Traveling,6,0.256096,256.096,Nimba (Tongbongbon),Tongbongbon (Individual 74),0.6374942069561045,84.80067662816109,short,0.0,794.0,2021.0,10,29
967,Western,Nimba,Tongbongbon,Individual 76,30.10.21,1.32435,5,With,after,after,0,0,NV,NV,Traveling,1,0.030413,30.413,Nimba (Tongbongbon),Tongbongbon (Individual 76),1.0945567621350514,144.12679431655008,short,1.4338343733773984,793.0,2021.0,10,30
967,Western,Nimba,Tongbongbon,Individual 76,30.10.21,1.32435,5,With,after,after,0,0,NV,NV,Traveling,2,0.237774,237.774,Nimba (Tongbongbon),Tongbongbon (Individual 76),1.0945567621350514,144.12679431655008,short,1.4338343733773984,793.0,2021.0,10,30
967,Western,Nimba,Tongbongbon,Individual 76,30.10.21,1.32435,5,With,after,after,0,0,NV,NV,Traveling,3,0.945567,945.567,Nimba (Tongbongbon),Tongbongbon (Individual 76),1.0945567621350514,144.12679431655008,long,1.4338343733773984,793.0,2021.0,10,30
967,Western,Nimba,Tongbongbon,Individual 76,30.10.21,1.32435,5,With,after,after,0,0,NV,NV,Traveling,4,0.110593,110.593,Nimba (Tongbongbon),Tongbongbon (Individual 76),1.0945567621350514,144.12679431655008,short,1.4338343733773984,793.0,2021.0,10,30
968,Western,Nimba,Tongbongbon,Individual 72,31.10.21,0.50917,5,With,Climax,Climax,2,2,NV,NV,Traveling,1,0.124519,124.519,Nimba (Tongbongbon),Tongbongbon (Individual 72),0.0665297624042351,11.098427232721026,short,0.0,792.0,2021.0,10,31
968,Western,Nimba,Tongbongbon,Individual 72,31.10.21,0.50917,5,With,Climax,Climax,2,2,NV,NV,Traveling,2,0.12945,129.45000000000002,Nimba (Tongbongbon),Tongbongbon (Individual 72),0.0665297624042351,11.098427232721026,short,0.0,792.0,2021.0,10,31
968,Western,Nimba,Tongbongbon,Individual 72,31.10.21,0.50917,5,With,Climax,Climax,2,2,NV,NV,Traveling,3,0.115889,115.88900000000001,Nimba (Tongbongbon),Tongbongbon (Individual 72),0.0665297624042351,11.098427232721026,short,0.0,792.0,2021.0,10,31
968,Western,Nimba,Tongbongbon,Individual 72,31.10.21,0.50917,5,With,Climax,Climax,2,2,NV,NV,Traveling,4,0.139313,139.313,Nimba (Tongbongbon),Tongbongbon (Individual 72),0.0665297624042351,11.098427232721026,short,0.0,792.0,2021.0,10,31
969,Western,Nimba,Tongbongbon,Individual 72,01.11.21,2.91734,18,With,Build-Up,Build-Up,1,1,NV,NV,Traveling,1,0.041294,41.294,Nimba (Tongbongbon),Tongbongbon (Individual 72),0.7060456568929859,78.68448569095756,short,8.428394501252574,791.0,2021.0,11,01
969,Western,Nimba,Tongbongbon,Individual 72,01.11.21,2.91734,18,With,Build-Up,Build-Up,1,1,NV,NV,Traveling,2,0.132731,132.731,Nimba (Tongbongbon),Tongbongbon (Individual 72),0.7060456568929859,78.68448569095756,short,8.428394501252574,791.0,2021.0,11,01
969,Western,Nimba,Tongbongbon,Individual 72,01.11.21,2.91734,18,With,Build-Up,Build-Up,1,1,NV,NV,Traveling,3,0.098362,98.36200000000001,Nimba (Tongbongbon),Tongbongbon (Individual 72),0.7060456568929859,78.68448569095756,short,8.428394501252574,791.0,2021.0,11,01
969,Western,Nimba,Tongbongbon,Individual 72,01.11.21,2.91734,18,With,Build-Up,Build-Up,1,1,NV,NV,Traveling,4,0.204289,204.289,Nimba (Tongbongbon),Tongbongbon (Individual 72),0.7060456568929859,78.68448569095756,long,8.428394501252574,791.0,2021.0,11,01
969,Western,Nimba,Tongbongbon,Individual 72,01.11.21,2.91734,18,With,Build-Up,Build-Up,1,1,NV,NV,Traveling,5,0.064313,64.31299999999999,Nimba (Tongbongbon),Tongbongbon (Individual 72),0.7060456568929859,78.68448569095756,short,8.428394501252574,791.0,2021.0,11,01
969,Western,Nimba,Tongbongbon,Individual 72,01.11.21,2.91734,18,With,Build-Up,Build-Up,1,1,NV,NV,Traveling,6,0.276169,276.169,Nimba (Tongbongbon),Tongbongbon (Individual 72),0.7060456568929859,78.68448569095756,long,8.428394501252574,791.0,2021.0,11,01
969,Western,Nimba,Tongbongbon,Individual 72,01.11.21,2.91734,18,With,Build-Up,Build-Up,1,1,NV,NV,Traveling,7,0.170241,170.241,Nimba (Tongbongbon),Tongbongbon (Individual 72),0.7060456568929859,78.68448569095756,long,8.428394501252574,791.0,2021.0,11,01
969,Western,Nimba,Tongbongbon,Individual 72,01.11.21,2.91734,18,With,Build-Up,Build-Up,1,1,NV,NV,Traveling,8,0.208073,208.073,Nimba (Tongbongbon),Tongbongbon (Individual 72),0.7060456568929859,78.68448569095756,long,8.428394501252574,791.0,2021.0,11,01
969,Western,Nimba,Tongbongbon,Individual 72,01.11.21,2.91734,18,With,Build-Up,Build-Up,1,1,NV,NV,Traveling,9,0.143759,143.759,Nimba (Tongbongbon),Tongbongbon (Individual 72),0.7060456568929859,78.68448569095756,short,8.428394501252574,791.0,2021.0,11,01
969,Western,Nimba,Tongbongbon,Individual 72,01.11.21,2.91734,18,With,Build-Up,Build-Up,1,1,NV,NV,Traveling,10,0.57882,578.82,Nimba (Tongbongbon),Tongbongbon (Individual 72),0.7060456568929859,78.68448569095756,medium,8.428394501252574,791.0,2021.0,11,01
969,Western,Nimba,Tongbongbon,Individual 72,01.11.21,2.91734,18,With,Build-Up,Build-Up,1,1,NV,NV,Traveling,11,0.170241,170.241,Nimba (Tongbongbon),Tongbongbon (Individual 72),0.7060456568929859,78.68448569095756,long,8.428394501252574,791.0,2021.0,11,01
969,Western,Nimba,Tongbongbon,Individual 72,01.11.21,2.91734,18,With,Build-Up,Build-Up,1,1,NV,NV,Traveling,12,0.183747,183.74699999999999,Nimba (Tongbongbon),Tongbongbon (Individual 72),0.7060456568929859,78.68448569095756,long,8.428394501252574,791.0,2021.0,11,01
969,Western,Nimba,Tongbongbon,Individual 72,01.11.21,2.91734,18,With,Build-Up,Build-Up,1,1,NV,NV,Traveling,13,0.065446,65.446,Nimba (Tongbongbon),Tongbongbon (Individual 72),0.7060456568929859,78.68448569095756,short,8.428394501252574,791.0,2021.0,11,01
969,Western,Nimba,Tongbongbon,Individual 72,01.11.21,2.91734,18,With,Build-Up,Build-Up,1,1,NV,NV,Traveling,14,0.210736,210.73600000000002,Nimba (Tongbongbon),Tongbongbon (Individual 72),0.7060456568929859,78.68448569095756,long,8.428394501252574,791.0,2021.0,11,01
969,Western,Nimba,Tongbongbon,Individual 72,01.11.21,2.91734,18,With,Build-Up,Build-Up,1,1,NV,NV,Traveling,15,0.083771,83.771,Nimba (Tongbongbon),Tongbongbon (Individual 72),0.7060456568929859,78.68448569095756,short,8.428394501252574,791.0,2021.0,11,01
969,Western,Nimba,Tongbongbon,Individual 72,01.11.21,2.91734,18,With,Build-Up,Build-Up,1,1,NV,NV,Traveling,16,0.219898,219.898,Nimba (Tongbongbon),Tongbongbon (Individual 72),0.7060456568929859,78.68448569095756,long,8.428394501252574,791.0,2021.0,11,01
969,Western,Nimba,Tongbongbon,Individual 72,01.11.21,2.91734,18,With,Build-Up,Build-Up,1,1,NV,NV,Traveling,17,0.065446,65.446,Nimba (Tongbongbon),Tongbongbon (Individual 72),0.7060456568929859,78.68448569095756,short,8.428394501252574,791.0,2021.0,11,01
970,Western,Nimba,Tongbongbon,Individual 76,02.11.21,0.80092,6,With,Build-Up,Climax,1,2,NV,NV,Traveling,1,0.179282,179.282,Nimba (Tongbongbon),Tongbongbon (Individual 76),0.18962434223410982,20.121650587877767,short,0.0,790.0,2021.0,11,02
970,Western,Nimba,Tongbongbon,Individual 76,02.11.21,0.80092,6,With,Build-Up,Climax,1,2,NV,NV,Traveling,2,0.208513,208.513,Nimba (Tongbongbon),Tongbongbon (Individual 76),0.18962434223410982,20.121650587877767,short,0.0,790.0,2021.0,11,02
970,Western,Nimba,Tongbongbon,Individual 76,02.11.21,0.80092,6,With,Build-Up,Climax,1,2,NV,NV,Traveling,3,0.130564,130.56400000000002,Nimba (Tongbongbon),Tongbongbon (Individual 76),0.18962434223410982,20.121650587877767,short,0.0,790.0,2021.0,11,02
970,Western,Nimba,Tongbongbon,Individual 76,02.11.21,0.80092,6,With,Build-Up,Climax,1,2,NV,NV,Traveling,4,0.128616,128.616,Nimba (Tongbongbon),Tongbongbon (Individual 76),0.18962434223410982,20.121650587877767,short,0.0,790.0,2021.0,11,02
970,Western,Nimba,Tongbongbon,Individual 76,02.11.21,0.80092,6,With,Build-Up,Climax,1,2,NV,NV,Traveling,5,0.153949,153.949,Nimba (Tongbongbon),Tongbongbon (Individual 76),0.18962434223410982,20.121650587877767,short,0.0,790.0,2021.0,11,02
971,Western,Nimba,Tongbongbon,Individual 74,03.11.21,2.3152,8,With,Climax,after,2,0,NV,NV,Traveling,1,0.126483,126.48300000000002,Nimba (Tongbongbon),Tongbongbon (Individual 74),1.726163968551263,91.41961765812069,short,1.544783155738533,789.0,2021.0,11,03
971,Western,Nimba,Tongbongbon,Individual 74,03.11.21,2.3152,8,With,Climax,after,2,0,NV,NV,Traveling,2,1.726775,1726.7749999999999,Nimba (Tongbongbon),Tongbongbon (Individual 74),1.726163968551263,91.41961765812069,long,1.544783155738533,789.0,2021.0,11,03
971,Western,Nimba,Tongbongbon,Individual 74,03.11.21,2.3152,8,With,Climax,after,2,0,NV,NV,Traveling,3,0.065991,65.991,Nimba (Tongbongbon),Tongbongbon (Individual 74),1.726163968551263,91.41961765812069,short,1.544783155738533,789.0,2021.0,11,03
971,Western,Nimba,Tongbongbon,Individual 74,03.11.21,2.3152,8,With,Climax,after,2,0,NV,NV,Traveling,4,0.087989,87.989,Nimba (Tongbongbon),Tongbongbon (Individual 74),1.726163968551263,91.41961765812069,short,1.544783155738533,789.0,2021.0,11,03
971,Western,Nimba,Tongbongbon,Individual 74,03.11.21,2.3152,8,With,Climax,after,2,0,NV,NV,Traveling,5,0.164978,164.978,Nimba (Tongbongbon),Tongbongbon (Individual 74),1.726163968551263,91.41961765812069,short,1.544783155738533,789.0,2021.0,11,03
971,Western,Nimba,Tongbongbon,Individual 74,03.11.21,2.3152,8,With,Climax,after,2,0,NV,NV,Traveling,6,0.065991,65.991,Nimba (Tongbongbon),Tongbongbon (Individual 74),1.726163968551263,91.41961765812069,short,1.544783155738533,789.0,2021.0,11,03
971,Western,Nimba,Tongbongbon,Individual 74,03.11.21,2.3152,8,With,Climax,after,2,0,NV,NV,Traveling,7,0.07699,76.99000000000001,Nimba (Tongbongbon),Tongbongbon (Individual 74),1.726163968551263,91.41961765812069,short,1.544783155738533,789.0,2021.0,11,03
972,Western,Nimba,Tongbongbon,Individual 72,04.11.21,0.20003,3,Without,0,0,0,0,NV,NV,Traveling,1,0.122467,122.46700000000001,Nimba (Tongbongbon),Tongbongbon (Individual 72),0.2244924485949537,44.89848971899074,short,0.0,788.0,2021.0,11,04
972,Western,Nimba,Tongbongbon,Individual 72,04.11.21,0.20003,3,Without,0,0,0,0,NV,NV,Traveling,2,0.077562,77.56200000000001,Nimba (Tongbongbon),Tongbongbon (Individual 72),0.2244924485949537,44.89848971899074,short,0.0,788.0,2021.0,11,04
973,Western,Nimba,Tongbongbon,Individual 72,05.11.21,0.62176,4,With,Build-Up,Build-Up,1,1,NV,NV,Traveling,1,0.238677,238.677,Nimba (Tongbongbon),Tongbongbon (Individual 72),0.12249494488246082,15.060508610542517,long,0.0,787.0,2021.0,11,05
973,Western,Nimba,Tongbongbon,Individual 72,05.11.21,0.62176,4,With,Build-Up,Build-Up,1,1,NV,NV,Traveling,2,0.206586,206.58599999999998,Nimba (Tongbongbon),Tongbongbon (Individual 72),0.12249494488246082,15.060508610542517,long,0.0,787.0,2021.0,11,05
973,Western,Nimba,Tongbongbon,Individual 72,05.11.21,0.62176,4,With,Build-Up,Build-Up,1,1,NV,NV,Traveling,3,0.176501,176.501,Nimba (Tongbongbon),Tongbongbon (Individual 72),0.12249494488246082,15.060508610542517,long,0.0,787.0,2021.0,11,05
975,Western,Nimba,Tongbongbon,Individual 75,10.05.22,0.95307,5,Without,0,0,0,0,NV,NV,Traveling,1,0.168965,168.965,Nimba (Tongbongbon),Tongbongbon (Individual 75),0.1848087315946328,22.44549630047725,short,0.0,601.0,2022.0,05,10
975,Western,Nimba,Tongbongbon,Individual 75,10.05.22,0.95307,5,Without,0,0,0,0,NV,NV,Traveling,2,0.240248,240.248,Nimba (Tongbongbon),Tongbongbon (Individual 75),0.1848087315946328,22.44549630047725,short,0.0,601.0,2022.0,05,10
975,Western,Nimba,Tongbongbon,Individual 75,10.05.22,0.95307,5,Without,0,0,0,0,NV,NV,Traveling,3,0.290409,290.409,Nimba (Tongbongbon),Tongbongbon (Individual 75),0.1848087315946328,22.44549630047725,short,0.0,601.0,2022.0,05,10
975,Western,Nimba,Tongbongbon,Individual 75,10.05.22,0.95307,5,Without,0,0,0,0,NV,NV,Traveling,4,0.253448,253.448,Nimba (Tongbongbon),Tongbongbon (Individual 75),0.1848087315946328,22.44549630047725,short,0.0,601.0,2022.0,05,10
976,Western,Nimba,Gahtoy,Individual 21,09.06.20,0.40251,4,With,Unk,Unk,0,0,NV,NV,Traveling,1,0.198176,198.176,Nimba (Gahtoy),Gahtoy (Individual 21),0.3722115587511347,69.69596486365283,short,0.0,1301.0,2020.0,06,09
976,Western,Nimba,Gahtoy,Individual 21,09.06.20,0.40251,4,With,Unk,Unk,0,0,NV,NV,Traveling,2,0.076316,76.31599999999999,Nimba (Gahtoy),Gahtoy (Individual 21),0.3722115587511347,69.69596486365283,short,0.0,1301.0,2020.0,06,09
976,Western,Nimba,Gahtoy,Individual 21,09.06.20,0.40251,4,With,Unk,Unk,0,0,NV,NV,Traveling,3,0.128014,128.01399999999998,Nimba (Gahtoy),Gahtoy (Individual 21),0.3722115587511347,69.69596486365283,short,0.0,1301.0,2020.0,06,09
977,Western,Nimba,Gahtoy,Individual 21,10.06.20,0.82676,6,With,Build-Up,Build-Up,1,1,NV,NV,Traveling,1,0.069243,69.243,Nimba (Gahtoy),Gahtoy (Individual 21),0.807358069653707,68.04324056498294,short,1.4945555226170317,1300.0,2020.0,06,10
977,Western,Nimba,Gahtoy,Individual 21,10.06.20,0.82676,6,With,Build-Up,Build-Up,1,1,NV,NV,Traveling,2,0.063703,63.702999999999996,Nimba (Gahtoy),Gahtoy (Individual 21),0.807358069653707,68.04324056498294,short,1.4945555226170317,1300.0,2020.0,06,10
977,Western,Nimba,Gahtoy,Individual 21,10.06.20,0.82676,6,With,Build-Up,Build-Up,1,1,NV,NV,Traveling,3,0.113558,113.558,Nimba (Gahtoy),Gahtoy (Individual 21),0.807358069653707,68.04324056498294,short,1.4945555226170317,1300.0,2020.0,06,10
977,Western,Nimba,Gahtoy,Individual 21,10.06.20,0.82676,6,With,Build-Up,Build-Up,1,1,NV,NV,Traveling,4,0.423767,423.767,Nimba (Gahtoy),Gahtoy (Individual 21),0.807358069653707,68.04324056498294,long,1.4945555226170317,1300.0,2020.0,06,10
977,Western,Nimba,Gahtoy,Individual 21,10.06.20,0.82676,6,With,Build-Up,Build-Up,1,1,NV,NV,Traveling,5,0.156489,156.48899999999998,Nimba (Gahtoy),Gahtoy (Individual 21),0.807358069653707,68.04324056498294,short,1.4945555226170317,1300.0,2020.0,06,10
978,Western,Nimba,Gahtoy,Individual 19,11.06.20,1.00312,11,With,Build-Up,Climax,1,2,NV,NV,Traveling,1,0.049407,49.407,Nimba (Gahtoy),Gahtoy (Individual 19),1.0559954454644778,84.95768175202589,short,1.563417866393641,1299.0,2020.0,06,11
978,Western,Nimba,Gahtoy,Individual 19,11.06.20,1.00312,11,With,Build-Up,Climax,1,2,NV,NV,Traveling,2,0.089831,89.83099999999999,Nimba (Gahtoy),Gahtoy (Individual 19),1.0559954454644778,84.95768175202589,short,1.563417866393641,1299.0,2020.0,06,11
978,Western,Nimba,Gahtoy,Individual 19,11.06.20,1.00312,11,With,Build-Up,Climax,1,2,NV,NV,Traveling,3,0.068871,68.871,Nimba (Gahtoy),Gahtoy (Individual 19),1.0559954454644778,84.95768175202589,short,1.563417866393641,1299.0,2020.0,06,11
978,Western,Nimba,Gahtoy,Individual 19,11.06.20,1.00312,11,With,Build-Up,Climax,1,2,NV,NV,Traveling,4,0.08534,85.34,Nimba (Gahtoy),Gahtoy (Individual 19),1.0559954454644778,84.95768175202589,short,1.563417866393641,1299.0,2020.0,06,11
978,Western,Nimba,Gahtoy,Individual 19,11.06.20,1.00312,11,With,Build-Up,Climax,1,2,NV,NV,Traveling,5,0.050904,50.903999999999996,Nimba (Gahtoy),Gahtoy (Individual 19),1.0559954454644778,84.95768175202589,short,1.563417866393641,1299.0,2020.0,06,11
978,Western,Nimba,Gahtoy,Individual 19,11.06.20,1.00312,11,With,Build-Up,Climax,1,2,NV,NV,Traveling,6,0.09582,95.82000000000001,Nimba (Gahtoy),Gahtoy (Individual 19),1.0559954454644778,84.95768175202589,short,1.563417866393641,1299.0,2020.0,06,11
978,Western,Nimba,Gahtoy,Individual 19,11.06.20,1.00312,11,With,Build-Up,Climax,1,2,NV,NV,Traveling,7,0.032938,32.938,Nimba (Gahtoy),Gahtoy (Individual 19),1.0559954454644778,84.95768175202589,short,1.563417866393641,1299.0,2020.0,06,11
978,Western,Nimba,Gahtoy,Individual 19,11.06.20,1.00312,11,With,Build-Up,Climax,1,2,NV,NV,Traveling,8,0.41023,410.22999999999996,Nimba (Gahtoy),Gahtoy (Individual 19),1.0559954454644778,84.95768175202589,long,1.563417866393641,1299.0,2020.0,06,11
978,Western,Nimba,Gahtoy,Individual 19,11.06.20,1.00312,11,With,Build-Up,Climax,1,2,NV,NV,Traveling,9,0.028447,28.447,Nimba (Gahtoy),Gahtoy (Individual 19),1.0559954454644778,84.95768175202589,short,1.563417866393641,1299.0,2020.0,06,11
978,Western,Nimba,Gahtoy,Individual 19,11.06.20,1.00312,11,With,Build-Up,Climax,1,2,NV,NV,Traveling,10,0.091329,91.329,Nimba (Gahtoy),Gahtoy (Individual 19),1.0559954454644778,84.95768175202589,short,1.563417866393641,1299.0,2020.0,06,11
979,Western,Nimba,Gahtoy,Individual 19,12.06.20,2.31297,13,With,Climax,after,2,0,NV,NV,Traveling,1,0.222898,222.89800000000002,Nimba (Gahtoy),Gahtoy (Individual 19),0.24946461766911374,28.400255305679273,long,6.0,1298.0,2020.0,06,12
979,Western,Nimba,Gahtoy,Individual 19,12.06.20,2.31297,13,With,Climax,after,2,0,NV,NV,Traveling,2,0.209976,209.976,Nimba (Gahtoy),Gahtoy (Individual 19),0.24946461766911374,28.400255305679273,long,6.0,1298.0,2020.0,06,12
979,Western,Nimba,Gahtoy,Individual 19,12.06.20,2.31297,13,With,Climax,after,2,0,NV,NV,Traveling,3,0.16152,161.52,Nimba (Gahtoy),Gahtoy (Individual 19),0.24946461766911374,28.400255305679273,short,6.0,1298.0,2020.0,06,12
979,Western,Nimba,Gahtoy,Individual 19,12.06.20,2.31297,13,With,Climax,after,2,0,NV,NV,Traveling,4,0.16475,164.75,Nimba (Gahtoy),Gahtoy (Individual 19),0.24946461766911374,28.400255305679273,short,6.0,1298.0,2020.0,06,12
979,Western,Nimba,Gahtoy,Individual 19,12.06.20,2.31297,13,With,Climax,after,2,0,NV,NV,Traveling,5,0.119525,119.525,Nimba (Gahtoy),Gahtoy (Individual 19),0.24946461766911374,28.400255305679273,short,6.0,1298.0,2020.0,06,12
979,Western,Nimba,Gahtoy,Individual 19,12.06.20,2.31297,13,With,Climax,after,2,0,NV,NV,Traveling,6,0.171211,171.211,Nimba (Gahtoy),Gahtoy (Individual 19),0.24946461766911374,28.400255305679273,short,6.0,1298.0,2020.0,06,12
979,Western,Nimba,Gahtoy,Individual 19,12.06.20,2.31297,13,With,Climax,after,2,0,NV,NV,Traveling,7,0.193824,193.82399999999998,Nimba (Gahtoy),Gahtoy (Individual 19),0.24946461766911374,28.400255305679273,long,6.0,1298.0,2020.0,06,12
979,Western,Nimba,Gahtoy,Individual 19,12.06.20,2.31297,13,With,Climax,after,2,0,NV,NV,Traveling,8,0.155059,155.059,Nimba (Gahtoy),Gahtoy (Individual 19),0.24946461766911374,28.400255305679273,short,6.0,1298.0,2020.0,06,12
979,Western,Nimba,Gahtoy,Individual 19,12.06.20,2.31297,13,With,Climax,after,2,0,NV,NV,Traveling,9,0.300427,300.427,Nimba (Gahtoy),Gahtoy (Individual 19),0.24946461766911374,28.400255305679273,long,6.0,1298.0,2020.0,06,12
979,Western,Nimba,Gahtoy,Individual 19,12.06.20,2.31297,13,With,Climax,after,2,0,NV,NV,Traveling,10,0.193824,193.82399999999998,Nimba (Gahtoy),Gahtoy (Individual 19),0.24946461766911374,28.400255305679273,long,6.0,1298.0,2020.0,06,12
979,Western,Nimba,Gahtoy,Individual 19,12.06.20,2.31297,13,With,Climax,after,2,0,NV,NV,Traveling,11,0.15829,158.29,Nimba (Gahtoy),Gahtoy (Individual 19),0.24946461766911374,28.400255305679273,short,6.0,1298.0,2020.0,06,12
979,Western,Nimba,Gahtoy,Individual 19,12.06.20,2.31297,13,With,Climax,after,2,0,NV,NV,Traveling,12,0.261662,261.662,Nimba (Gahtoy),Gahtoy (Individual 19),0.24946461766911374,28.400255305679273,long,6.0,1298.0,2020.0,06,12
980,Western,Nimba,Gahtoy,Individual 19,02.01.20,1.10909,10,With,Build-Up,Climax,1,2,NV,NV,Traveling,1,0.11924,119.24,Nimba (Gahtoy),Gahtoy (Individual 19),0.0897039516643266,12.247149315503993,short,0.0,1460.0,2020.0,01,02
980,Western,Nimba,Gahtoy,Individual 19,02.01.20,1.10909,10,With,Build-Up,Climax,1,2,NV,NV,Traveling,2,0.115973,115.97300000000001,Nimba (Gahtoy),Gahtoy (Individual 19),0.0897039516643266,12.247149315503993,short,0.0,1460.0,2020.0,01,02
980,Western,Nimba,Gahtoy,Individual 19,02.01.20,1.10909,10,With,Build-Up,Climax,1,2,NV,NV,Traveling,3,0.120873,120.87299999999999,Nimba (Gahtoy),Gahtoy (Individual 19),0.0897039516643266,12.247149315503993,short,0.0,1460.0,2020.0,01,02
980,Western,Nimba,Gahtoy,Individual 19,02.01.20,1.10909,10,With,Build-Up,Climax,1,2,NV,NV,Traveling,4,0.127407,127.407,Nimba (Gahtoy),Gahtoy (Individual 19),0.0897039516643266,12.247149315503993,short,0.0,1460.0,2020.0,01,02
980,Western,Nimba,Gahtoy,Individual 19,02.01.20,1.10909,10,With,Build-Up,Climax,1,2,NV,NV,Traveling,5,0.104539,104.539,Nimba (Gahtoy),Gahtoy (Individual 19),0.0897039516643266,12.247149315503993,short,0.0,1460.0,2020.0,01,02
980,Western,Nimba,Gahtoy,Individual 19,02.01.20,1.10909,10,With,Build-Up,Climax,1,2,NV,NV,Traveling,6,0.137207,137.207,Nimba (Gahtoy),Gahtoy (Individual 19),0.0897039516643266,12.247149315503993,short,0.0,1460.0,2020.0,01,02
980,Western,Nimba,Gahtoy,Individual 19,02.01.20,1.10909,10,With,Build-Up,Climax,1,2,NV,NV,Traveling,7,0.140474,140.474,Nimba (Gahtoy),Gahtoy (Individual 19),0.0897039516643266,12.247149315503993,short,0.0,1460.0,2020.0,01,02
980,Western,Nimba,Gahtoy,Individual 19,02.01.20,1.10909,10,With,Build-Up,Climax,1,2,NV,NV,Traveling,8,0.112706,112.706,Nimba (Gahtoy),Gahtoy (Individual 19),0.0897039516643266,12.247149315503993,short,0.0,1460.0,2020.0,01,02
980,Western,Nimba,Gahtoy,Individual 19,02.01.20,1.10909,10,With,Build-Up,Climax,1,2,NV,NV,Traveling,9,0.130673,130.673,Nimba (Gahtoy),Gahtoy (Individual 19),0.0897039516643266,12.247149315503993,short,0.0,1460.0,2020.0,01,02
981,Western,Nimba,Gahtoy,Individual 19,02.01.20,2.48916,17,With,Build-Up,Build-Up,1,1,NV,NV,Traveling,1,0.067274,67.274,Nimba (Gahtoy),Gahtoy (Individual 19),0.4992084788769284,48.61023892234274,short,6.7100357357939355,1460.0,2020.0,01,02
981,Western,Nimba,Gahtoy,Individual 19,02.01.20,2.48916,17,With,Build-Up,Build-Up,1,1,NV,NV,Traveling,2,0.072881,72.881,Nimba (Gahtoy),Gahtoy (Individual 19),0.4992084788769284,48.61023892234274,short,6.7100357357939355,1460.0,2020.0,01,02
981,Western,Nimba,Gahtoy,Individual 19,02.01.20,2.48916,17,With,Build-Up,Build-Up,1,1,NV,NV,Traveling,3,0.241067,241.067,Nimba (Gahtoy),Gahtoy (Individual 19),0.4992084788769284,48.61023892234274,long,6.7100357357939355,1460.0,2020.0,01,02
981,Western,Nimba,Gahtoy,Individual 19,02.01.20,2.48916,17,With,Build-Up,Build-Up,1,1,NV,NV,Traveling,4,0.120533,120.533,Nimba (Gahtoy),Gahtoy (Individual 19),0.4992084788769284,48.61023892234274,short,6.7100357357939355,1460.0,2020.0,01,02
981,Western,Nimba,Gahtoy,Individual 19,02.01.20,2.48916,17,With,Build-Up,Build-Up,1,1,NV,NV,Traveling,5,0.067274,67.274,Nimba (Gahtoy),Gahtoy (Individual 19),0.4992084788769284,48.61023892234274,short,6.7100357357939355,1460.0,2020.0,01,02
981,Western,Nimba,Gahtoy,Individual 19,02.01.20,2.48916,17,With,Build-Up,Build-Up,1,1,NV,NV,Traveling,6,0.232657,232.657,Nimba (Gahtoy),Gahtoy (Individual 19),0.4992084788769284,48.61023892234274,long,6.7100357357939355,1460.0,2020.0,01,02
981,Western,Nimba,Gahtoy,Individual 19,02.01.20,2.48916,17,With,Build-Up,Build-Up,1,1,NV,NV,Traveling,7,0.227051,227.05100000000002,Nimba (Gahtoy),Gahtoy (Individual 19),0.4992084788769284,48.61023892234274,long,6.7100357357939355,1460.0,2020.0,01,02
981,Western,Nimba,Gahtoy,Individual 19,02.01.20,2.48916,17,With,Build-Up,Build-Up,1,1,NV,NV,Traveling,8,0.106518,106.518,Nimba (Gahtoy),Gahtoy (Individual 19),0.4992084788769284,48.61023892234274,short,6.7100357357939355,1460.0,2020.0,01,02
981,Western,Nimba,Gahtoy,Individual 19,02.01.20,2.48916,17,With,Build-Up,Build-Up,1,1,NV,NV,Traveling,9,0.140155,140.155,Nimba (Gahtoy),Gahtoy (Individual 19),0.4992084788769284,48.61023892234274,short,6.7100357357939355,1460.0,2020.0,01,02
981,Western,Nimba,Gahtoy,Individual 19,02.01.20,2.48916,17,With,Build-Up,Build-Up,1,1,NV,NV,Traveling,10,0.168186,168.186,Nimba (Gahtoy),Gahtoy (Individual 19),0.4992084788769284,48.61023892234274,short,6.7100357357939355,1460.0,2020.0,01,02
981,Western,Nimba,Gahtoy,Individual 19,02.01.20,2.48916,17,With,Build-Up,Build-Up,1,1,NV,NV,Traveling,11,0.159777,159.77700000000002,Nimba (Gahtoy),Gahtoy (Individual 19),0.4992084788769284,48.61023892234274,short,6.7100357357939355,1460.0,2020.0,01,02
981,Western,Nimba,Gahtoy,Individual 19,02.01.20,2.48916,17,With,Build-Up,Build-Up,1,1,NV,NV,Traveling,12,0.072881,72.881,Nimba (Gahtoy),Gahtoy (Individual 19),0.4992084788769284,48.61023892234274,short,6.7100357357939355,1460.0,2020.0,01,02
981,Western,Nimba,Gahtoy,Individual 19,02.01.20,2.48916,17,With,Build-Up,Build-Up,1,1,NV,NV,Traveling,13,0.11773,117.73,Nimba (Gahtoy),Gahtoy (Individual 19),0.4992084788769284,48.61023892234274,short,6.7100357357939355,1460.0,2020.0,01,02
981,Western,Nimba,Gahtoy,Individual 19,02.01.20,2.48916,17,With,Build-Up,Build-Up,1,1,NV,NV,Traveling,14,0.103715,103.715,Nimba (Gahtoy),Gahtoy (Individual 19),0.4992084788769284,48.61023892234274,short,6.7100357357939355,1460.0,2020.0,01,02
981,Western,Nimba,Gahtoy,Individual 19,02.01.20,2.48916,17,With,Build-Up,Build-Up,1,1,NV,NV,Traveling,15,0.322357,322.357,Nimba (Gahtoy),Gahtoy (Individual 19),0.4992084788769284,48.61023892234274,long,6.7100357357939355,1460.0,2020.0,01,02
981,Western,Nimba,Gahtoy,Individual 19,02.01.20,2.48916,17,With,Build-Up,Build-Up,1,1,NV,NV,Traveling,16,0.269098,269.098,Nimba (Gahtoy),Gahtoy (Individual 19),0.4992084788769284,48.61023892234274,long,6.7100357357939355,1460.0,2020.0,01,02
983,Western,Nimba,Gahtoy,Individual 19,16.02.22,1.49608,15,With,after,after,0,0,NV,NV,Traveling,1,0.062071,62.071,Nimba (Gahtoy),Gahtoy (Individual 19),0.3667609699267615,44.01145438832219,short,3.0895663114770664,684.0,2022.0,02,16
983,Western,Nimba,Gahtoy,Individual 19,16.02.22,1.49608,15,With,after,after,0,0,NV,NV,Traveling,2,0.109819,109.819,Nimba (Gahtoy),Gahtoy (Individual 19),0.3667609699267615,44.01145438832219,short,3.0895663114770664,684.0,2022.0,02,16
983,Western,Nimba,Gahtoy,Individual 19,16.02.22,1.49608,15,With,after,after,0,0,NV,NV,Traveling,3,0.187806,187.806,Nimba (Gahtoy),Gahtoy (Individual 19),0.3667609699267615,44.01145438832219,long,3.0895663114770664,684.0,2022.0,02,16
983,Western,Nimba,Gahtoy,Individual 19,16.02.22,1.49608,15,With,after,after,0,0,NV,NV,Traveling,4,0.087537,87.537,Nimba (Gahtoy),Gahtoy (Individual 19),0.3667609699267615,44.01145438832219,short,3.0895663114770664,684.0,2022.0,02,16
983,Western,Nimba,Gahtoy,Individual 19,16.02.22,1.49608,15,With,after,after,0,0,NV,NV,Traveling,5,0.100269,100.26899999999999,Nimba (Gahtoy),Gahtoy (Individual 19),0.3667609699267615,44.01145438832219,short,3.0895663114770664,684.0,2022.0,02,16
983,Western,Nimba,Gahtoy,Individual 19,16.02.22,1.49608,15,With,after,after,0,0,NV,NV,Traveling,6,0.197355,197.355,Nimba (Gahtoy),Gahtoy (Individual 19),0.3667609699267615,44.01145438832219,long,3.0895663114770664,684.0,2022.0,02,16
983,Western,Nimba,Gahtoy,Individual 19,16.02.22,1.49608,15,With,after,after,0,0,NV,NV,Traveling,7,0.105044,105.044,Nimba (Gahtoy),Gahtoy (Individual 19),0.3667609699267615,44.01145438832219,short,3.0895663114770664,684.0,2022.0,02,16
983,Western,Nimba,Gahtoy,Individual 19,16.02.22,1.49608,15,With,after,after,0,0,NV,NV,Traveling,8,0.087537,87.537,Nimba (Gahtoy),Gahtoy (Individual 19),0.3667609699267615,44.01145438832219,short,3.0895663114770664,684.0,2022.0,02,16
983,Western,Nimba,Gahtoy,Individual 19,16.02.22,1.49608,15,With,after,after,0,0,NV,NV,Traveling,9,0.08117,81.17,Nimba (Gahtoy),Gahtoy (Individual 19),0.3667609699267615,44.01145438832219,short,3.0895663114770664,684.0,2022.0,02,16
983,Western,Nimba,Gahtoy,Individual 19,16.02.22,1.49608,15,With,after,after,0,0,NV,NV,Traveling,10,0.124143,124.143,Nimba (Gahtoy),Gahtoy (Individual 19),0.3667609699267615,44.01145438832219,short,3.0895663114770664,684.0,2022.0,02,16
983,Western,Nimba,Gahtoy,Individual 19,16.02.22,1.49608,15,With,after,after,0,0,NV,NV,Traveling,11,0.074804,74.804,Nimba (Gahtoy),Gahtoy (Individual 19),0.3667609699267615,44.01145438832219,short,3.0895663114770664,684.0,2022.0,02,16
983,Western,Nimba,Gahtoy,Individual 19,16.02.22,1.49608,15,With,after,after,0,0,NV,NV,Traveling,12,0.119368,119.368,Nimba (Gahtoy),Gahtoy (Individual 19),0.3667609699267615,44.01145438832219,short,3.0895663114770664,684.0,2022.0,02,16
983,Western,Nimba,Gahtoy,Individual 19,16.02.22,1.49608,15,With,after,after,0,0,NV,NV,Traveling,13,0.066846,66.846,Nimba (Gahtoy),Gahtoy (Individual 19),0.3667609699267615,44.01145438832219,short,3.0895663114770664,684.0,2022.0,02,16
983,Western,Nimba,Gahtoy,Individual 19,16.02.22,1.49608,15,With,after,after,0,0,NV,NV,Traveling,14,0.092311,92.311,Nimba (Gahtoy),Gahtoy (Individual 19),0.3667609699267615,44.01145438832219,short,3.0895663114770664,684.0,2022.0,02,16
984,Western,Nimba,Gahtoy,Individual 21,01.04.22,0.89632,8,Without,0,0,0,0,NV,NV,Traveling,1,0.224079,224.079,Nimba (Gahtoy),Gahtoy (Individual 21),0.36648480622505075,39.73478936495939,short,0.0,640.0,2022.0,04,01
984,Western,Nimba,Gahtoy,Individual 21,01.04.22,0.89632,8,Without,0,0,0,0,NV,NV,Traveling,2,0.131569,131.569,Nimba (Gahtoy),Gahtoy (Individual 21),0.36648480622505075,39.73478936495939,short,0.0,640.0,2022.0,04,01
984,Western,Nimba,Gahtoy,Individual 21,01.04.22,0.89632,8,Without,0,0,0,0,NV,NV,Traveling,3,0.096621,96.621,Nimba (Gahtoy),Gahtoy (Individual 21),0.36648480622505075,39.73478936495939,short,0.0,640.0,2022.0,04,01
984,Western,Nimba,Gahtoy,Individual 21,01.04.22,0.89632,8,Without,0,0,0,0,NV,NV,Traveling,4,0.156238,156.238,Nimba (Gahtoy),Gahtoy (Individual 21),0.36648480622505075,39.73478936495939,short,0.0,640.0,2022.0,04,01
984,Western,Nimba,Gahtoy,Individual 21,01.04.22,0.89632,8,Without,0,0,0,0,NV,NV,Traveling,5,0.082231,82.231,Nimba (Gahtoy),Gahtoy (Individual 21),0.36648480622505075,39.73478936495939,short,0.0,640.0,2022.0,04,01
984,Western,Nimba,Gahtoy,Individual 21,01.04.22,0.89632,8,Without,0,0,0,0,NV,NV,Traveling,6,0.080175,80.175,Nimba (Gahtoy),Gahtoy (Individual 21),0.36648480622505075,39.73478936495939,short,0.0,640.0,2022.0,04,01
984,Western,Nimba,Gahtoy,Individual 21,01.04.22,0.89632,8,Without,0,0,0,0,NV,NV,Traveling,7,0.125402,125.40200000000002,Nimba (Gahtoy),Gahtoy (Individual 21),0.36648480622505075,39.73478936495939,short,0.0,640.0,2022.0,04,01
985,Western,Nimba,Gahtoy,Individual 19,01.04.22,2.31145,14,With,Build-Up,after,1,0,NV,NV,Traveling,1,0.081912,81.91199999999999,Nimba (Gahtoy),Gahtoy (Individual 19),0.412931700169344,54.561003173997086,short,6.455256525785277,640.0,2022.0,04,01
985,Western,Nimba,Gahtoy,Individual 19,01.04.22,2.31145,14,With,Build-Up,after,1,0,NV,NV,Traveling,2,0.284132,284.132,Nimba (Gahtoy),Gahtoy (Individual 19),0.412931700169344,54.561003173997086,long,6.455256525785277,640.0,2022.0,04,01
985,Western,Nimba,Gahtoy,Individual 19,01.04.22,2.31145,14,With,Build-Up,after,1,0,NV,NV,Traveling,3,0.312499,312.499,Nimba (Gahtoy),Gahtoy (Individual 19),0.412931700169344,54.561003173997086,long,6.455256525785277,640.0,2022.0,04,01
985,Western,Nimba,Gahtoy,Individual 19,01.04.22,2.31145,14,With,Build-Up,after,1,0,NV,NV,Traveling,4,0.125218,125.21799999999999,Nimba (Gahtoy),Gahtoy (Individual 19),0.412931700169344,54.561003173997086,short,6.455256525785277,640.0,2022.0,04,01
985,Western,Nimba,Gahtoy,Individual 19,01.04.22,2.31145,14,With,Build-Up,after,1,0,NV,NV,Traveling,5,0.191981,191.98100000000002,Nimba (Gahtoy),Gahtoy (Individual 19),0.412931700169344,54.561003173997086,long,6.455256525785277,640.0,2022.0,04,01
985,Western,Nimba,Gahtoy,Individual 19,01.04.22,2.31145,14,With,Build-Up,after,1,0,NV,NV,Traveling,6,0.145906,145.906,Nimba (Gahtoy),Gahtoy (Individual 19),0.412931700169344,54.561003173997086,short,6.455256525785277,640.0,2022.0,04,01
985,Western,Nimba,Gahtoy,Individual 19,01.04.22,2.31145,14,With,Build-Up,after,1,0,NV,NV,Traveling,7,0.186862,186.862,Nimba (Gahtoy),Gahtoy (Individual 19),0.412931700169344,54.561003173997086,long,6.455256525785277,640.0,2022.0,04,01
985,Western,Nimba,Gahtoy,Individual 19,01.04.22,2.31145,14,With,Build-Up,after,1,0,NV,NV,Traveling,8,0.235497,235.497,Nimba (Gahtoy),Gahtoy (Individual 19),0.412931700169344,54.561003173997086,long,6.455256525785277,640.0,2022.0,04,01
985,Western,Nimba,Gahtoy,Individual 19,01.04.22,2.31145,14,With,Build-Up,after,1,0,NV,NV,Traveling,9,0.107509,107.509,Nimba (Gahtoy),Gahtoy (Individual 19),0.412931700169344,54.561003173997086,short,6.455256525785277,640.0,2022.0,04,01
985,Western,Nimba,Gahtoy,Individual 19,01.04.22,2.31145,14,With,Build-Up,after,1,0,NV,NV,Traveling,10,0.153585,153.585,Nimba (Gahtoy),Gahtoy (Individual 19),0.412931700169344,54.561003173997086,short,6.455256525785277,640.0,2022.0,04,01
985,Western,Nimba,Gahtoy,Individual 19,01.04.22,2.31145,14,With,Build-Up,after,1,0,NV,NV,Traveling,11,0.053755,53.754999999999995,Nimba (Gahtoy),Gahtoy (Individual 19),0.412931700169344,54.561003173997086,short,6.455256525785277,640.0,2022.0,04,01
985,Western,Nimba,Gahtoy,Individual 19,01.04.22,2.31145,14,With,Build-Up,after,1,0,NV,NV,Traveling,12,0.20734,207.34,Nimba (Gahtoy),Gahtoy (Individual 19),0.412931700169344,54.561003173997086,long,6.455256525785277,640.0,2022.0,04,01
985,Western,Nimba,Gahtoy,Individual 19,01.04.22,2.31145,14,With,Build-Up,after,1,0,NV,NV,Traveling,13,0.225258,225.258,Nimba (Gahtoy),Gahtoy (Individual 19),0.412931700169344,54.561003173997086,long,6.455256525785277,640.0,2022.0,04,01
987,Western,Nimba,Gahtoy,Individual 19,28.03.22,0.9496,9,With,Build-Up,Build-Up,1,1,NV,NV,Traveling,1,0.123157,123.157,Nimba (Gahtoy),Gahtoy (Individual 19),0.21002345106675102,25.129642664749507,short,1.5549511023971747,644.0,2022.0,03,28
987,Western,Nimba,Gahtoy,Individual 19,28.03.22,0.9496,9,With,Build-Up,Build-Up,1,1,NV,NV,Traveling,2,0.09885,98.85,Nimba (Gahtoy),Gahtoy (Individual 19),0.21002345106675102,25.129642664749507,short,1.5549511023971747,644.0,2022.0,03,28
987,Western,Nimba,Gahtoy,Individual 19,28.03.22,0.9496,9,With,Build-Up,Build-Up,1,1,NV,NV,Traveling,3,0.121536,121.536,Nimba (Gahtoy),Gahtoy (Individual 19),0.21002345106675102,25.129642664749507,short,1.5549511023971747,644.0,2022.0,03,28
987,Western,Nimba,Gahtoy,Individual 19,28.03.22,0.9496,9,With,Build-Up,Build-Up,1,1,NV,NV,Traveling,4,0.116675,116.675,Nimba (Gahtoy),Gahtoy (Individual 19),0.21002345106675102,25.129642664749507,short,1.5549511023971747,644.0,2022.0,03,28
987,Western,Nimba,Gahtoy,Individual 19,28.03.22,0.9496,9,With,Build-Up,Build-Up,1,1,NV,NV,Traveling,5,0.17679,176.79,Nimba (Gahtoy),Gahtoy (Individual 19),0.21002345106675102,25.129642664749507,long,1.5549511023971747,644.0,2022.0,03,28
987,Western,Nimba,Gahtoy,Individual 19,28.03.22,0.9496,9,With,Build-Up,Build-Up,1,1,NV,NV,Traveling,6,0.093831,93.831,Nimba (Gahtoy),Gahtoy (Individual 19),0.21002345106675102,25.129642664749507,short,1.5549511023971747,644.0,2022.0,03,28
987,Western,Nimba,Gahtoy,Individual 19,28.03.22,0.9496,9,With,Build-Up,Build-Up,1,1,NV,NV,Traveling,7,0.095609,95.609,Nimba (Gahtoy),Gahtoy (Individual 19),0.21002345106675102,25.129642664749507,short,1.5549511023971747,644.0,2022.0,03,28
987,Western,Nimba,Gahtoy,Individual 19,28.03.22,0.9496,9,With,Build-Up,Build-Up,1,1,NV,NV,Traveling,8,0.123157,123.157,Nimba (Gahtoy),Gahtoy (Individual 19),0.21002345106675102,25.129642664749507,short,1.5549511023971747,644.0,2022.0,03,28
988,Western,Taï,East,Individual 04,14.11.13,0.885113,6,With,Build-Up,Climax,1,2,Traveling,Traveling,Traveling,1,0.123186,123.186,Taï (East),East (Individual 04),0.5303406735564866,104.53382154211133,short,2.384080545409061,3700.0,2013.0,11,14
988,Western,Taï,East,Individual 04,14.11.13,0.885113,6,With,Build-Up,Climax,1,2,Traveling,Traveling,Traveling,2,0.293161,293.161,Taï (East),East (Individual 04),0.5303406735564866,104.53382154211133,long,2.384080545409061,3700.0,2013.0,11,14
988,Western,Taï,East,Individual 04,14.11.13,0.885113,6,With,Build-Up,Climax,1,2,Traveling,Traveling,Traveling,3,0.031937,31.937,Taï (East),East (Individual 04),0.5303406735564866,104.53382154211133,short,2.384080545409061,3700.0,2013.0,11,14
988,Western,Taï,East,Individual 04,14.11.13,0.885113,6,With,Build-Up,Climax,1,2,Traveling,Traveling,Traveling,4,0.177935,177.935,Taï (East),East (Individual 04),0.5303406735564866,104.53382154211133,short,2.384080545409061,3700.0,2013.0,11,14
988,Western,Taï,East,Individual 04,14.11.13,0.885113,6,With,Build-Up,Climax,1,2,Traveling,Traveling,Traveling,5,0.257778,257.778,Taï (East),East (Individual 04),0.5303406735564866,104.53382154211133,long,2.384080545409061,3700.0,2013.0,11,14
989,Western,Taï,East,Individual 04,04.10.14,1.838696,11,With,Climax,Climax,2,2,Resting,Traveling,Traveling,1,0.078296,78.296,Taï (East),East (Individual 04),0.8712895478399006,89.92860285299815,short,2.989111045234063,3376.0,2014.0,10,04
989,Western,Taï,East,Individual 04,04.10.14,1.838696,11,With,Climax,Climax,2,2,Resting,Traveling,Traveling,2,0.151541,151.541,Taï (East),East (Individual 04),0.8712895478399006,89.92860285299815,short,2.989111045234063,3376.0,2014.0,10,04
989,Western,Taï,East,Individual 04,04.10.14,1.838696,11,With,Climax,Climax,2,2,Resting,Traveling,Traveling,3,0.040411,40.411,Taï (East),East (Individual 04),0.8712895478399006,89.92860285299815,short,2.989111045234063,3376.0,2014.0,10,04
989,Western,Taï,East,Individual 04,04.10.14,1.838696,11,With,Climax,Climax,2,2,Resting,Traveling,Traveling,4,0.098502,98.50200000000001,Taï (East),East (Individual 04),0.8712895478399006,89.92860285299815,short,2.989111045234063,3376.0,2014.0,10,04
989,Western,Taï,East,Individual 04,04.10.14,1.838696,11,With,Climax,Climax,2,2,Resting,Traveling,Traveling,5,0.217209,217.209,Taï (East),East (Individual 04),0.8712895478399006,89.92860285299815,short,2.989111045234063,3376.0,2014.0,10,04
989,Western,Taï,East,Individual 04,04.10.14,1.838696,11,With,Climax,Climax,2,2,Resting,Traveling,Traveling,6,0.247517,247.517,Taï (East),East (Individual 04),0.8712895478399006,89.92860285299815,long,2.989111045234063,3376.0,2014.0,10,04
989,Western,Taï,East,Individual 04,04.10.14,1.838696,11,With,Climax,Climax,2,2,Resting,Traveling,Traveling,7,0.181849,181.84900000000002,Taï (East),East (Individual 04),0.8712895478399006,89.92860285299815,short,2.989111045234063,3376.0,2014.0,10,04
989,Western,Taï,East,Individual 04,04.10.14,1.838696,11,With,Climax,Climax,2,2,Resting,Traveling,Traveling,8,0.03536,35.36,Taï (East),East (Individual 04),0.8712895478399006,89.92860285299815,short,2.989111045234063,3376.0,2014.0,10,04
989,Western,Taï,East,Individual 04,04.10.14,1.838696,11,With,Climax,Climax,2,2,Resting,Traveling,Traveling,9,0.618792,618.792,Taï (East),East (Individual 04),0.8712895478399006,89.92860285299815,long,2.989111045234063,3376.0,2014.0,10,04
989,Western,Taï,East,Individual 04,04.10.14,1.838696,11,With,Climax,Climax,2,2,Resting,Traveling,Traveling,10,0.169221,169.221,Taï (East),East (Individual 04),0.8712895478399006,89.92860285299815,short,2.989111045234063,3376.0,2014.0,10,04
990,Western,Taï,East,Individual 04,10.12.14,1.674943,14,With,Build-Up,Climax,1,2,Resting,Resting,Resting,1,0.116912,116.912,Taï (East),East (Individual 04),0.2011635014397998,21.502184795785503,short,0.0,3309.0,2014.0,12,10
990,Western,Taï,East,Individual 04,10.12.14,1.674943,14,With,Build-Up,Climax,1,2,Resting,Resting,Resting,2,0.116912,116.912,Taï (East),East (Individual 04),0.2011635014397998,21.502184795785503,short,0.0,3309.0,2014.0,12,10
990,Western,Taï,East,Individual 04,10.12.14,1.674943,14,With,Build-Up,Climax,1,2,Resting,Resting,Resting,3,0.097824,97.824,Taï (East),East (Individual 04),0.2011635014397998,21.502184795785503,short,0.0,3309.0,2014.0,12,10
990,Western,Taï,East,Individual 04,10.12.14,1.674943,14,With,Build-Up,Climax,1,2,Resting,Resting,Resting,4,0.126456,126.45600000000002,Taï (East),East (Individual 04),0.2011635014397998,21.502184795785503,short,0.0,3309.0,2014.0,12,10
990,Western,Taï,East,Individual 04,10.12.14,1.674943,14,With,Build-Up,Climax,1,2,Resting,Resting,Resting,5,0.133614,133.614,Taï (East),East (Individual 04),0.2011635014397998,21.502184795785503,short,0.0,3309.0,2014.0,12,10
990,Western,Taï,East,Individual 04,10.12.14,1.674943,14,With,Build-Up,Climax,1,2,Resting,Resting,Resting,6,0.10021,100.21,Taï (East),East (Individual 04),0.2011635014397998,21.502184795785503,short,0.0,3309.0,2014.0,12,10
990,Western,Taï,East,Individual 04,10.12.14,1.674943,14,With,Build-Up,Climax,1,2,Resting,Resting,Resting,7,0.109754,109.754,Taï (East),East (Individual 04),0.2011635014397998,21.502184795785503,short,0.0,3309.0,2014.0,12,10
990,Western,Taï,East,Individual 04,10.12.14,1.674943,14,With,Build-Up,Climax,1,2,Resting,Resting,Resting,8,0.145544,145.544,Taï (East),East (Individual 04),0.2011635014397998,21.502184795785503,short,0.0,3309.0,2014.0,12,10
990,Western,Taï,East,Individual 04,10.12.14,1.674943,14,With,Build-Up,Climax,1,2,Resting,Resting,Resting,9,0.159859,159.859,Taï (East),East (Individual 04),0.2011635014397998,21.502184795785503,short,0.0,3309.0,2014.0,12,10
990,Western,Taï,East,Individual 04,10.12.14,1.674943,14,With,Build-Up,Climax,1,2,Resting,Resting,Resting,10,0.128842,128.842,Taï (East),East (Individual 04),0.2011635014397998,21.502184795785503,short,0.0,3309.0,2014.0,12,10
990,Western,Taï,East,Individual 04,10.12.14,1.674943,14,With,Build-Up,Climax,1,2,Resting,Resting,Resting,11,0.10021,100.21,Taï (East),East (Individual 04),0.2011635014397998,21.502184795785503,short,0.0,3309.0,2014.0,12,10
990,Western,Taï,East,Individual 04,10.12.14,1.674943,14,With,Build-Up,Climax,1,2,Resting,Resting,Resting,12,0.190877,190.87699999999998,Taï (East),East (Individual 04),0.2011635014397998,21.502184795785503,short,0.0,3309.0,2014.0,12,10
990,Western,Taï,East,Individual 04,10.12.14,1.674943,14,With,Build-Up,Climax,1,2,Resting,Resting,Resting,13,0.147929,147.929,Taï (East),East (Individual 04),0.2011635014397998,21.502184795785503,short,0.0,3309.0,2014.0,12,10
991,Western,Taï,East,Individual 04,10.12.14,1.277698,9,with,Build-Up,Climax,1,2,NV,Traveling,Traveling,1,0.235938,235.93800000000002,Taï (East),East (Individual 04),0.5641093502962827,56.635590750517835,long,2.8676687467547968,3309.0,2014.0,12,10
991,Western,Taï,East,Individual 04,10.12.14,1.277698,9,with,Build-Up,Climax,1,2,NV,Traveling,Traveling,2,0.127044,127.044,Taï (East),East (Individual 04),0.5641093502962827,56.635590750517835,short,2.8676687467547968,3309.0,2014.0,12,10
991,Western,Taï,East,Individual 04,10.12.14,1.277698,9,with,Build-Up,Climax,1,2,NV,Traveling,Traveling,3,0.112524,112.524,Taï (East),East (Individual 04),0.5641093502962827,56.635590750517835,short,2.8676687467547968,3309.0,2014.0,12,10
991,Western,Taï,East,Individual 04,10.12.14,1.277698,9,with,Build-Up,Climax,1,2,NV,Traveling,Traveling,4,0.134303,134.303,Taï (East),East (Individual 04),0.5641093502962827,56.635590750517835,short,2.8676687467547968,3309.0,2014.0,12,10
991,Western,Taï,East,Individual 04,10.12.14,1.277698,9,with,Build-Up,Climax,1,2,NV,Traveling,Traveling,5,0.104791,104.791,Taï (East),East (Individual 04),0.5641093502962827,56.635590750517835,short,2.8676687467547968,3309.0,2014.0,12,10
991,Western,Taï,East,Individual 04,10.12.14,1.277698,9,with,Build-Up,Climax,1,2,NV,Traveling,Traveling,6,0.363456,363.456,Taï (East),East (Individual 04),0.5641093502962827,56.635590750517835,long,2.8676687467547968,3309.0,2014.0,12,10
991,Western,Taï,East,Individual 04,10.12.14,1.277698,9,with,Build-Up,Climax,1,2,NV,Traveling,Traveling,7,0.141563,141.563,Taï (East),East (Individual 04),0.5641093502962827,56.635590750517835,short,2.8676687467547968,3309.0,2014.0,12,10
991,Western,Taï,East,Individual 04,10.12.14,1.277698,9,with,Build-Up,Climax,1,2,NV,Traveling,Traveling,8,0.058077,58.077,Taï (East),East (Individual 04),0.5641093502962827,56.635590750517835,short,2.8676687467547968,3309.0,2014.0,12,10
992,Western,Taï,South,Individual 61,05.12.13,1.311438,8,with,Build-Up,Climax,1,2,NV,Traveling,Traveling,1,0.166752,166.752,Taï (South),South (Individual 61),0.42104539590980594,66.82692083621716,short,3.2792076233156693,3679.0,2013.0,12,05
992,Western,Taï,South,Individual 61,05.12.13,1.311438,8,with,Build-Up,Climax,1,2,NV,Traveling,Traveling,2,0.066006,66.006,Taï (South),South (Individual 61),0.42104539590980594,66.82692083621716,medium,3.2792076233156693,3679.0,2013.0,12,05
992,Western,Taï,South,Individual 61,05.12.13,1.311438,8,with,Build-Up,Climax,1,2,NV,Traveling,Traveling,3,0.217125,217.125,Taï (South),South (Individual 61),0.42104539590980594,66.82692083621716,short,3.2792076233156693,3679.0,2013.0,12,05
992,Western,Taï,South,Individual 61,05.12.13,1.311438,8,with,Build-Up,Climax,1,2,NV,Traveling,Traveling,4,0.123327,123.32700000000001,Taï (South),South (Individual 61),0.42104539590980594,66.82692083621716,medium,3.2792076233156693,3679.0,2013.0,12,05
992,Western,Taï,South,Individual 61,05.12.13,1.311438,8,with,Build-Up,Climax,1,2,NV,Traveling,Traveling,5,0.202572,202.572,Taï (South),South (Individual 61),0.42104539590980594,66.82692083621716,short,3.2792076233156693,3679.0,2013.0,12,05
992,Western,Taï,South,Individual 61,05.12.13,1.311438,8,with,Build-Up,Climax,1,2,NV,Traveling,Traveling,6,0.339373,339.373,Taï (South),South (Individual 61),0.42104539590980594,66.82692083621716,long,3.2792076233156693,3679.0,2013.0,12,05
992,Western,Taï,South,Individual 61,05.12.13,1.311438,8,with,Build-Up,Climax,1,2,NV,Traveling,Traveling,7,0.196281,196.281,Taï (South),South (Individual 61),0.42104539590980594,66.82692083621716,short,3.2792076233156693,3679.0,2013.0,12,05
993,Western,Taï,South,Individual 61,24.12.13,2.580391,15,with,Build-Up,Let-Down,1,3,NV,Resting,Resting,1,0.073326,73.32600000000001,Taï (South),South (Individual 61),0.5287235684254323,63.51499638886415,medium,7.0886910017467635,3660.0,2013.0,12,24
993,Western,Taï,South,Individual 61,24.12.13,2.580391,15,with,Build-Up,Let-Down,1,3,NV,Resting,Resting,2,0.104752,104.752,Taï (South),South (Individual 61),0.5287235684254323,63.51499638886415,medium,7.0886910017467635,3660.0,2013.0,12,24
993,Western,Taï,South,Individual 61,24.12.13,2.580391,15,with,Build-Up,Let-Down,1,3,NV,Resting,Resting,3,0.171095,171.095,Taï (South),South (Individual 61),0.5287235684254323,63.51499638886415,short,7.0886910017467635,3660.0,2013.0,12,24
993,Western,Taï,South,Individual 61,24.12.13,2.580391,15,with,Build-Up,Let-Down,1,3,NV,Resting,Resting,4,0.170815,170.815,Taï (South),South (Individual 61),0.5287235684254323,63.51499638886415,short,7.0886910017467635,3660.0,2013.0,12,24
993,Western,Taï,South,Individual 61,24.12.13,2.580391,15,with,Build-Up,Let-Down,1,3,NV,Resting,Resting,5,0.10154,101.54,Taï (South),South (Individual 61),0.5287235684254323,63.51499638886415,medium,7.0886910017467635,3660.0,2013.0,12,24
993,Western,Taï,South,Individual 61,24.12.13,2.580391,15,with,Build-Up,Let-Down,1,3,NV,Resting,Resting,6,0.356157,356.157,Taï (South),South (Individual 61),0.5287235684254323,63.51499638886415,long,7.0886910017467635,3660.0,2013.0,12,24
993,Western,Taï,South,Individual 61,24.12.13,2.580391,15,with,Build-Up,Let-Down,1,3,NV,Resting,Resting,7,0.251405,251.405,Taï (South),South (Individual 61),0.5287235684254323,63.51499638886415,long,7.0886910017467635,3660.0,2013.0,12,24
993,Western,Taï,South,Individual 61,24.12.13,2.580391,15,with,Build-Up,Let-Down,1,3,NV,Resting,Resting,8,0.055868,55.868,Taï (South),South (Individual 61),0.5287235684254323,63.51499638886415,medium,7.0886910017467635,3660.0,2013.0,12,24
993,Western,Taï,South,Individual 61,24.12.13,2.580391,15,with,Build-Up,Let-Down,1,3,NV,Resting,Resting,9,0.275847,275.84700000000004,Taï (South),South (Individual 61),0.5287235684254323,63.51499638886415,long,7.0886910017467635,3660.0,2013.0,12,24
993,Western,Taï,South,Individual 61,24.12.13,2.580391,15,with,Build-Up,Let-Down,1,3,NV,Resting,Resting,10,0.248823,248.82299999999998,Taï (South),South (Individual 61),0.5287235684254323,63.51499638886415,long,7.0886910017467635,3660.0,2013.0,12,24
993,Western,Taï,South,Individual 61,24.12.13,2.580391,15,with,Build-Up,Let-Down,1,3,NV,Resting,Resting,11,0.330804,330.804,Taï (South),South (Individual 61),0.5287235684254323,63.51499638886415,long,7.0886910017467635,3660.0,2013.0,12,24
993,Western,Taï,South,Individual 61,24.12.13,2.580391,15,with,Build-Up,Let-Down,1,3,NV,Resting,Resting,12,0.073326,73.32600000000001,Taï (South),South (Individual 61),0.5287235684254323,63.51499638886415,medium,7.0886910017467635,3660.0,2013.0,12,24
993,Western,Taï,South,Individual 61,24.12.13,2.580391,15,with,Build-Up,Let-Down,1,3,NV,Resting,Resting,13,0.111735,111.735,Taï (South),South (Individual 61),0.5287235684254323,63.51499638886415,medium,7.0886910017467635,3660.0,2013.0,12,24
993,Western,Taï,South,Individual 61,24.12.13,2.580391,15,with,Build-Up,Let-Down,1,3,NV,Resting,Resting,14,0.254897,254.897,Taï (South),South (Individual 61),0.5287235684254323,63.51499638886415,long,7.0886910017467635,3660.0,2013.0,12,24
994,Western,Taï,South,Individual 65,05.01.14,1.996365,12,with,Build-Up,after,1,0,NV,Resting,Resting,1,0.083315,83.315,Taï (South),South (Individual 65),1.4214366526965396,86.4904467105637,short,1.5645258176027994,3648.0,2014.0,01,05
994,Western,Taï,South,Individual 65,05.01.14,1.996365,12,with,Build-Up,after,1,0,NV,Resting,Resting,2,0.041658,41.658,Taï (South),South (Individual 65),1.4214366526965396,86.4904467105637,short,1.5645258176027994,3648.0,2014.0,01,05
994,Western,Taï,South,Individual 65,05.01.14,1.996365,12,with,Build-Up,after,1,0,NV,Resting,Resting,3,0.185857,185.857,Taï (South),South (Individual 65),1.4214366526965396,86.4904467105637,short,1.5645258176027994,3648.0,2014.0,01,05
994,Western,Taï,South,Individual 65,05.01.14,1.996365,12,with,Build-Up,after,1,0,NV,Resting,Resting,4,0.048486,48.486000000000004,Taï (South),South (Individual 65),1.4214366526965396,86.4904467105637,short,1.5645258176027994,3648.0,2014.0,01,05
994,Western,Taï,South,Individual 65,05.01.14,1.996365,12,with,Build-Up,after,1,0,NV,Resting,Resting,5,0.057261,57.261,Taï (South),South (Individual 65),1.4214366526965396,86.4904467105637,short,1.5645258176027994,3648.0,2014.0,01,05
994,Western,Taï,South,Individual 65,05.01.14,1.996365,12,with,Build-Up,after,1,0,NV,Resting,Resting,6,0.979969,979.9689999999999,Taï (South),South (Individual 65),1.4214366526965396,86.4904467105637,long,1.5645258176027994,3648.0,2014.0,01,05
994,Western,Taï,South,Individual 65,05.01.14,1.996365,12,with,Build-Up,after,1,0,NV,Resting,Resting,7,0.212082,212.082,Taï (South),South (Individual 65),1.4214366526965396,86.4904467105637,short,1.5645258176027994,3648.0,2014.0,01,05
994,Western,Taï,South,Individual 65,05.01.14,1.996365,12,with,Build-Up,after,1,0,NV,Resting,Resting,8,0.112155,112.155,Taï (South),South (Individual 65),1.4214366526965396,86.4904467105637,short,1.5645258176027994,3648.0,2014.0,01,05
994,Western,Taï,South,Individual 65,05.01.14,1.996365,12,with,Build-Up,after,1,0,NV,Resting,Resting,9,0.060884,60.884,Taï (South),South (Individual 65),1.4214366526965396,86.4904467105637,short,1.5645258176027994,3648.0,2014.0,01,05
994,Western,Taï,South,Individual 65,05.01.14,1.996365,12,with,Build-Up,after,1,0,NV,Resting,Resting,10,0.128178,128.178,Taï (South),South (Individual 65),1.4214366526965396,86.4904467105637,short,1.5645258176027994,3648.0,2014.0,01,05
994,Western,Taï,South,Individual 65,05.01.14,1.996365,12,with,Build-Up,after,1,0,NV,Resting,Resting,11,0.08652,86.52,Taï (South),South (Individual 65),1.4214366526965396,86.4904467105637,short,1.5645258176027994,3648.0,2014.0,01,05
995,Western,Taï,South,Individual 65,04.01.15,2.120719,17,with,Build-Up,Climax,1,2,NV,Traveling,Traveling,1,0.099868,99.868,Taï (South),South (Individual 65),0.44098204802790236,67.71979188216271,short,0.0,3284.0,2015.0,01,04
995,Western,Taï,South,Individual 65,04.01.15,2.120719,17,with,Build-Up,Climax,1,2,NV,Traveling,Traveling,2,0.167425,167.42499999999998,Taï (South),South (Individual 65),0.44098204802790236,67.71979188216271,short,0.0,3284.0,2015.0,01,04
995,Western,Taï,South,Individual 65,04.01.15,2.120719,17,with,Build-Up,Climax,1,2,NV,Traveling,Traveling,3,0.070495,70.495,Taï (South),South (Individual 65),0.44098204802790236,67.71979188216271,short,0.0,3284.0,2015.0,01,04
995,Western,Taï,South,Individual 65,04.01.15,2.120719,17,with,Build-Up,Climax,1,2,NV,Traveling,Traveling,4,0.161551,161.551,Taï (South),South (Individual 65),0.44098204802790236,67.71979188216271,short,0.0,3284.0,2015.0,01,04
995,Western,Taï,South,Individual 65,04.01.15,2.120719,17,with,Build-Up,Climax,1,2,NV,Traveling,Traveling,5,0.058746,58.746,Taï (South),South (Individual 65),0.44098204802790236,67.71979188216271,short,0.0,3284.0,2015.0,01,04
995,Western,Taï,South,Individual 65,04.01.15,2.120719,17,with,Build-Up,Climax,1,2,NV,Traveling,Traveling,6,0.149801,149.801,Taï (South),South (Individual 65),0.44098204802790236,67.71979188216271,short,0.0,3284.0,2015.0,01,04
995,Western,Taï,South,Individual 65,04.01.15,2.120719,17,with,Build-Up,Climax,1,2,NV,Traveling,Traveling,7,0.082244,82.244,Taï (South),South (Individual 65),0.44098204802790236,67.71979188216271,short,0.0,3284.0,2015.0,01,04
995,Western,Taï,South,Individual 65,04.01.15,2.120719,17,with,Build-Up,Climax,1,2,NV,Traveling,Traveling,8,0.23792,237.92,Taï (South),South (Individual 65),0.44098204802790236,67.71979188216271,short,0.0,3284.0,2015.0,01,04
995,Western,Taï,South,Individual 65,04.01.15,2.120719,17,with,Build-Up,Climax,1,2,NV,Traveling,Traveling,9,0.240857,240.857,Taï (South),South (Individual 65),0.44098204802790236,67.71979188216271,short,0.0,3284.0,2015.0,01,04
995,Western,Taï,South,Individual 65,04.01.15,2.120719,17,with,Build-Up,Climax,1,2,NV,Traveling,Traveling,10,0.161551,161.551,Taï (South),South (Individual 65),0.44098204802790236,67.71979188216271,short,0.0,3284.0,2015.0,01,04
995,Western,Taï,South,Individual 65,04.01.15,2.120719,17,with,Build-Up,Climax,1,2,NV,Traveling,Traveling,11,0.061683,61.683,Taï (South),South (Individual 65),0.44098204802790236,67.71979188216271,short,0.0,3284.0,2015.0,01,04
995,Western,Taï,South,Individual 65,04.01.15,2.120719,17,with,Build-Up,Climax,1,2,NV,Traveling,Traveling,12,0.170362,170.36200000000002,Taï (South),South (Individual 65),0.44098204802790236,67.71979188216271,short,0.0,3284.0,2015.0,01,04
995,Western,Taï,South,Individual 65,04.01.15,2.120719,17,with,Build-Up,Climax,1,2,NV,Traveling,Traveling,13,0.067558,67.558,Taï (South),South (Individual 65),0.44098204802790236,67.71979188216271,short,0.0,3284.0,2015.0,01,04
995,Western,Taï,South,Individual 65,04.01.15,2.120719,17,with,Build-Up,Climax,1,2,NV,Traveling,Traveling,14,0.187986,187.986,Taï (South),South (Individual 65),0.44098204802790236,67.71979188216271,short,0.0,3284.0,2015.0,01,04
995,Western,Taï,South,Individual 65,04.01.15,2.120719,17,with,Build-Up,Climax,1,2,NV,Traveling,Traveling,15,0.105742,105.742,Taï (South),South (Individual 65),0.44098204802790236,67.71979188216271,short,0.0,3284.0,2015.0,01,04
995,Western,Taï,South,Individual 65,04.01.15,2.120719,17,with,Build-Up,Climax,1,2,NV,Traveling,Traveling,16,0.09693,96.93,Taï (South),South (Individual 65),0.44098204802790236,67.71979188216271,short,0.0,3284.0,2015.0,01,04
996,Western,Taï,South,Individual 65,06.01.15,1.195662,6,with,Build-Up,Build-Up,1,1,Traveling,Traveling,Traveling,1,0.175403,175.403,Taï (South),South (Individual 65),0.2917019935880523,18.58020932490603,short,0.0,3282.0,2015.0,01,06
996,Western,Taï,South,Individual 65,06.01.15,1.195662,6,with,Build-Up,Build-Up,1,1,Traveling,Traveling,Traveling,2,0.192943,192.943,Taï (South),South (Individual 65),0.2917019935880523,18.58020932490603,short,0.0,3282.0,2015.0,01,06
996,Western,Taï,South,Individual 65,06.01.15,1.195662,6,with,Build-Up,Build-Up,1,1,Traveling,Traveling,Traveling,3,0.213407,213.407,Taï (South),South (Individual 65),0.2917019935880523,18.58020932490603,short,0.0,3282.0,2015.0,01,06
996,Western,Taï,South,Individual 65,06.01.15,1.195662,6,with,Build-Up,Build-Up,1,1,Traveling,Traveling,Traveling,4,0.24264,242.64,Taï (South),South (Individual 65),0.2917019935880523,18.58020932490603,short,0.0,3282.0,2015.0,01,06
996,Western,Taï,South,Individual 65,06.01.15,1.195662,6,with,Build-Up,Build-Up,1,1,Traveling,Traveling,Traveling,5,0.371269,371.269,Taï (South),South (Individual 65),0.2917019935880523,18.58020932490603,short,0.0,3282.0,2015.0,01,06
997,Western,Taï,South,Individual 61,26.12.13,0.384247,3,with,Build-Up,after,1,0,NV,Traveling,Traveling,1,0.267808,267.808,Taï (South),South (Individual 61),0.3939403403028268,78.78806806056538,long,1.0,3658.0,2013.0,12,26
997,Western,Taï,South,Individual 61,26.12.13,0.384247,3,with,Build-Up,after,1,0,NV,Traveling,Traveling,2,0.116438,116.438,Taï (South),South (Individual 61),0.3939403403028268,78.78806806056538,medium,1.0,3658.0,2013.0,12,26
998,Western,Taï,South,Individual 68,04.01.15,2.498339,20,with,Build-Up,after,1,0,Resting,Resting,Resting,1,0.081479,81.479,Taï (South),South (Individual 68),0.8390794193655493,84.02479087450885,short,0.0,3284.0,2015.0,01,04
998,Western,Taï,South,Individual 68,04.01.15,2.498339,20,with,Build-Up,after,1,0,Resting,Resting,Resting,2,0.115786,115.786,Taï (South),South (Individual 68),0.8390794193655493,84.02479087450885,short,0.0,3284.0,2015.0,01,04
998,Western,Taï,South,Individual 68,04.01.15,2.498339,20,with,Build-Up,after,1,0,Resting,Resting,Resting,3,0.047172,47.172,Taï (South),South (Individual 68),0.8390794193655493,84.02479087450885,short,0.0,3284.0,2015.0,01,04
998,Western,Taï,South,Individual 68,04.01.15,2.498339,20,with,Build-Up,after,1,0,Resting,Resting,Resting,4,0.428836,428.836,Taï (South),South (Individual 68),0.8390794193655493,84.02479087450885,short,0.0,3284.0,2015.0,01,04
998,Western,Taï,South,Individual 68,04.01.15,2.498339,20,with,Build-Up,after,1,0,Resting,Resting,Resting,5,0.420931,420.931,Taï (South),South (Individual 68),0.8390794193655493,84.02479087450885,short,0.0,3284.0,2015.0,01,04
998,Western,Taï,South,Individual 68,04.01.15,2.498339,20,with,Build-Up,after,1,0,Resting,Resting,Resting,6,0.078907,78.90700000000001,Taï (South),South (Individual 68),0.8390794193655493,84.02479087450885,short,0.0,3284.0,2015.0,01,04
998,Western,Taï,South,Individual 68,04.01.15,2.498339,20,with,Build-Up,after,1,0,Resting,Resting,Resting,7,0.182093,182.09300000000002,Taï (South),South (Individual 68),0.8390794193655493,84.02479087450885,short,0.0,3284.0,2015.0,01,04
998,Western,Taï,South,Individual 68,04.01.15,2.498339,20,with,Build-Up,after,1,0,Resting,Resting,Resting,8,0.054628,54.628,Taï (South),South (Individual 68),0.8390794193655493,84.02479087450885,short,0.0,3284.0,2015.0,01,04
998,Western,Taï,South,Individual 68,04.01.15,2.498339,20,with,Build-Up,after,1,0,Resting,Resting,Resting,9,0.07823,78.22999999999999,Taï (South),South (Individual 68),0.8390794193655493,84.02479087450885,short,0.0,3284.0,2015.0,01,04
998,Western,Taï,South,Individual 68,04.01.15,2.498339,20,with,Build-Up,after,1,0,Resting,Resting,Resting,10,0.08363,83.63,Taï (South),South (Individual 68),0.8390794193655493,84.02479087450885,short,0.0,3284.0,2015.0,01,04
998,Western,Taï,South,Individual 68,04.01.15,2.498339,20,with,Build-Up,after,1,0,Resting,Resting,Resting,11,0.034395,34.395,Taï (South),South (Individual 68),0.8390794193655493,84.02479087450885,short,0.0,3284.0,2015.0,01,04
998,Western,Taï,South,Individual 68,04.01.15,2.498339,20,with,Build-Up,after,1,0,Resting,Resting,Resting,12,0.163883,163.883,Taï (South),South (Individual 68),0.8390794193655493,84.02479087450885,short,0.0,3284.0,2015.0,01,04
998,Western,Taï,South,Individual 68,04.01.15,2.498339,20,with,Build-Up,after,1,0,Resting,Resting,Resting,13,0.038442,38.442,Taï (South),South (Individual 68),0.8390794193655493,84.02479087450885,short,0.0,3284.0,2015.0,01,04
998,Western,Taï,South,Individual 68,04.01.15,2.498339,20,with,Build-Up,after,1,0,Resting,Resting,Resting,14,0.151744,151.744,Taï (South),South (Individual 68),0.8390794193655493,84.02479087450885,short,0.0,3284.0,2015.0,01,04
998,Western,Taï,South,Individual 68,04.01.15,2.498339,20,with,Build-Up,after,1,0,Resting,Resting,Resting,15,0.042488,42.488,Taï (South),South (Individual 68),0.8390794193655493,84.02479087450885,short,0.0,3284.0,2015.0,01,04
998,Western,Taï,South,Individual 68,04.01.15,2.498339,20,with,Build-Up,after,1,0,Resting,Resting,Resting,16,0.145674,145.674,Taï (South),South (Individual 68),0.8390794193655493,84.02479087450885,short,0.0,3284.0,2015.0,01,04
998,Western,Taï,South,Individual 68,04.01.15,2.498339,20,with,Build-Up,after,1,0,Resting,Resting,Resting,17,0.066767,66.76700000000001,Taï (South),South (Individual 68),0.8390794193655493,84.02479087450885,short,0.0,3284.0,2015.0,01,04
998,Western,Taï,South,Individual 68,04.01.15,2.498339,20,with,Build-Up,after,1,0,Resting,Resting,Resting,18,0.16186,161.86,Taï (South),South (Individual 68),0.8390794193655493,84.02479087450885,short,0.0,3284.0,2015.0,01,04
998,Western,Taï,South,Individual 68,04.01.15,2.498339,20,with,Build-Up,after,1,0,Resting,Resting,Resting,19,0.121395,121.395,Taï (South),South (Individual 68),0.8390794193655493,84.02479087450885,short,0.0,3284.0,2015.0,01,04
999,Western,Taï,South,Individual 68,04.01.15,0.404548,3,with,Build-Up,Build-Up,1,1,Resting,Traveling,Traveling,1,0.182765,182.76500000000001,Taï (South),South (Individual 68),0.09644838189782176,19.28967637956435,short,0.0,3284.0,2015.0,01,04
999,Western,Taï,South,Individual 68,04.01.15,0.404548,3,with,Build-Up,Build-Up,1,1,Resting,Traveling,Traveling,2,0.221783,221.78300000000002,Taï (South),South (Individual 68),0.09644838189782176,19.28967637956435,short,0.0,3284.0,2015.0,01,04
1000,Western,Taï,South,Individual 68,08.01.15,2.08125,6,with,Build-Up,Climax,1,2,Feeding,Resting,Resting,1,0.12344,123.44,Taï (South),South (Individual 68),1.1432871625037846,119.96250274957845,short,1.4945555226170317,3280.0,2015.0,01,08
1000,Western,Taï,South,Individual 68,08.01.15,2.08125,6,with,Build-Up,Climax,1,2,Feeding,Resting,Resting,2,0.063155,63.155,Taï (South),South (Individual 68),1.1432871625037846,119.96250274957845,short,1.4945555226170317,3280.0,2015.0,01,08
1000,Western,Taï,South,Individual 68,08.01.15,2.08125,6,with,Build-Up,Climax,1,2,Feeding,Resting,Resting,3,0.429282,429.282,Taï (South),South (Individual 68),1.1432871625037846,119.96250274957845,short,1.4945555226170317,3280.0,2015.0,01,08
1000,Western,Taï,South,Individual 68,08.01.15,2.08125,6,with,Build-Up,Climax,1,2,Feeding,Resting,Resting,4,1.333322,1333.322,Taï (South),South (Individual 68),1.1432871625037846,119.96250274957845,long,1.4945555226170317,3280.0,2015.0,01,08
1000,Western,Taï,South,Individual 68,08.01.15,2.08125,6,with,Build-Up,Climax,1,2,Feeding,Resting,Resting,5,0.132052,132.052,Taï (South),South (Individual 68),1.1432871625037846,119.96250274957845,short,1.4945555226170317,3280.0,2015.0,01,08
